2026-08-13 14:33:46.304 +03:00 [INF] Executed DbCommand (18ms) [Parameters=[], CommandType='"Text"', CommandTimeout='30']
CREATE DATABASE `DepoStokDb`;
2026-08-13 14:33:46.522 +03:00 [INF] Executed DbCommand (13ms) [Parameters=[], CommandType='"Text"', CommandTimeout='30']
ALTER DATABASE CHARACTER SET utf8mb4;
2026-08-13 14:33:46.543 +03:00 [INF] Executed DbCommand (18ms) [Parameters=[], CommandType='"Text"', CommandTimeout='30']
CREATE TABLE `Depolar` (
    `Id` int NOT NULL AUTO_INCREMENT,
    `Kod` varchar(30) CHARACTER SET utf8mb4 NOT NULL,
    `Ad` varchar(100) CHARACTER SET utf8mb4 NOT NULL,
    `Sorumlu` varchar(100) CHARACTER SET utf8mb4 NOT NULL,
    `IsActive` tinyint(1) NOT NULL,
    CONSTRAINT `PK_Depolar` PRIMARY KEY (`Id`)
) CHARACTER SET=utf8mb4;
2026-08-13 14:33:46.560 +03:00 [INF] Executed DbCommand (14ms) [Parameters=[], CommandType='"Text"', CommandTimeout='30']
CREATE TABLE `MalzemeGruplari` (
    `Id` int NOT NULL AUTO_INCREMENT,
    `Kod` varchar(30) CHARACTER SET utf8mb4 NOT NULL,
    `Ad` varchar(100) CHARACTER SET utf8mb4 NOT NULL,
    CONSTRAINT `PK_MalzemeGruplari` PRIMARY KEY (`Id`)
) CHARACTER SET=utf8mb4;
2026-08-13 14:33:46.578 +03:00 [INF] Executed DbCommand (16ms) [Parameters=[], CommandType='"Text"', CommandTimeout='30']
CREATE TABLE `Users` (
    `Id` int NOT NULL AUTO_INCREMENT,
    `AdSoyad` varchar(100) CHARACTER SET utf8mb4 NOT NULL,
    `KullaniciAdi` varchar(50) CHARACTER SET utf8mb4 NOT NULL,
    `ParolaHash` longtext CHARACTER SET utf8mb4 NOT NULL,
    `Rol` int NOT NULL,
    `IsActive` tinyint(1) NOT NULL,
    `CreatedAt` datetime(6) NOT NULL,
    CONSTRAINT `PK_Users` PRIMARY KEY (`Id`)
) CHARACTER SET=utf8mb4;
2026-08-13 14:33:46.600 +03:00 [INF] Executed DbCommand (19ms) [Parameters=[], CommandType='"Text"', CommandTimeout='30']
CREATE TABLE `Malzemeler` (
    `Id` int NOT NULL AUTO_INCREMENT,
    `Kod` varchar(50) CHARACTER SET utf8mb4 NOT NULL,
    `Ad` varchar(150) CHARACTER SET utf8mb4 NOT NULL,
    `Birim` varchar(20) CHARACTER SET utf8mb4 NOT NULL,
    `MalzemeGrubuId` int NOT NULL,
    `KritikStokSeviyesi` decimal(18,2) NOT NULL,
    `IsActive` tinyint(1) NOT NULL,
    CONSTRAINT `PK_Malzemeler` PRIMARY KEY (`Id`),
    CONSTRAINT `FK_Malzemeler_MalzemeGruplari_MalzemeGrubuId` FOREIGN KEY (`MalzemeGrubuId`) REFERENCES `MalzemeGruplari` (`Id`) ON DELETE RESTRICT
) CHARACTER SET=utf8mb4;
2026-08-13 14:33:46.630 +03:00 [INF] Executed DbCommand (27ms) [Parameters=[], CommandType='"Text"', CommandTimeout='30']
CREATE TABLE `HareketBasliklari` (
    `Id` int NOT NULL AUTO_INCREMENT,
    `FisNo` varchar(50) CHARACTER SET utf8mb4 NOT NULL,
    `HareketTipi` int NOT NULL,
    `Tarih` datetime(6) NOT NULL,
    `KaynakDepoId` int NULL,
    `HedefDepoId` int NULL,
    `Aciklama` varchar(250) CHARACTER SET utf8mb4 NOT NULL,
    `IsIptal` tinyint(1) NOT NULL,
    `IptalNedeni` varchar(250) CHARACTER SET utf8mb4 NULL,
    `IptalTarihi` datetime(6) NULL,
    `OlusturanKullaniciId` int NOT NULL,
    `CreatedAt` datetime(6) NOT NULL,
    CONSTRAINT `PK_HareketBasliklari` PRIMARY KEY (`Id`),
    CONSTRAINT `FK_HareketBasliklari_Depolar_HedefDepoId` FOREIGN KEY (`HedefDepoId`) REFERENCES `Depolar` (`Id`) ON DELETE RESTRICT,
    CONSTRAINT `FK_HareketBasliklari_Depolar_KaynakDepoId` FOREIGN KEY (`KaynakDepoId`) REFERENCES `Depolar` (`Id`) ON DELETE RESTRICT,
    CONSTRAINT `FK_HareketBasliklari_Users_OlusturanKullaniciId` FOREIGN KEY (`OlusturanKullaniciId`) REFERENCES `Users` (`Id`) ON DELETE RESTRICT
) CHARACTER SET=utf8mb4;
2026-08-13 14:33:46.667 +03:00 [INF] Executed DbCommand (35ms) [Parameters=[], CommandType='"Text"', CommandTimeout='30']
CREATE TABLE `HareketKalemleri` (
    `Id` int NOT NULL AUTO_INCREMENT,
    `HareketBaslikId` int NOT NULL,
    `MalzemeId` int NOT NULL,
    `Miktar` decimal(18,2) NOT NULL,
    `BirimFiyat` decimal(18,2) NOT NULL,
    `SatirAciklamasi` varchar(150) CHARACTER SET utf8mb4 NOT NULL,
    CONSTRAINT `PK_HareketKalemleri` PRIMARY KEY (`Id`),
    CONSTRAINT `FK_HareketKalemleri_HareketBasliklari_HareketBaslikId` FOREIGN KEY (`HareketBaslikId`) REFERENCES `HareketBasliklari` (`Id`) ON DELETE CASCADE,
    CONSTRAINT `FK_HareketKalemleri_Malzemeler_MalzemeId` FOREIGN KEY (`MalzemeId`) REFERENCES `Malzemeler` (`Id`) ON DELETE RESTRICT
) CHARACTER SET=utf8mb4;
2026-08-13 14:33:46.696 +03:00 [INF] Executed DbCommand (27ms) [Parameters=[], CommandType='"Text"', CommandTimeout='30']
CREATE UNIQUE INDEX `IX_Depolar_Kod` ON `Depolar` (`Kod`);
2026-08-13 14:33:46.726 +03:00 [INF] Executed DbCommand (27ms) [Parameters=[], CommandType='"Text"', CommandTimeout='30']
CREATE UNIQUE INDEX `IX_HareketBasliklari_FisNo` ON `HareketBasliklari` (`FisNo`);
2026-08-13 14:33:46.753 +03:00 [INF] Executed DbCommand (24ms) [Parameters=[], CommandType='"Text"', CommandTimeout='30']
CREATE INDEX `IX_HareketBasliklari_HedefDepoId` ON `HareketBasliklari` (`HedefDepoId`);
2026-08-13 14:33:46.776 +03:00 [INF] Executed DbCommand (20ms) [Parameters=[], CommandType='"Text"', CommandTimeout='30']
CREATE INDEX `IX_HareketBasliklari_KaynakDepoId` ON `HareketBasliklari` (`KaynakDepoId`);
2026-08-13 14:33:46.796 +03:00 [INF] Executed DbCommand (18ms) [Parameters=[], CommandType='"Text"', CommandTimeout='30']
CREATE INDEX `IX_HareketBasliklari_OlusturanKullaniciId` ON `HareketBasliklari` (`OlusturanKullaniciId`);
2026-08-13 14:33:46.817 +03:00 [INF] Executed DbCommand (17ms) [Parameters=[], CommandType='"Text"', CommandTimeout='30']
CREATE INDEX `IX_HareketKalemleri_HareketBaslikId` ON `HareketKalemleri` (`HareketBaslikId`);
2026-08-13 14:33:46.832 +03:00 [INF] Executed DbCommand (13ms) [Parameters=[], CommandType='"Text"', CommandTimeout='30']
CREATE INDEX `IX_HareketKalemleri_MalzemeId` ON `HareketKalemleri` (`MalzemeId`);
2026-08-13 14:33:46.849 +03:00 [INF] Executed DbCommand (14ms) [Parameters=[], CommandType='"Text"', CommandTimeout='30']
CREATE UNIQUE INDEX `IX_MalzemeGruplari_Kod` ON `MalzemeGruplari` (`Kod`);
2026-08-13 14:33:46.869 +03:00 [INF] Executed DbCommand (18ms) [Parameters=[], CommandType='"Text"', CommandTimeout='30']
CREATE UNIQUE INDEX `IX_Malzemeler_Kod` ON `Malzemeler` (`Kod`);
2026-08-13 14:33:46.892 +03:00 [INF] Executed DbCommand (20ms) [Parameters=[], CommandType='"Text"', CommandTimeout='30']
CREATE INDEX `IX_Malzemeler_MalzemeGrubuId` ON `Malzemeler` (`MalzemeGrubuId`);
2026-08-13 14:33:46.914 +03:00 [INF] Executed DbCommand (19ms) [Parameters=[], CommandType='"Text"', CommandTimeout='30']
CREATE UNIQUE INDEX `IX_Users_KullaniciAdi` ON `Users` (`KullaniciAdi`);
2026-08-13 14:33:47.167 +03:00 [INF] Executed DbCommand (18ms) [Parameters=[], CommandType='"Text"', CommandTimeout='30']
SELECT EXISTS (
    SELECT 1
    FROM `Users` AS `u`)
2026-08-13 14:33:48.567 +03:00 [INF] Executed DbCommand (38ms) [Parameters=[@p0='?' (Size = 100), @p1='?' (DbType = DateTime), @p2='?' (DbType = Boolean), @p3='?' (Size = 50), @p4='?' (Size = 4000), @p5='?' (DbType = Int32), @p6='?' (Size = 100), @p7='?' (DbType = DateTime), @p8='?' (DbType = Boolean), @p9='?' (Size = 50), @p10='?' (Size = 4000), @p11='?' (DbType = Int32), @p12='?' (Size = 100), @p13='?' (DbType = DateTime), @p14='?' (DbType = Boolean), @p15='?' (Size = 50), @p16='?' (Size = 4000), @p17='?' (DbType = Int32), @p18='?' (Size = 100), @p19='?' (DbType = DateTime), @p20='?' (DbType = Boolean), @p21='?' (Size = 50), @p22='?' (Size = 4000), @p23='?' (DbType = Int32)], CommandType='"Text"', CommandTimeout='30']
INSERT INTO `Users` (`AdSoyad`, `CreatedAt`, `IsActive`, `KullaniciAdi`, `ParolaHash`, `Rol`)
VALUES (@p0, @p1, @p2, @p3, @p4, @p5);
SELECT `Id`
FROM `Users`
WHERE ROW_COUNT() = 1 AND `Id` = LAST_INSERT_ID();

INSERT INTO `Users` (`AdSoyad`, `CreatedAt`, `IsActive`, `KullaniciAdi`, `ParolaHash`, `Rol`)
VALUES (@p6, @p7, @p8, @p9, @p10, @p11);
SELECT `Id`
FROM `Users`
WHERE ROW_COUNT() = 1 AND `Id` = LAST_INSERT_ID();

INSERT INTO `Users` (`AdSoyad`, `CreatedAt`, `IsActive`, `KullaniciAdi`, `ParolaHash`, `Rol`)
VALUES (@p12, @p13, @p14, @p15, @p16, @p17);
SELECT `Id`
FROM `Users`
WHERE ROW_COUNT() = 1 AND `Id` = LAST_INSERT_ID();

INSERT INTO `Users` (`AdSoyad`, `CreatedAt`, `IsActive`, `KullaniciAdi`, `ParolaHash`, `Rol`)
VALUES (@p18, @p19, @p20, @p21, @p22, @p23);
SELECT `Id`
FROM `Users`
WHERE ROW_COUNT() = 1 AND `Id` = LAST_INSERT_ID();
2026-08-13 14:33:48.594 +03:00 [INF] Executed DbCommand (0ms) [Parameters=[], CommandType='"Text"', CommandTimeout='30']
SELECT EXISTS (
    SELECT 1
    FROM `MalzemeGruplari` AS `m`)
2026-08-13 14:33:48.614 +03:00 [INF] Executed DbCommand (1ms) [Parameters=[@p0='?' (Size = 100), @p1='?' (Size = 30), @p2='?' (Size = 100), @p3='?' (Size = 30), @p4='?' (Size = 100), @p5='?' (Size = 30), @p6='?' (Size = 100), @p7='?' (Size = 30), @p8='?' (Size = 100), @p9='?' (Size = 30)], CommandType='"Text"', CommandTimeout='30']
INSERT INTO `MalzemeGruplari` (`Ad`, `Kod`)
VALUES (@p0, @p1);
SELECT `Id`
FROM `MalzemeGruplari`
WHERE ROW_COUNT() = 1 AND `Id` = LAST_INSERT_ID();

INSERT INTO `MalzemeGruplari` (`Ad`, `Kod`)
VALUES (@p2, @p3);
SELECT `Id`
FROM `MalzemeGruplari`
WHERE ROW_COUNT() = 1 AND `Id` = LAST_INSERT_ID();

INSERT INTO `MalzemeGruplari` (`Ad`, `Kod`)
VALUES (@p4, @p5);
SELECT `Id`
FROM `MalzemeGruplari`
WHERE ROW_COUNT() = 1 AND `Id` = LAST_INSERT_ID();

INSERT INTO `MalzemeGruplari` (`Ad`, `Kod`)
VALUES (@p6, @p7);
SELECT `Id`
FROM `MalzemeGruplari`
WHERE ROW_COUNT() = 1 AND `Id` = LAST_INSERT_ID();

INSERT INTO `MalzemeGruplari` (`Ad`, `Kod`)
VALUES (@p8, @p9);
SELECT `Id`
FROM `MalzemeGruplari`
WHERE ROW_COUNT() = 1 AND `Id` = LAST_INSERT_ID();
2026-08-13 14:33:48.625 +03:00 [INF] Executed DbCommand (0ms) [Parameters=[], CommandType='"Text"', CommandTimeout='30']
SELECT EXISTS (
    SELECT 1
    FROM `Depolar` AS `d`)
2026-08-13 14:33:48.651 +03:00 [INF] Executed DbCommand (1ms) [Parameters=[@p0='?' (Size = 100), @p1='?' (DbType = Boolean), @p2='?' (Size = 30), @p3='?' (Size = 100), @p4='?' (Size = 100), @p5='?' (DbType = Boolean), @p6='?' (Size = 30), @p7='?' (Size = 100), @p8='?' (Size = 100), @p9='?' (DbType = Boolean), @p10='?' (Size = 30), @p11='?' (Size = 100), @p12='?' (Size = 100), @p13='?' (DbType = Boolean), @p14='?' (Size = 30), @p15='?' (Size = 100)], CommandType='"Text"', CommandTimeout='30']
INSERT INTO `Depolar` (`Ad`, `IsActive`, `Kod`, `Sorumlu`)
VALUES (@p0, @p1, @p2, @p3);
SELECT `Id`
FROM `Depolar`
WHERE ROW_COUNT() = 1 AND `Id` = LAST_INSERT_ID();

INSERT INTO `Depolar` (`Ad`, `IsActive`, `Kod`, `Sorumlu`)
VALUES (@p4, @p5, @p6, @p7);
SELECT `Id`
FROM `Depolar`
WHERE ROW_COUNT() = 1 AND `Id` = LAST_INSERT_ID();

INSERT INTO `Depolar` (`Ad`, `IsActive`, `Kod`, `Sorumlu`)
VALUES (@p8, @p9, @p10, @p11);
SELECT `Id`
FROM `Depolar`
WHERE ROW_COUNT() = 1 AND `Id` = LAST_INSERT_ID();

INSERT INTO `Depolar` (`Ad`, `IsActive`, `Kod`, `Sorumlu`)
VALUES (@p12, @p13, @p14, @p15);
SELECT `Id`
FROM `Depolar`
WHERE ROW_COUNT() = 1 AND `Id` = LAST_INSERT_ID();
2026-08-13 14:33:48.661 +03:00 [INF] Executed DbCommand (1ms) [Parameters=[], CommandType='"Text"', CommandTimeout='30']
SELECT EXISTS (
    SELECT 1
    FROM `Malzemeler` AS `m`)
2026-08-13 14:33:48.723 +03:00 [INF] Executed DbCommand (1ms) [Parameters=[], CommandType='"Text"', CommandTimeout='30']
SELECT `m`.`Id`, `m`.`Ad`, `m`.`Kod`
FROM `MalzemeGruplari` AS `m`
WHERE `m`.`Kod` = 'GRP-SAYAC'
LIMIT 1
2026-08-13 14:33:48.732 +03:00 [INF] Executed DbCommand (1ms) [Parameters=[], CommandType='"Text"', CommandTimeout='30']
SELECT `m`.`Id`, `m`.`Ad`, `m`.`Kod`
FROM `MalzemeGruplari` AS `m`
WHERE `m`.`Kod` = 'GRP-REG'
LIMIT 1
2026-08-13 14:33:48.738 +03:00 [INF] Executed DbCommand (0ms) [Parameters=[], CommandType='"Text"', CommandTimeout='30']
SELECT `m`.`Id`, `m`.`Ad`, `m`.`Kod`
FROM `MalzemeGruplari` AS `m`
WHERE `m`.`Kod` = 'GRP-BORU'
LIMIT 1
2026-08-13 14:33:48.744 +03:00 [INF] Executed DbCommand (0ms) [Parameters=[], CommandType='"Text"', CommandTimeout='30']
SELECT `m`.`Id`, `m`.`Ad`, `m`.`Kod`
FROM `MalzemeGruplari` AS `m`
WHERE `m`.`Kod` = 'GRP-VANA'
LIMIT 1
2026-08-13 14:33:48.752 +03:00 [INF] Executed DbCommand (1ms) [Parameters=[], CommandType='"Text"', CommandTimeout='30']
SELECT `m`.`Id`, `m`.`Ad`, `m`.`Kod`
FROM `MalzemeGruplari` AS `m`
WHERE `m`.`Kod` = 'GRP-SARF'
LIMIT 1
2026-08-13 14:33:48.808 +03:00 [INF] Executed DbCommand (10ms) [Parameters=[@p0='?' (Size = 150), @p1='?' (Size = 20), @p2='?' (DbType = Boolean), @p3='?' (Size = 50), @p4='?' (DbType = Decimal), @p5='?' (DbType = Int32), @p6='?' (Size = 150), @p7='?' (Size = 20), @p8='?' (DbType = Boolean), @p9='?' (Size = 50), @p10='?' (DbType = Decimal), @p11='?' (DbType = Int32), @p12='?' (Size = 150), @p13='?' (Size = 20), @p14='?' (DbType = Boolean), @p15='?' (Size = 50), @p16='?' (DbType = Decimal), @p17='?' (DbType = Int32), @p18='?' (Size = 150), @p19='?' (Size = 20), @p20='?' (DbType = Boolean), @p21='?' (Size = 50), @p22='?' (DbType = Decimal), @p23='?' (DbType = Int32), @p24='?' (Size = 150), @p25='?' (Size = 20), @p26='?' (DbType = Boolean), @p27='?' (Size = 50), @p28='?' (DbType = Decimal), @p29='?' (DbType = Int32), @p30='?' (Size = 150), @p31='?' (Size = 20), @p32='?' (DbType = Boolean), @p33='?' (Size = 50), @p34='?' (DbType = Decimal), @p35='?' (DbType = Int32), @p36='?' (Size = 150), @p37='?' (Size = 20), @p38='?' (DbType = Boolean), @p39='?' (Size = 50), @p40='?' (DbType = Decimal), @p41='?' (DbType = Int32), @p42='?' (Size = 150), @p43='?' (Size = 20), @p44='?' (DbType = Boolean), @p45='?' (Size = 50), @p46='?' (DbType = Decimal), @p47='?' (DbType = Int32), @p48='?' (Size = 150), @p49='?' (Size = 20), @p50='?' (DbType = Boolean), @p51='?' (Size = 50), @p52='?' (DbType = Decimal), @p53='?' (DbType = Int32), @p54='?' (Size = 150), @p55='?' (Size = 20), @p56='?' (DbType = Boolean), @p57='?' (Size = 50), @p58='?' (DbType = Decimal), @p59='?' (DbType = Int32), @p60='?' (Size = 150), @p61='?' (Size = 20), @p62='?' (DbType = Boolean), @p63='?' (Size = 50), @p64='?' (DbType = Decimal), @p65='?' (DbType = Int32), @p66='?' (Size = 150), @p67='?' (Size = 20), @p68='?' (DbType = Boolean), @p69='?' (Size = 50), @p70='?' (DbType = Decimal), @p71='?' (DbType = Int32), @p72='?' (Size = 150), @p73='?' (Size = 20), @p74='?' (DbType = Boolean), @p75='?' (Size = 50), @p76='?' (DbType = Decimal), @p77='?' (DbType = Int32), @p78='?' (Size = 150), @p79='?' (Size = 20), @p80='?' (DbType = Boolean), @p81='?' (Size = 50), @p82='?' (DbType = Decimal), @p83='?' (DbType = Int32), @p84='?' (Size = 150), @p85='?' (Size = 20), @p86='?' (DbType = Boolean), @p87='?' (Size = 50), @p88='?' (DbType = Decimal), @p89='?' (DbType = Int32), @p90='?' (Size = 150), @p91='?' (Size = 20), @p92='?' (DbType = Boolean), @p93='?' (Size = 50), @p94='?' (DbType = Decimal), @p95='?' (DbType = Int32), @p96='?' (Size = 150), @p97='?' (Size = 20), @p98='?' (DbType = Boolean), @p99='?' (Size = 50), @p100='?' (DbType = Decimal), @p101='?' (DbType = Int32), @p102='?' (Size = 150), @p103='?' (Size = 20), @p104='?' (DbType = Boolean), @p105='?' (Size = 50), @p106='?' (DbType = Decimal), @p107='?' (DbType = Int32), @p108='?' (Size = 150), @p109='?' (Size = 20), @p110='?' (DbType = Boolean), @p111='?' (Size = 50), @p112='?' (DbType = Decimal), @p113='?' (DbType = Int32), @p114='?' (Size = 150), @p115='?' (Size = 20), @p116='?' (DbType = Boolean), @p117='?' (Size = 50), @p118='?' (DbType = Decimal), @p119='?' (DbType = Int32), @p120='?' (Size = 150), @p121='?' (Size = 20), @p122='?' (DbType = Boolean), @p123='?' (Size = 50), @p124='?' (DbType = Decimal), @p125='?' (DbType = Int32), @p126='?' (Size = 150), @p127='?' (Size = 20), @p128='?' (DbType = Boolean), @p129='?' (Size = 50), @p130='?' (DbType = Decimal), @p131='?' (DbType = Int32), @p132='?' (Size = 150), @p133='?' (Size = 20), @p134='?' (DbType = Boolean), @p135='?' (Size = 50), @p136='?' (DbType = Decimal), @p137='?' (DbType = Int32), @p138='?' (Size = 150), @p139='?' (Size = 20), @p140='?' (DbType = Boolean), @p141='?' (Size = 50), @p142='?' (DbType = Decimal), @p143='?' (DbType = Int32), @p144='?' (Size = 150), @p145='?' (Size = 20), @p146='?' (DbType = Boolean), @p147='?' (Size = 50), @p148='?' (DbType = Decimal), @p149='?' (DbType = Int32), @p150='?' (Size = 150), @p151='?' (Size = 20), @p152='?' (DbType = Boolean), @p153='?' (Size = 50), @p154='?' (DbType = Decimal), @p155='?' (DbType = Int32), @p156='?' (Size = 150), @p157='?' (Size = 20), @p158='?' (DbType = Boolean), @p159='?' (Size = 50), @p160='?' (DbType = Decimal), @p161='?' (DbType = Int32), @p162='?' (Size = 150), @p163='?' (Size = 20), @p164='?' (DbType = Boolean), @p165='?' (Size = 50), @p166='?' (DbType = Decimal), @p167='?' (DbType = Int32), @p168='?' (Size = 150), @p169='?' (Size = 20), @p170='?' (DbType = Boolean), @p171='?' (Size = 50), @p172='?' (DbType = Decimal), @p173='?' (DbType = Int32), @p174='?' (Size = 150), @p175='?' (Size = 20), @p176='?' (DbType = Boolean), @p177='?' (Size = 50), @p178='?' (DbType = Decimal), @p179='?' (DbType = Int32), @p180='?' (Size = 150), @p181='?' (Size = 20), @p182='?' (DbType = Boolean), @p183='?' (Size = 50), @p184='?' (DbType = Decimal), @p185='?' (DbType = Int32), @p186='?' (Size = 150), @p187='?' (Size = 20), @p188='?' (DbType = Boolean), @p189='?' (Size = 50), @p190='?' (DbType = Decimal), @p191='?' (DbType = Int32), @p192='?' (Size = 150), @p193='?' (Size = 20), @p194='?' (DbType = Boolean), @p195='?' (Size = 50), @p196='?' (DbType = Decimal), @p197='?' (DbType = Int32), @p198='?' (Size = 150), @p199='?' (Size = 20), @p200='?' (DbType = Boolean), @p201='?' (Size = 50), @p202='?' (DbType = Decimal), @p203='?' (DbType = Int32), @p204='?' (Size = 150), @p205='?' (Size = 20), @p206='?' (DbType = Boolean), @p207='?' (Size = 50), @p208='?' (DbType = Decimal), @p209='?' (DbType = Int32), @p210='?' (Size = 150), @p211='?' (Size = 20), @p212='?' (DbType = Boolean), @p213='?' (Size = 50), @p214='?' (DbType = Decimal), @p215='?' (DbType = Int32), @p216='?' (Size = 150), @p217='?' (Size = 20), @p218='?' (DbType = Boolean), @p219='?' (Size = 50), @p220='?' (DbType = Decimal), @p221='?' (DbType = Int32), @p222='?' (Size = 150), @p223='?' (Size = 20), @p224='?' (DbType = Boolean), @p225='?' (Size = 50), @p226='?' (DbType = Decimal), @p227='?' (DbType = Int32), @p228='?' (Size = 150), @p229='?' (Size = 20), @p230='?' (DbType = Boolean), @p231='?' (Size = 50), @p232='?' (DbType = Decimal), @p233='?' (DbType = Int32), @p234='?' (Size = 150), @p235='?' (Size = 20), @p236='?' (DbType = Boolean), @p237='?' (Size = 50), @p238='?' (DbType = Decimal), @p239='?' (DbType = Int32), @p240='?' (Size = 150), @p241='?' (Size = 20), @p242='?' (DbType = Boolean), @p243='?' (Size = 50), @p244='?' (DbType = Decimal), @p245='?' (DbType = Int32), @p246='?' (Size = 150), @p247='?' (Size = 20), @p248='?' (DbType = Boolean), @p249='?' (Size = 50), @p250='?' (DbType = Decimal), @p251='?' (DbType = Int32)], CommandType='"Text"', CommandTimeout='30']
INSERT INTO `Malzemeler` (`Ad`, `Birim`, `IsActive`, `Kod`, `KritikStokSeviyesi`, `MalzemeGrubuId`)
VALUES (@p0, @p1, @p2, @p3, @p4, @p5);
SELECT `Id`
FROM `Malzemeler`
WHERE ROW_COUNT() = 1 AND `Id` = LAST_INSERT_ID();

INSERT INTO `Malzemeler` (`Ad`, `Birim`, `IsActive`, `Kod`, `KritikStokSeviyesi`, `MalzemeGrubuId`)
VALUES (@p6, @p7, @p8, @p9, @p10, @p11);
SELECT `Id`
FROM `Malzemeler`
WHERE ROW_COUNT() = 1 AND `Id` = LAST_INSERT_ID();

INSERT INTO `Malzemeler` (`Ad`, `Birim`, `IsActive`, `Kod`, `KritikStokSeviyesi`, `MalzemeGrubuId`)
VALUES (@p12, @p13, @p14, @p15, @p16, @p17);
SELECT `Id`
FROM `Malzemeler`
WHERE ROW_COUNT() = 1 AND `Id` = LAST_INSERT_ID();

INSERT INTO `Malzemeler` (`Ad`, `Birim`, `IsActive`, `Kod`, `KritikStokSeviyesi`, `MalzemeGrubuId`)
VALUES (@p18, @p19, @p20, @p21, @p22, @p23);
SELECT `Id`
FROM `Malzemeler`
WHERE ROW_COUNT() = 1 AND `Id` = LAST_INSERT_ID();

INSERT INTO `Malzemeler` (`Ad`, `Birim`, `IsActive`, `Kod`, `KritikStokSeviyesi`, `MalzemeGrubuId`)
VALUES (@p24, @p25, @p26, @p27, @p28, @p29);
SELECT `Id`
FROM `Malzemeler`
WHERE ROW_COUNT() = 1 AND `Id` = LAST_INSERT_ID();

INSERT INTO `Malzemeler` (`Ad`, `Birim`, `IsActive`, `Kod`, `KritikStokSeviyesi`, `MalzemeGrubuId`)
VALUES (@p30, @p31, @p32, @p33, @p34, @p35);
SELECT `Id`
FROM `Malzemeler`
WHERE ROW_COUNT() = 1 AND `Id` = LAST_INSERT_ID();

INSERT INTO `Malzemeler` (`Ad`, `Birim`, `IsActive`, `Kod`, `KritikStokSeviyesi`, `MalzemeGrubuId`)
VALUES (@p36, @p37, @p38, @p39, @p40, @p41);
SELECT `Id`
FROM `Malzemeler`
WHERE ROW_COUNT() = 1 AND `Id` = LAST_INSERT_ID();

INSERT INTO `Malzemeler` (`Ad`, `Birim`, `IsActive`, `Kod`, `KritikStokSeviyesi`, `MalzemeGrubuId`)
VALUES (@p42, @p43, @p44, @p45, @p46, @p47);
SELECT `Id`
FROM `Malzemeler`
WHERE ROW_COUNT() = 1 AND `Id` = LAST_INSERT_ID();

INSERT INTO `Malzemeler` (`Ad`, `Birim`, `IsActive`, `Kod`, `KritikStokSeviyesi`, `MalzemeGrubuId`)
VALUES (@p48, @p49, @p50, @p51, @p52, @p53);
SELECT `Id`
FROM `Malzemeler`
WHERE ROW_COUNT() = 1 AND `Id` = LAST_INSERT_ID();

INSERT INTO `Malzemeler` (`Ad`, `Birim`, `IsActive`, `Kod`, `KritikStokSeviyesi`, `MalzemeGrubuId`)
VALUES (@p54, @p55, @p56, @p57, @p58, @p59);
SELECT `Id`
FROM `Malzemeler`
WHERE ROW_COUNT() = 1 AND `Id` = LAST_INSERT_ID();

INSERT INTO `Malzemeler` (`Ad`, `Birim`, `IsActive`, `Kod`, `KritikStokSeviyesi`, `MalzemeGrubuId`)
VALUES (@p60, @p61, @p62, @p63, @p64, @p65);
SELECT `Id`
FROM `Malzemeler`
WHERE ROW_COUNT() = 1 AND `Id` = LAST_INSERT_ID();

INSERT INTO `Malzemeler` (`Ad`, `Birim`, `IsActive`, `Kod`, `KritikStokSeviyesi`, `MalzemeGrubuId`)
VALUES (@p66, @p67, @p68, @p69, @p70, @p71);
SELECT `Id`
FROM `Malzemeler`
WHERE ROW_COUNT() = 1 AND `Id` = LAST_INSERT_ID();

INSERT INTO `Malzemeler` (`Ad`, `Birim`, `IsActive`, `Kod`, `KritikStokSeviyesi`, `MalzemeGrubuId`)
VALUES (@p72, @p73, @p74, @p75, @p76, @p77);
SELECT `Id`
FROM `Malzemeler`
WHERE ROW_COUNT() = 1 AND `Id` = LAST_INSERT_ID();

INSERT INTO `Malzemeler` (`Ad`, `Birim`, `IsActive`, `Kod`, `KritikStokSeviyesi`, `MalzemeGrubuId`)
VALUES (@p78, @p79, @p80, @p81, @p82, @p83);
SELECT `Id`
FROM `Malzemeler`
WHERE ROW_COUNT() = 1 AND `Id` = LAST_INSERT_ID();

INSERT INTO `Malzemeler` (`Ad`, `Birim`, `IsActive`, `Kod`, `KritikStokSeviyesi`, `MalzemeGrubuId`)
VALUES (@p84, @p85, @p86, @p87, @p88, @p89);
SELECT `Id`
FROM `Malzemeler`
WHERE ROW_COUNT() = 1 AND `Id` = LAST_INSERT_ID();

INSERT INTO `Malzemeler` (`Ad`, `Birim`, `IsActive`, `Kod`, `KritikStokSeviyesi`, `MalzemeGrubuId`)
VALUES (@p90, @p91, @p92, @p93, @p94, @p95);
SELECT `Id`
FROM `Malzemeler`
WHERE ROW_COUNT() = 1 AND `Id` = LAST_INSERT_ID();

INSERT INTO `Malzemeler` (`Ad`, `Birim`, `IsActive`, `Kod`, `KritikStokSeviyesi`, `MalzemeGrubuId`)
VALUES (@p96, @p97, @p98, @p99, @p100, @p101);
SELECT `Id`
FROM `Malzemeler`
WHERE ROW_COUNT() = 1 AND `Id` = LAST_INSERT_ID();

INSERT INTO `Malzemeler` (`Ad`, `Birim`, `IsActive`, `Kod`, `KritikStokSeviyesi`, `MalzemeGrubuId`)
VALUES (@p102, @p103, @p104, @p105, @p106, @p107);
SELECT `Id`
FROM `Malzemeler`
WHERE ROW_COUNT() = 1 AND `Id` = LAST_INSERT_ID();

INSERT INTO `Malzemeler` (`Ad`, `Birim`, `IsActive`, `Kod`, `KritikStokSeviyesi`, `MalzemeGrubuId`)
VALUES (@p108, @p109, @p110, @p111, @p112, @p113);
SELECT `Id`
FROM `Malzemeler`
WHERE ROW_COUNT() = 1 AND `Id` = LAST_INSERT_ID();

INSERT INTO `Malzemeler` (`Ad`, `Birim`, `IsActive`, `Kod`, `KritikStokSeviyesi`, `MalzemeGrubuId`)
VALUES (@p114, @p115, @p116, @p117, @p118, @p119);
SELECT `Id`
FROM `Malzemeler`
WHERE ROW_COUNT() = 1 AND `Id` = LAST_INSERT_ID();

INSERT INTO `Malzemeler` (`Ad`, `Birim`, `IsActive`, `Kod`, `KritikStokSeviyesi`, `MalzemeGrubuId`)
VALUES (@p120, @p121, @p122, @p123, @p124, @p125);
SELECT `Id`
FROM `Malzemeler`
WHERE ROW_COUNT() = 1 AND `Id` = LAST_INSERT_ID();

INSERT INTO `Malzemeler` (`Ad`, `Birim`, `IsActive`, `Kod`, `KritikStokSeviyesi`, `MalzemeGrubuId`)
VALUES (@p126, @p127, @p128, @p129, @p130, @p131);
SELECT `Id`
FROM `Malzemeler`
WHERE ROW_COUNT() = 1 AND `Id` = LAST_INSERT_ID();

INSERT INTO `Malzemeler` (`Ad`, `Birim`, `IsActive`, `Kod`, `KritikStokSeviyesi`, `MalzemeGrubuId`)
VALUES (@p132, @p133, @p134, @p135, @p136, @p137);
SELECT `Id`
FROM `Malzemeler`
WHERE ROW_COUNT() = 1 AND `Id` = LAST_INSERT_ID();

INSERT INTO `Malzemeler` (`Ad`, `Birim`, `IsActive`, `Kod`, `KritikStokSeviyesi`, `MalzemeGrubuId`)
VALUES (@p138, @p139, @p140, @p141, @p142, @p143);
SELECT `Id`
FROM `Malzemeler`
WHERE ROW_COUNT() = 1 AND `Id` = LAST_INSERT_ID();

INSERT INTO `Malzemeler` (`Ad`, `Birim`, `IsActive`, `Kod`, `KritikStokSeviyesi`, `MalzemeGrubuId`)
VALUES (@p144, @p145, @p146, @p147, @p148, @p149);
SELECT `Id`
FROM `Malzemeler`
WHERE ROW_COUNT() = 1 AND `Id` = LAST_INSERT_ID();

INSERT INTO `Malzemeler` (`Ad`, `Birim`, `IsActive`, `Kod`, `KritikStokSeviyesi`, `MalzemeGrubuId`)
VALUES (@p150, @p151, @p152, @p153, @p154, @p155);
SELECT `Id`
FROM `Malzemeler`
WHERE ROW_COUNT() = 1 AND `Id` = LAST_INSERT_ID();

INSERT INTO `Malzemeler` (`Ad`, `Birim`, `IsActive`, `Kod`, `KritikStokSeviyesi`, `MalzemeGrubuId`)
VALUES (@p156, @p157, @p158, @p159, @p160, @p161);
SELECT `Id`
FROM `Malzemeler`
WHERE ROW_COUNT() = 1 AND `Id` = LAST_INSERT_ID();

INSERT INTO `Malzemeler` (`Ad`, `Birim`, `IsActive`, `Kod`, `KritikStokSeviyesi`, `MalzemeGrubuId`)
VALUES (@p162, @p163, @p164, @p165, @p166, @p167);
SELECT `Id`
FROM `Malzemeler`
WHERE ROW_COUNT() = 1 AND `Id` = LAST_INSERT_ID();

INSERT INTO `Malzemeler` (`Ad`, `Birim`, `IsActive`, `Kod`, `KritikStokSeviyesi`, `MalzemeGrubuId`)
VALUES (@p168, @p169, @p170, @p171, @p172, @p173);
SELECT `Id`
FROM `Malzemeler`
WHERE ROW_COUNT() = 1 AND `Id` = LAST_INSERT_ID();

INSERT INTO `Malzemeler` (`Ad`, `Birim`, `IsActive`, `Kod`, `KritikStokSeviyesi`, `MalzemeGrubuId`)
VALUES (@p174, @p175, @p176, @p177, @p178, @p179);
SELECT `Id`
FROM `Malzemeler`
WHERE ROW_COUNT() = 1 AND `Id` = LAST_INSERT_ID();

INSERT INTO `Malzemeler` (`Ad`, `Birim`, `IsActive`, `Kod`, `KritikStokSeviyesi`, `MalzemeGrubuId`)
VALUES (@p180, @p181, @p182, @p183, @p184, @p185);
SELECT `Id`
FROM `Malzemeler`
WHERE ROW_COUNT() = 1 AND `Id` = LAST_INSERT_ID();

INSERT INTO `Malzemeler` (`Ad`, `Birim`, `IsActive`, `Kod`, `KritikStokSeviyesi`, `MalzemeGrubuId`)
VALUES (@p186, @p187, @p188, @p189, @p190, @p191);
SELECT `Id`
FROM `Malzemeler`
WHERE ROW_COUNT() = 1 AND `Id` = LAST_INSERT_ID();

INSERT INTO `Malzemeler` (`Ad`, `Birim`, `IsActive`, `Kod`, `KritikStokSeviyesi`, `MalzemeGrubuId`)
VALUES (@p192, @p193, @p194, @p195, @p196, @p197);
SELECT `Id`
FROM `Malzemeler`
WHERE ROW_COUNT() = 1 AND `Id` = LAST_INSERT_ID();

INSERT INTO `Malzemeler` (`Ad`, `Birim`, `IsActive`, `Kod`, `KritikStokSeviyesi`, `MalzemeGrubuId`)
VALUES (@p198, @p199, @p200, @p201, @p202, @p203);
SELECT `Id`
FROM `Malzemeler`
WHERE ROW_COUNT() = 1 AND `Id` = LAST_INSERT_ID();

INSERT INTO `Malzemeler` (`Ad`, `Birim`, `IsActive`, `Kod`, `KritikStokSeviyesi`, `MalzemeGrubuId`)
VALUES (@p204, @p205, @p206, @p207, @p208, @p209);
SELECT `Id`
FROM `Malzemeler`
WHERE ROW_COUNT() = 1 AND `Id` = LAST_INSERT_ID();

INSERT INTO `Malzemeler` (`Ad`, `Birim`, `IsActive`, `Kod`, `KritikStokSeviyesi`, `MalzemeGrubuId`)
VALUES (@p210, @p211, @p212, @p213, @p214, @p215);
SELECT `Id`
FROM `Malzemeler`
WHERE ROW_COUNT() = 1 AND `Id` = LAST_INSERT_ID();

INSERT INTO `Malzemeler` (`Ad`, `Birim`, `IsActive`, `Kod`, `KritikStokSeviyesi`, `MalzemeGrubuId`)
VALUES (@p216, @p217, @p218, @p219, @p220, @p221);
SELECT `Id`
FROM `Malzemeler`
WHERE ROW_COUNT() = 1 AND `Id` = LAST_INSERT_ID();

INSERT INTO `Malzemeler` (`Ad`, `Birim`, `IsActive`, `Kod`, `KritikStokSeviyesi`, `MalzemeGrubuId`)
VALUES (@p222, @p223, @p224, @p225, @p226, @p227);
SELECT `Id`
FROM `Malzemeler`
WHERE ROW_COUNT() = 1 AND `Id` = LAST_INSERT_ID();

INSERT INTO `Malzemeler` (`Ad`, `Birim`, `IsActive`, `Kod`, `KritikStokSeviyesi`, `MalzemeGrubuId`)
VALUES (@p228, @p229, @p230, @p231, @p232, @p233);
SELECT `Id`
FROM `Malzemeler`
WHERE ROW_COUNT() = 1 AND `Id` = LAST_INSERT_ID();

INSERT INTO `Malzemeler` (`Ad`, `Birim`, `IsActive`, `Kod`, `KritikStokSeviyesi`, `MalzemeGrubuId`)
VALUES (@p234, @p235, @p236, @p237, @p238, @p239);
SELECT `Id`
FROM `Malzemeler`
WHERE ROW_COUNT() = 1 AND `Id` = LAST_INSERT_ID();

INSERT INTO `Malzemeler` (`Ad`, `Birim`, `IsActive`, `Kod`, `KritikStokSeviyesi`, `MalzemeGrubuId`)
VALUES (@p240, @p241, @p242, @p243, @p244, @p245);
SELECT `Id`
FROM `Malzemeler`
WHERE ROW_COUNT() = 1 AND `Id` = LAST_INSERT_ID();

INSERT INTO `Malzemeler` (`Ad`, `Birim`, `IsActive`, `Kod`, `KritikStokSeviyesi`, `MalzemeGrubuId`)
VALUES (@p246, @p247, @p248, @p249, @p250, @p251);
SELECT `Id`
FROM `Malzemeler`
WHERE ROW_COUNT() = 1 AND `Id` = LAST_INSERT_ID();
2026-08-13 14:33:48.827 +03:00 [INF] Executed DbCommand (1ms) [Parameters=[@p0='?' (Size = 150), @p1='?' (Size = 20), @p2='?' (DbType = Boolean), @p3='?' (Size = 50), @p4='?' (DbType = Decimal), @p5='?' (DbType = Int32), @p6='?' (Size = 150), @p7='?' (Size = 20), @p8='?' (DbType = Boolean), @p9='?' (Size = 50), @p10='?' (DbType = Decimal), @p11='?' (DbType = Int32), @p12='?' (Size = 150), @p13='?' (Size = 20), @p14='?' (DbType = Boolean), @p15='?' (Size = 50), @p16='?' (DbType = Decimal), @p17='?' (DbType = Int32), @p18='?' (Size = 150), @p19='?' (Size = 20), @p20='?' (DbType = Boolean), @p21='?' (Size = 50), @p22='?' (DbType = Decimal), @p23='?' (DbType = Int32), @p24='?' (Size = 150), @p25='?' (Size = 20), @p26='?' (DbType = Boolean), @p27='?' (Size = 50), @p28='?' (DbType = Decimal), @p29='?' (DbType = Int32), @p30='?' (Size = 150), @p31='?' (Size = 20), @p32='?' (DbType = Boolean), @p33='?' (Size = 50), @p34='?' (DbType = Decimal), @p35='?' (DbType = Int32), @p36='?' (Size = 150), @p37='?' (Size = 20), @p38='?' (DbType = Boolean), @p39='?' (Size = 50), @p40='?' (DbType = Decimal), @p41='?' (DbType = Int32), @p42='?' (Size = 150), @p43='?' (Size = 20), @p44='?' (DbType = Boolean), @p45='?' (Size = 50), @p46='?' (DbType = Decimal), @p47='?' (DbType = Int32), @p48='?' (Size = 150), @p49='?' (Size = 20), @p50='?' (DbType = Boolean), @p51='?' (Size = 50), @p52='?' (DbType = Decimal), @p53='?' (DbType = Int32), @p54='?' (Size = 150), @p55='?' (Size = 20), @p56='?' (DbType = Boolean), @p57='?' (Size = 50), @p58='?' (DbType = Decimal), @p59='?' (DbType = Int32), @p60='?' (Size = 150), @p61='?' (Size = 20), @p62='?' (DbType = Boolean), @p63='?' (Size = 50), @p64='?' (DbType = Decimal), @p65='?' (DbType = Int32), @p66='?' (Size = 150), @p67='?' (Size = 20), @p68='?' (DbType = Boolean), @p69='?' (Size = 50), @p70='?' (DbType = Decimal), @p71='?' (DbType = Int32), @p72='?' (Size = 150), @p73='?' (Size = 20), @p74='?' (DbType = Boolean), @p75='?' (Size = 50), @p76='?' (DbType = Decimal), @p77='?' (DbType = Int32), @p78='?' (Size = 150), @p79='?' (Size = 20), @p80='?' (DbType = Boolean), @p81='?' (Size = 50), @p82='?' (DbType = Decimal), @p83='?' (DbType = Int32), @p84='?' (Size = 150), @p85='?' (Size = 20), @p86='?' (DbType = Boolean), @p87='?' (Size = 50), @p88='?' (DbType = Decimal), @p89='?' (DbType = Int32), @p90='?' (Size = 150), @p91='?' (Size = 20), @p92='?' (DbType = Boolean), @p93='?' (Size = 50), @p94='?' (DbType = Decimal), @p95='?' (DbType = Int32), @p96='?' (Size = 150), @p97='?' (Size = 20), @p98='?' (DbType = Boolean), @p99='?' (Size = 50), @p100='?' (DbType = Decimal), @p101='?' (DbType = Int32), @p102='?' (Size = 150), @p103='?' (Size = 20), @p104='?' (DbType = Boolean), @p105='?' (Size = 50), @p106='?' (DbType = Decimal), @p107='?' (DbType = Int32), @p108='?' (Size = 150), @p109='?' (Size = 20), @p110='?' (DbType = Boolean), @p111='?' (Size = 50), @p112='?' (DbType = Decimal), @p113='?' (DbType = Int32), @p114='?' (Size = 150), @p115='?' (Size = 20), @p116='?' (DbType = Boolean), @p117='?' (Size = 50), @p118='?' (DbType = Decimal), @p119='?' (DbType = Int32), @p120='?' (Size = 150), @p121='?' (Size = 20), @p122='?' (DbType = Boolean), @p123='?' (Size = 50), @p124='?' (DbType = Decimal), @p125='?' (DbType = Int32), @p126='?' (Size = 150), @p127='?' (Size = 20), @p128='?' (DbType = Boolean), @p129='?' (Size = 50), @p130='?' (DbType = Decimal), @p131='?' (DbType = Int32), @p132='?' (Size = 150), @p133='?' (Size = 20), @p134='?' (DbType = Boolean), @p135='?' (Size = 50), @p136='?' (DbType = Decimal), @p137='?' (DbType = Int32), @p138='?' (Size = 150), @p139='?' (Size = 20), @p140='?' (DbType = Boolean), @p141='?' (Size = 50), @p142='?' (DbType = Decimal), @p143='?' (DbType = Int32), @p144='?' (Size = 150), @p145='?' (Size = 20), @p146='?' (DbType = Boolean), @p147='?' (Size = 50), @p148='?' (DbType = Decimal), @p149='?' (DbType = Int32), @p150='?' (Size = 150), @p151='?' (Size = 20), @p152='?' (DbType = Boolean), @p153='?' (Size = 50), @p154='?' (DbType = Decimal), @p155='?' (DbType = Int32), @p156='?' (Size = 150), @p157='?' (Size = 20), @p158='?' (DbType = Boolean), @p159='?' (Size = 50), @p160='?' (DbType = Decimal), @p161='?' (DbType = Int32), @p162='?' (Size = 150), @p163='?' (Size = 20), @p164='?' (DbType = Boolean), @p165='?' (Size = 50), @p166='?' (DbType = Decimal), @p167='?' (DbType = Int32), @p168='?' (Size = 150), @p169='?' (Size = 20), @p170='?' (DbType = Boolean), @p171='?' (Size = 50), @p172='?' (DbType = Decimal), @p173='?' (DbType = Int32), @p174='?' (Size = 150), @p175='?' (Size = 20), @p176='?' (DbType = Boolean), @p177='?' (Size = 50), @p178='?' (DbType = Decimal), @p179='?' (DbType = Int32), @p180='?' (Size = 150), @p181='?' (Size = 20), @p182='?' (DbType = Boolean), @p183='?' (Size = 50), @p184='?' (DbType = Decimal), @p185='?' (DbType = Int32), @p186='?' (Size = 150), @p187='?' (Size = 20), @p188='?' (DbType = Boolean), @p189='?' (Size = 50), @p190='?' (DbType = Decimal), @p191='?' (DbType = Int32), @p192='?' (Size = 150), @p193='?' (Size = 20), @p194='?' (DbType = Boolean), @p195='?' (Size = 50), @p196='?' (DbType = Decimal), @p197='?' (DbType = Int32), @p198='?' (Size = 150), @p199='?' (Size = 20), @p200='?' (DbType = Boolean), @p201='?' (Size = 50), @p202='?' (DbType = Decimal), @p203='?' (DbType = Int32), @p204='?' (Size = 150), @p205='?' (Size = 20), @p206='?' (DbType = Boolean), @p207='?' (Size = 50), @p208='?' (DbType = Decimal), @p209='?' (DbType = Int32), @p210='?' (Size = 150), @p211='?' (Size = 20), @p212='?' (DbType = Boolean), @p213='?' (Size = 50), @p214='?' (DbType = Decimal), @p215='?' (DbType = Int32), @p216='?' (Size = 150), @p217='?' (Size = 20), @p218='?' (DbType = Boolean), @p219='?' (Size = 50), @p220='?' (DbType = Decimal), @p221='?' (DbType = Int32), @p222='?' (Size = 150), @p223='?' (Size = 20), @p224='?' (DbType = Boolean), @p225='?' (Size = 50), @p226='?' (DbType = Decimal), @p227='?' (DbType = Int32), @p228='?' (Size = 150), @p229='?' (Size = 20), @p230='?' (DbType = Boolean), @p231='?' (Size = 50), @p232='?' (DbType = Decimal), @p233='?' (DbType = Int32), @p234='?' (Size = 150), @p235='?' (Size = 20), @p236='?' (DbType = Boolean), @p237='?' (Size = 50), @p238='?' (DbType = Decimal), @p239='?' (DbType = Int32), @p240='?' (Size = 150), @p241='?' (Size = 20), @p242='?' (DbType = Boolean), @p243='?' (Size = 50), @p244='?' (DbType = Decimal), @p245='?' (DbType = Int32), @p246='?' (Size = 150), @p247='?' (Size = 20), @p248='?' (DbType = Boolean), @p249='?' (Size = 50), @p250='?' (DbType = Decimal), @p251='?' (DbType = Int32)], CommandType='"Text"', CommandTimeout='30']
INSERT INTO `Malzemeler` (`Ad`, `Birim`, `IsActive`, `Kod`, `KritikStokSeviyesi`, `MalzemeGrubuId`)
VALUES (@p0, @p1, @p2, @p3, @p4, @p5);
SELECT `Id`
FROM `Malzemeler`
WHERE ROW_COUNT() = 1 AND `Id` = LAST_INSERT_ID();

INSERT INTO `Malzemeler` (`Ad`, `Birim`, `IsActive`, `Kod`, `KritikStokSeviyesi`, `MalzemeGrubuId`)
VALUES (@p6, @p7, @p8, @p9, @p10, @p11);
SELECT `Id`
FROM `Malzemeler`
WHERE ROW_COUNT() = 1 AND `Id` = LAST_INSERT_ID();

INSERT INTO `Malzemeler` (`Ad`, `Birim`, `IsActive`, `Kod`, `KritikStokSeviyesi`, `MalzemeGrubuId`)
VALUES (@p12, @p13, @p14, @p15, @p16, @p17);
SELECT `Id`
FROM `Malzemeler`
WHERE ROW_COUNT() = 1 AND `Id` = LAST_INSERT_ID();

INSERT INTO `Malzemeler` (`Ad`, `Birim`, `IsActive`, `Kod`, `KritikStokSeviyesi`, `MalzemeGrubuId`)
VALUES (@p18, @p19, @p20, @p21, @p22, @p23);
SELECT `Id`
FROM `Malzemeler`
WHERE ROW_COUNT() = 1 AND `Id` = LAST_INSERT_ID();

INSERT INTO `Malzemeler` (`Ad`, `Birim`, `IsActive`, `Kod`, `KritikStokSeviyesi`, `MalzemeGrubuId`)
VALUES (@p24, @p25, @p26, @p27, @p28, @p29);
SELECT `Id`
FROM `Malzemeler`
WHERE ROW_COUNT() = 1 AND `Id` = LAST_INSERT_ID();

INSERT INTO `Malzemeler` (`Ad`, `Birim`, `IsActive`, `Kod`, `KritikStokSeviyesi`, `MalzemeGrubuId`)
VALUES (@p30, @p31, @p32, @p33, @p34, @p35);
SELECT `Id`
FROM `Malzemeler`
WHERE ROW_COUNT() = 1 AND `Id` = LAST_INSERT_ID();

INSERT INTO `Malzemeler` (`Ad`, `Birim`, `IsActive`, `Kod`, `KritikStokSeviyesi`, `MalzemeGrubuId`)
VALUES (@p36, @p37, @p38, @p39, @p40, @p41);
SELECT `Id`
FROM `Malzemeler`
WHERE ROW_COUNT() = 1 AND `Id` = LAST_INSERT_ID();

INSERT INTO `Malzemeler` (`Ad`, `Birim`, `IsActive`, `Kod`, `KritikStokSeviyesi`, `MalzemeGrubuId`)
VALUES (@p42, @p43, @p44, @p45, @p46, @p47);
SELECT `Id`
FROM `Malzemeler`
WHERE ROW_COUNT() = 1 AND `Id` = LAST_INSERT_ID();

INSERT INTO `Malzemeler` (`Ad`, `Birim`, `IsActive`, `Kod`, `KritikStokSeviyesi`, `MalzemeGrubuId`)
VALUES (@p48, @p49, @p50, @p51, @p52, @p53);
SELECT `Id`
FROM `Malzemeler`
WHERE ROW_COUNT() = 1 AND `Id` = LAST_INSERT_ID();

INSERT INTO `Malzemeler` (`Ad`, `Birim`, `IsActive`, `Kod`, `KritikStokSeviyesi`, `MalzemeGrubuId`)
VALUES (@p54, @p55, @p56, @p57, @p58, @p59);
SELECT `Id`
FROM `Malzemeler`
WHERE ROW_COUNT() = 1 AND `Id` = LAST_INSERT_ID();

INSERT INTO `Malzemeler` (`Ad`, `Birim`, `IsActive`, `Kod`, `KritikStokSeviyesi`, `MalzemeGrubuId`)
VALUES (@p60, @p61, @p62, @p63, @p64, @p65);
SELECT `Id`
FROM `Malzemeler`
WHERE ROW_COUNT() = 1 AND `Id` = LAST_INSERT_ID();

INSERT INTO `Malzemeler` (`Ad`, `Birim`, `IsActive`, `Kod`, `KritikStokSeviyesi`, `MalzemeGrubuId`)
VALUES (@p66, @p67, @p68, @p69, @p70, @p71);
SELECT `Id`
FROM `Malzemeler`
WHERE ROW_COUNT() = 1 AND `Id` = LAST_INSERT_ID();

INSERT INTO `Malzemeler` (`Ad`, `Birim`, `IsActive`, `Kod`, `KritikStokSeviyesi`, `MalzemeGrubuId`)
VALUES (@p72, @p73, @p74, @p75, @p76, @p77);
SELECT `Id`
FROM `Malzemeler`
WHERE ROW_COUNT() = 1 AND `Id` = LAST_INSERT_ID();

INSERT INTO `Malzemeler` (`Ad`, `Birim`, `IsActive`, `Kod`, `KritikStokSeviyesi`, `MalzemeGrubuId`)
VALUES (@p78, @p79, @p80, @p81, @p82, @p83);
SELECT `Id`
FROM `Malzemeler`
WHERE ROW_COUNT() = 1 AND `Id` = LAST_INSERT_ID();

INSERT INTO `Malzemeler` (`Ad`, `Birim`, `IsActive`, `Kod`, `KritikStokSeviyesi`, `MalzemeGrubuId`)
VALUES (@p84, @p85, @p86, @p87, @p88, @p89);
SELECT `Id`
FROM `Malzemeler`
WHERE ROW_COUNT() = 1 AND `Id` = LAST_INSERT_ID();

INSERT INTO `Malzemeler` (`Ad`, `Birim`, `IsActive`, `Kod`, `KritikStokSeviyesi`, `MalzemeGrubuId`)
VALUES (@p90, @p91, @p92, @p93, @p94, @p95);
SELECT `Id`
FROM `Malzemeler`
WHERE ROW_COUNT() = 1 AND `Id` = LAST_INSERT_ID();

INSERT INTO `Malzemeler` (`Ad`, `Birim`, `IsActive`, `Kod`, `KritikStokSeviyesi`, `MalzemeGrubuId`)
VALUES (@p96, @p97, @p98, @p99, @p100, @p101);
SELECT `Id`
FROM `Malzemeler`
WHERE ROW_COUNT() = 1 AND `Id` = LAST_INSERT_ID();

INSERT INTO `Malzemeler` (`Ad`, `Birim`, `IsActive`, `Kod`, `KritikStokSeviyesi`, `MalzemeGrubuId`)
VALUES (@p102, @p103, @p104, @p105, @p106, @p107);
SELECT `Id`
FROM `Malzemeler`
WHERE ROW_COUNT() = 1 AND `Id` = LAST_INSERT_ID();

INSERT INTO `Malzemeler` (`Ad`, `Birim`, `IsActive`, `Kod`, `KritikStokSeviyesi`, `MalzemeGrubuId`)
VALUES (@p108, @p109, @p110, @p111, @p112, @p113);
SELECT `Id`
FROM `Malzemeler`
WHERE ROW_COUNT() = 1 AND `Id` = LAST_INSERT_ID();

INSERT INTO `Malzemeler` (`Ad`, `Birim`, `IsActive`, `Kod`, `KritikStokSeviyesi`, `MalzemeGrubuId`)
VALUES (@p114, @p115, @p116, @p117, @p118, @p119);
SELECT `Id`
FROM `Malzemeler`
WHERE ROW_COUNT() = 1 AND `Id` = LAST_INSERT_ID();

INSERT INTO `Malzemeler` (`Ad`, `Birim`, `IsActive`, `Kod`, `KritikStokSeviyesi`, `MalzemeGrubuId`)
VALUES (@p120, @p121, @p122, @p123, @p124, @p125);
SELECT `Id`
FROM `Malzemeler`
WHERE ROW_COUNT() = 1 AND `Id` = LAST_INSERT_ID();

INSERT INTO `Malzemeler` (`Ad`, `Birim`, `IsActive`, `Kod`, `KritikStokSeviyesi`, `MalzemeGrubuId`)
VALUES (@p126, @p127, @p128, @p129, @p130, @p131);
SELECT `Id`
FROM `Malzemeler`
WHERE ROW_COUNT() = 1 AND `Id` = LAST_INSERT_ID();

INSERT INTO `Malzemeler` (`Ad`, `Birim`, `IsActive`, `Kod`, `KritikStokSeviyesi`, `MalzemeGrubuId`)
VALUES (@p132, @p133, @p134, @p135, @p136, @p137);
SELECT `Id`
FROM `Malzemeler`
WHERE ROW_COUNT() = 1 AND `Id` = LAST_INSERT_ID();

INSERT INTO `Malzemeler` (`Ad`, `Birim`, `IsActive`, `Kod`, `KritikStokSeviyesi`, `MalzemeGrubuId`)
VALUES (@p138, @p139, @p140, @p141, @p142, @p143);
SELECT `Id`
FROM `Malzemeler`
WHERE ROW_COUNT() = 1 AND `Id` = LAST_INSERT_ID();

INSERT INTO `Malzemeler` (`Ad`, `Birim`, `IsActive`, `Kod`, `KritikStokSeviyesi`, `MalzemeGrubuId`)
VALUES (@p144, @p145, @p146, @p147, @p148, @p149);
SELECT `Id`
FROM `Malzemeler`
WHERE ROW_COUNT() = 1 AND `Id` = LAST_INSERT_ID();

INSERT INTO `Malzemeler` (`Ad`, `Birim`, `IsActive`, `Kod`, `KritikStokSeviyesi`, `MalzemeGrubuId`)
VALUES (@p150, @p151, @p152, @p153, @p154, @p155);
SELECT `Id`
FROM `Malzemeler`
WHERE ROW_COUNT() = 1 AND `Id` = LAST_INSERT_ID();

INSERT INTO `Malzemeler` (`Ad`, `Birim`, `IsActive`, `Kod`, `KritikStokSeviyesi`, `MalzemeGrubuId`)
VALUES (@p156, @p157, @p158, @p159, @p160, @p161);
SELECT `Id`
FROM `Malzemeler`
WHERE ROW_COUNT() = 1 AND `Id` = LAST_INSERT_ID();

INSERT INTO `Malzemeler` (`Ad`, `Birim`, `IsActive`, `Kod`, `KritikStokSeviyesi`, `MalzemeGrubuId`)
VALUES (@p162, @p163, @p164, @p165, @p166, @p167);
SELECT `Id`
FROM `Malzemeler`
WHERE ROW_COUNT() = 1 AND `Id` = LAST_INSERT_ID();

INSERT INTO `Malzemeler` (`Ad`, `Birim`, `IsActive`, `Kod`, `KritikStokSeviyesi`, `MalzemeGrubuId`)
VALUES (@p168, @p169, @p170, @p171, @p172, @p173);
SELECT `Id`
FROM `Malzemeler`
WHERE ROW_COUNT() = 1 AND `Id` = LAST_INSERT_ID();

INSERT INTO `Malzemeler` (`Ad`, `Birim`, `IsActive`, `Kod`, `KritikStokSeviyesi`, `MalzemeGrubuId`)
VALUES (@p174, @p175, @p176, @p177, @p178, @p179);
SELECT `Id`
FROM `Malzemeler`
WHERE ROW_COUNT() = 1 AND `Id` = LAST_INSERT_ID();

INSERT INTO `Malzemeler` (`Ad`, `Birim`, `IsActive`, `Kod`, `KritikStokSeviyesi`, `MalzemeGrubuId`)
VALUES (@p180, @p181, @p182, @p183, @p184, @p185);
SELECT `Id`
FROM `Malzemeler`
WHERE ROW_COUNT() = 1 AND `Id` = LAST_INSERT_ID();

INSERT INTO `Malzemeler` (`Ad`, `Birim`, `IsActive`, `Kod`, `KritikStokSeviyesi`, `MalzemeGrubuId`)
VALUES (@p186, @p187, @p188, @p189, @p190, @p191);
SELECT `Id`
FROM `Malzemeler`
WHERE ROW_COUNT() = 1 AND `Id` = LAST_INSERT_ID();

INSERT INTO `Malzemeler` (`Ad`, `Birim`, `IsActive`, `Kod`, `KritikStokSeviyesi`, `MalzemeGrubuId`)
VALUES (@p192, @p193, @p194, @p195, @p196, @p197);
SELECT `Id`
FROM `Malzemeler`
WHERE ROW_COUNT() = 1 AND `Id` = LAST_INSERT_ID();

INSERT INTO `Malzemeler` (`Ad`, `Birim`, `IsActive`, `Kod`, `KritikStokSeviyesi`, `MalzemeGrubuId`)
VALUES (@p198, @p199, @p200, @p201, @p202, @p203);
SELECT `Id`
FROM `Malzemeler`
WHERE ROW_COUNT() = 1 AND `Id` = LAST_INSERT_ID();

INSERT INTO `Malzemeler` (`Ad`, `Birim`, `IsActive`, `Kod`, `KritikStokSeviyesi`, `MalzemeGrubuId`)
VALUES (@p204, @p205, @p206, @p207, @p208, @p209);
SELECT `Id`
FROM `Malzemeler`
WHERE ROW_COUNT() = 1 AND `Id` = LAST_INSERT_ID();

INSERT INTO `Malzemeler` (`Ad`, `Birim`, `IsActive`, `Kod`, `KritikStokSeviyesi`, `MalzemeGrubuId`)
VALUES (@p210, @p211, @p212, @p213, @p214, @p215);
SELECT `Id`
FROM `Malzemeler`
WHERE ROW_COUNT() = 1 AND `Id` = LAST_INSERT_ID();

INSERT INTO `Malzemeler` (`Ad`, `Birim`, `IsActive`, `Kod`, `KritikStokSeviyesi`, `MalzemeGrubuId`)
VALUES (@p216, @p217, @p218, @p219, @p220, @p221);
SELECT `Id`
FROM `Malzemeler`
WHERE ROW_COUNT() = 1 AND `Id` = LAST_INSERT_ID();

INSERT INTO `Malzemeler` (`Ad`, `Birim`, `IsActive`, `Kod`, `KritikStokSeviyesi`, `MalzemeGrubuId`)
VALUES (@p222, @p223, @p224, @p225, @p226, @p227);
SELECT `Id`
FROM `Malzemeler`
WHERE ROW_COUNT() = 1 AND `Id` = LAST_INSERT_ID();

INSERT INTO `Malzemeler` (`Ad`, `Birim`, `IsActive`, `Kod`, `KritikStokSeviyesi`, `MalzemeGrubuId`)
VALUES (@p228, @p229, @p230, @p231, @p232, @p233);
SELECT `Id`
FROM `Malzemeler`
WHERE ROW_COUNT() = 1 AND `Id` = LAST_INSERT_ID();

INSERT INTO `Malzemeler` (`Ad`, `Birim`, `IsActive`, `Kod`, `KritikStokSeviyesi`, `MalzemeGrubuId`)
VALUES (@p234, @p235, @p236, @p237, @p238, @p239);
SELECT `Id`
FROM `Malzemeler`
WHERE ROW_COUNT() = 1 AND `Id` = LAST_INSERT_ID();

INSERT INTO `Malzemeler` (`Ad`, `Birim`, `IsActive`, `Kod`, `KritikStokSeviyesi`, `MalzemeGrubuId`)
VALUES (@p240, @p241, @p242, @p243, @p244, @p245);
SELECT `Id`
FROM `Malzemeler`
WHERE ROW_COUNT() = 1 AND `Id` = LAST_INSERT_ID();

INSERT INTO `Malzemeler` (`Ad`, `Birim`, `IsActive`, `Kod`, `KritikStokSeviyesi`, `MalzemeGrubuId`)
VALUES (@p246, @p247, @p248, @p249, @p250, @p251);
SELECT `Id`
FROM `Malzemeler`
WHERE ROW_COUNT() = 1 AND `Id` = LAST_INSERT_ID();
2026-08-13 14:33:48.844 +03:00 [INF] Executed DbCommand (1ms) [Parameters=[@p0='?' (Size = 150), @p1='?' (Size = 20), @p2='?' (DbType = Boolean), @p3='?' (Size = 50), @p4='?' (DbType = Decimal), @p5='?' (DbType = Int32), @p6='?' (Size = 150), @p7='?' (Size = 20), @p8='?' (DbType = Boolean), @p9='?' (Size = 50), @p10='?' (DbType = Decimal), @p11='?' (DbType = Int32), @p12='?' (Size = 150), @p13='?' (Size = 20), @p14='?' (DbType = Boolean), @p15='?' (Size = 50), @p16='?' (DbType = Decimal), @p17='?' (DbType = Int32), @p18='?' (Size = 150), @p19='?' (Size = 20), @p20='?' (DbType = Boolean), @p21='?' (Size = 50), @p22='?' (DbType = Decimal), @p23='?' (DbType = Int32), @p24='?' (Size = 150), @p25='?' (Size = 20), @p26='?' (DbType = Boolean), @p27='?' (Size = 50), @p28='?' (DbType = Decimal), @p29='?' (DbType = Int32), @p30='?' (Size = 150), @p31='?' (Size = 20), @p32='?' (DbType = Boolean), @p33='?' (Size = 50), @p34='?' (DbType = Decimal), @p35='?' (DbType = Int32), @p36='?' (Size = 150), @p37='?' (Size = 20), @p38='?' (DbType = Boolean), @p39='?' (Size = 50), @p40='?' (DbType = Decimal), @p41='?' (DbType = Int32), @p42='?' (Size = 150), @p43='?' (Size = 20), @p44='?' (DbType = Boolean), @p45='?' (Size = 50), @p46='?' (DbType = Decimal), @p47='?' (DbType = Int32), @p48='?' (Size = 150), @p49='?' (Size = 20), @p50='?' (DbType = Boolean), @p51='?' (Size = 50), @p52='?' (DbType = Decimal), @p53='?' (DbType = Int32), @p54='?' (Size = 150), @p55='?' (Size = 20), @p56='?' (DbType = Boolean), @p57='?' (Size = 50), @p58='?' (DbType = Decimal), @p59='?' (DbType = Int32), @p60='?' (Size = 150), @p61='?' (Size = 20), @p62='?' (DbType = Boolean), @p63='?' (Size = 50), @p64='?' (DbType = Decimal), @p65='?' (DbType = Int32), @p66='?' (Size = 150), @p67='?' (Size = 20), @p68='?' (DbType = Boolean), @p69='?' (Size = 50), @p70='?' (DbType = Decimal), @p71='?' (DbType = Int32), @p72='?' (Size = 150), @p73='?' (Size = 20), @p74='?' (DbType = Boolean), @p75='?' (Size = 50), @p76='?' (DbType = Decimal), @p77='?' (DbType = Int32), @p78='?' (Size = 150), @p79='?' (Size = 20), @p80='?' (DbType = Boolean), @p81='?' (Size = 50), @p82='?' (DbType = Decimal), @p83='?' (DbType = Int32), @p84='?' (Size = 150), @p85='?' (Size = 20), @p86='?' (DbType = Boolean), @p87='?' (Size = 50), @p88='?' (DbType = Decimal), @p89='?' (DbType = Int32), @p90='?' (Size = 150), @p91='?' (Size = 20), @p92='?' (DbType = Boolean), @p93='?' (Size = 50), @p94='?' (DbType = Decimal), @p95='?' (DbType = Int32), @p96='?' (Size = 150), @p97='?' (Size = 20), @p98='?' (DbType = Boolean), @p99='?' (Size = 50), @p100='?' (DbType = Decimal), @p101='?' (DbType = Int32), @p102='?' (Size = 150), @p103='?' (Size = 20), @p104='?' (DbType = Boolean), @p105='?' (Size = 50), @p106='?' (DbType = Decimal), @p107='?' (DbType = Int32), @p108='?' (Size = 150), @p109='?' (Size = 20), @p110='?' (DbType = Boolean), @p111='?' (Size = 50), @p112='?' (DbType = Decimal), @p113='?' (DbType = Int32), @p114='?' (Size = 150), @p115='?' (Size = 20), @p116='?' (DbType = Boolean), @p117='?' (Size = 50), @p118='?' (DbType = Decimal), @p119='?' (DbType = Int32), @p120='?' (Size = 150), @p121='?' (Size = 20), @p122='?' (DbType = Boolean), @p123='?' (Size = 50), @p124='?' (DbType = Decimal), @p125='?' (DbType = Int32)], CommandType='"Text"', CommandTimeout='30']
INSERT INTO `Malzemeler` (`Ad`, `Birim`, `IsActive`, `Kod`, `KritikStokSeviyesi`, `MalzemeGrubuId`)
VALUES (@p0, @p1, @p2, @p3, @p4, @p5);
SELECT `Id`
FROM `Malzemeler`
WHERE ROW_COUNT() = 1 AND `Id` = LAST_INSERT_ID();

INSERT INTO `Malzemeler` (`Ad`, `Birim`, `IsActive`, `Kod`, `KritikStokSeviyesi`, `MalzemeGrubuId`)
VALUES (@p6, @p7, @p8, @p9, @p10, @p11);
SELECT `Id`
FROM `Malzemeler`
WHERE ROW_COUNT() = 1 AND `Id` = LAST_INSERT_ID();

INSERT INTO `Malzemeler` (`Ad`, `Birim`, `IsActive`, `Kod`, `KritikStokSeviyesi`, `MalzemeGrubuId`)
VALUES (@p12, @p13, @p14, @p15, @p16, @p17);
SELECT `Id`
FROM `Malzemeler`
WHERE ROW_COUNT() = 1 AND `Id` = LAST_INSERT_ID();

INSERT INTO `Malzemeler` (`Ad`, `Birim`, `IsActive`, `Kod`, `KritikStokSeviyesi`, `MalzemeGrubuId`)
VALUES (@p18, @p19, @p20, @p21, @p22, @p23);
SELECT `Id`
FROM `Malzemeler`
WHERE ROW_COUNT() = 1 AND `Id` = LAST_INSERT_ID();

INSERT INTO `Malzemeler` (`Ad`, `Birim`, `IsActive`, `Kod`, `KritikStokSeviyesi`, `MalzemeGrubuId`)
VALUES (@p24, @p25, @p26, @p27, @p28, @p29);
SELECT `Id`
FROM `Malzemeler`
WHERE ROW_COUNT() = 1 AND `Id` = LAST_INSERT_ID();

INSERT INTO `Malzemeler` (`Ad`, `Birim`, `IsActive`, `Kod`, `KritikStokSeviyesi`, `MalzemeGrubuId`)
VALUES (@p30, @p31, @p32, @p33, @p34, @p35);
SELECT `Id`
FROM `Malzemeler`
WHERE ROW_COUNT() = 1 AND `Id` = LAST_INSERT_ID();

INSERT INTO `Malzemeler` (`Ad`, `Birim`, `IsActive`, `Kod`, `KritikStokSeviyesi`, `MalzemeGrubuId`)
VALUES (@p36, @p37, @p38, @p39, @p40, @p41);
SELECT `Id`
FROM `Malzemeler`
WHERE ROW_COUNT() = 1 AND `Id` = LAST_INSERT_ID();

INSERT INTO `Malzemeler` (`Ad`, `Birim`, `IsActive`, `Kod`, `KritikStokSeviyesi`, `MalzemeGrubuId`)
VALUES (@p42, @p43, @p44, @p45, @p46, @p47);
SELECT `Id`
FROM `Malzemeler`
WHERE ROW_COUNT() = 1 AND `Id` = LAST_INSERT_ID();

INSERT INTO `Malzemeler` (`Ad`, `Birim`, `IsActive`, `Kod`, `KritikStokSeviyesi`, `MalzemeGrubuId`)
VALUES (@p48, @p49, @p50, @p51, @p52, @p53);
SELECT `Id`
FROM `Malzemeler`
WHERE ROW_COUNT() = 1 AND `Id` = LAST_INSERT_ID();

INSERT INTO `Malzemeler` (`Ad`, `Birim`, `IsActive`, `Kod`, `KritikStokSeviyesi`, `MalzemeGrubuId`)
VALUES (@p54, @p55, @p56, @p57, @p58, @p59);
SELECT `Id`
FROM `Malzemeler`
WHERE ROW_COUNT() = 1 AND `Id` = LAST_INSERT_ID();

INSERT INTO `Malzemeler` (`Ad`, `Birim`, `IsActive`, `Kod`, `KritikStokSeviyesi`, `MalzemeGrubuId`)
VALUES (@p60, @p61, @p62, @p63, @p64, @p65);
SELECT `Id`
FROM `Malzemeler`
WHERE ROW_COUNT() = 1 AND `Id` = LAST_INSERT_ID();

INSERT INTO `Malzemeler` (`Ad`, `Birim`, `IsActive`, `Kod`, `KritikStokSeviyesi`, `MalzemeGrubuId`)
VALUES (@p66, @p67, @p68, @p69, @p70, @p71);
SELECT `Id`
FROM `Malzemeler`
WHERE ROW_COUNT() = 1 AND `Id` = LAST_INSERT_ID();

INSERT INTO `Malzemeler` (`Ad`, `Birim`, `IsActive`, `Kod`, `KritikStokSeviyesi`, `MalzemeGrubuId`)
VALUES (@p72, @p73, @p74, @p75, @p76, @p77);
SELECT `Id`
FROM `Malzemeler`
WHERE ROW_COUNT() = 1 AND `Id` = LAST_INSERT_ID();

INSERT INTO `Malzemeler` (`Ad`, `Birim`, `IsActive`, `Kod`, `KritikStokSeviyesi`, `MalzemeGrubuId`)
VALUES (@p78, @p79, @p80, @p81, @p82, @p83);
SELECT `Id`
FROM `Malzemeler`
WHERE ROW_COUNT() = 1 AND `Id` = LAST_INSERT_ID();

INSERT INTO `Malzemeler` (`Ad`, `Birim`, `IsActive`, `Kod`, `KritikStokSeviyesi`, `MalzemeGrubuId`)
VALUES (@p84, @p85, @p86, @p87, @p88, @p89);
SELECT `Id`
FROM `Malzemeler`
WHERE ROW_COUNT() = 1 AND `Id` = LAST_INSERT_ID();

INSERT INTO `Malzemeler` (`Ad`, `Birim`, `IsActive`, `Kod`, `KritikStokSeviyesi`, `MalzemeGrubuId`)
VALUES (@p90, @p91, @p92, @p93, @p94, @p95);
SELECT `Id`
FROM `Malzemeler`
WHERE ROW_COUNT() = 1 AND `Id` = LAST_INSERT_ID();

INSERT INTO `Malzemeler` (`Ad`, `Birim`, `IsActive`, `Kod`, `KritikStokSeviyesi`, `MalzemeGrubuId`)
VALUES (@p96, @p97, @p98, @p99, @p100, @p101);
SELECT `Id`
FROM `Malzemeler`
WHERE ROW_COUNT() = 1 AND `Id` = LAST_INSERT_ID();

INSERT INTO `Malzemeler` (`Ad`, `Birim`, `IsActive`, `Kod`, `KritikStokSeviyesi`, `MalzemeGrubuId`)
VALUES (@p102, @p103, @p104, @p105, @p106, @p107);
SELECT `Id`
FROM `Malzemeler`
WHERE ROW_COUNT() = 1 AND `Id` = LAST_INSERT_ID();

INSERT INTO `Malzemeler` (`Ad`, `Birim`, `IsActive`, `Kod`, `KritikStokSeviyesi`, `MalzemeGrubuId`)
VALUES (@p108, @p109, @p110, @p111, @p112, @p113);
SELECT `Id`
FROM `Malzemeler`
WHERE ROW_COUNT() = 1 AND `Id` = LAST_INSERT_ID();

INSERT INTO `Malzemeler` (`Ad`, `Birim`, `IsActive`, `Kod`, `KritikStokSeviyesi`, `MalzemeGrubuId`)
VALUES (@p114, @p115, @p116, @p117, @p118, @p119);
SELECT `Id`
FROM `Malzemeler`
WHERE ROW_COUNT() = 1 AND `Id` = LAST_INSERT_ID();

INSERT INTO `Malzemeler` (`Ad`, `Birim`, `IsActive`, `Kod`, `KritikStokSeviyesi`, `MalzemeGrubuId`)
VALUES (@p120, @p121, @p122, @p123, @p124, @p125);
SELECT `Id`
FROM `Malzemeler`
WHERE ROW_COUNT() = 1 AND `Id` = LAST_INSERT_ID();
2026-08-13 14:33:48.861 +03:00 [INF] Executed DbCommand (2ms) [Parameters=[], CommandType='"Text"', CommandTimeout='30']
SELECT EXISTS (
    SELECT 1
    FROM `HareketBasliklari` AS `h`)
2026-08-13 14:33:48.873 +03:00 [INF] Executed DbCommand (0ms) [Parameters=[], CommandType='"Text"', CommandTimeout='30']
SELECT `u`.`Id`, `u`.`AdSoyad`, `u`.`CreatedAt`, `u`.`IsActive`, `u`.`KullaniciAdi`, `u`.`ParolaHash`, `u`.`Rol`
FROM `Users` AS `u`
WHERE `u`.`KullaniciAdi` = 'admin'
LIMIT 1
2026-08-13 14:33:48.882 +03:00 [INF] Executed DbCommand (0ms) [Parameters=[], CommandType='"Text"', CommandTimeout='30']
SELECT `d`.`Id`, `d`.`Ad`, `d`.`IsActive`, `d`.`Kod`, `d`.`Sorumlu`
FROM `Depolar` AS `d`
WHERE `d`.`Kod` = 'DEP-MRK'
LIMIT 1
2026-08-13 14:33:48.889 +03:00 [INF] Executed DbCommand (1ms) [Parameters=[], CommandType='"Text"', CommandTimeout='30']
SELECT `d`.`Id`, `d`.`Ad`, `d`.`IsActive`, `d`.`Kod`, `d`.`Sorumlu`
FROM `Depolar` AS `d`
WHERE `d`.`Kod` = 'DEP-BLG'
LIMIT 1
2026-08-13 14:33:48.896 +03:00 [INF] Executed DbCommand (1ms) [Parameters=[], CommandType='"Text"', CommandTimeout='30']
SELECT `d`.`Id`, `d`.`Ad`, `d`.`IsActive`, `d`.`Kod`, `d`.`Sorumlu`
FROM `Depolar` AS `d`
WHERE `d`.`Kod` = 'DEP-SHA'
LIMIT 1
2026-08-13 14:33:48.904 +03:00 [INF] Executed DbCommand (0ms) [Parameters=[], CommandType='"Text"', CommandTimeout='30']
SELECT `d`.`Id`, `d`.`Ad`, `d`.`IsActive`, `d`.`Kod`, `d`.`Sorumlu`
FROM `Depolar` AS `d`
WHERE `d`.`Kod` = 'DEP-HRD'
LIMIT 1
2026-08-13 14:33:48.912 +03:00 [INF] Executed DbCommand (1ms) [Parameters=[], CommandType='"Text"', CommandTimeout='30']
SELECT `m`.`Id`, `m`.`Ad`, `m`.`Birim`, `m`.`IsActive`, `m`.`Kod`, `m`.`KritikStokSeviyesi`, `m`.`MalzemeGrubuId`
FROM `Malzemeler` AS `m`
2026-08-13 14:33:48.992 +03:00 [INF] Executed DbCommand (1ms) [Parameters=[@p0='?' (Size = 250), @p1='?' (DbType = DateTime), @p2='?' (Size = 50), @p3='?' (DbType = Int32), @p4='?' (DbType = Int32), @p5='?' (Size = 250), @p6='?' (DbType = DateTime), @p7='?' (DbType = Boolean), @p8='?' (DbType = Int32), @p9='?' (DbType = Int32), @p10='?' (DbType = DateTime)], CommandType='"Text"', CommandTimeout='30']
INSERT INTO `HareketBasliklari` (`Aciklama`, `CreatedAt`, `FisNo`, `HareketTipi`, `HedefDepoId`, `IptalNedeni`, `IptalTarihi`, `IsIptal`, `KaynakDepoId`, `OlusturanKullaniciId`, `Tarih`)
VALUES (@p0, @p1, @p2, @p3, @p4, @p5, @p6, @p7, @p8, @p9, @p10);
SELECT `Id`
FROM `HareketBasliklari`
WHERE ROW_COUNT() = 1 AND `Id` = LAST_INSERT_ID();
2026-08-13 14:33:49.009 +03:00 [INF] Executed DbCommand (2ms) [Parameters=[@p11='?' (DbType = Decimal), @p12='?' (DbType = Int32), @p13='?' (DbType = Int32), @p14='?' (DbType = Decimal), @p15='?' (Size = 150), @p16='?' (DbType = Decimal), @p17='?' (DbType = Int32), @p18='?' (DbType = Int32), @p19='?' (DbType = Decimal), @p20='?' (Size = 150), @p21='?' (DbType = Decimal), @p22='?' (DbType = Int32), @p23='?' (DbType = Int32), @p24='?' (DbType = Decimal), @p25='?' (Size = 150), @p26='?' (DbType = Decimal), @p27='?' (DbType = Int32), @p28='?' (DbType = Int32), @p29='?' (DbType = Decimal), @p30='?' (Size = 150), @p31='?' (DbType = Decimal), @p32='?' (DbType = Int32), @p33='?' (DbType = Int32), @p34='?' (DbType = Decimal), @p35='?' (Size = 150), @p36='?' (DbType = Decimal), @p37='?' (DbType = Int32), @p38='?' (DbType = Int32), @p39='?' (DbType = Decimal), @p40='?' (Size = 150), @p41='?' (DbType = Decimal), @p42='?' (DbType = Int32), @p43='?' (DbType = Int32), @p44='?' (DbType = Decimal), @p45='?' (Size = 150), @p46='?' (DbType = Decimal), @p47='?' (DbType = Int32), @p48='?' (DbType = Int32), @p49='?' (DbType = Decimal), @p50='?' (Size = 150), @p51='?' (DbType = Decimal), @p52='?' (DbType = Int32), @p53='?' (DbType = Int32), @p54='?' (DbType = Decimal), @p55='?' (Size = 150), @p56='?' (DbType = Decimal), @p57='?' (DbType = Int32), @p58='?' (DbType = Int32), @p59='?' (DbType = Decimal), @p60='?' (Size = 150), @p61='?' (DbType = Decimal), @p62='?' (DbType = Int32), @p63='?' (DbType = Int32), @p64='?' (DbType = Decimal), @p65='?' (Size = 150), @p66='?' (DbType = Decimal), @p67='?' (DbType = Int32), @p68='?' (DbType = Int32), @p69='?' (DbType = Decimal), @p70='?' (Size = 150), @p71='?' (DbType = Decimal), @p72='?' (DbType = Int32), @p73='?' (DbType = Int32), @p74='?' (DbType = Decimal), @p75='?' (Size = 150), @p76='?' (DbType = Decimal), @p77='?' (DbType = Int32), @p78='?' (DbType = Int32), @p79='?' (DbType = Decimal), @p80='?' (Size = 150), @p81='?' (DbType = Decimal), @p82='?' (DbType = Int32), @p83='?' (DbType = Int32), @p84='?' (DbType = Decimal), @p85='?' (Size = 150), @p86='?' (DbType = Decimal), @p87='?' (DbType = Int32), @p88='?' (DbType = Int32), @p89='?' (DbType = Decimal), @p90='?' (Size = 150), @p91='?' (DbType = Decimal), @p92='?' (DbType = Int32), @p93='?' (DbType = Int32), @p94='?' (DbType = Decimal), @p95='?' (Size = 150), @p96='?' (DbType = Decimal), @p97='?' (DbType = Int32), @p98='?' (DbType = Int32), @p99='?' (DbType = Decimal), @p100='?' (Size = 150), @p101='?' (DbType = Decimal), @p102='?' (DbType = Int32), @p103='?' (DbType = Int32), @p104='?' (DbType = Decimal), @p105='?' (Size = 150), @p106='?' (DbType = Decimal), @p107='?' (DbType = Int32), @p108='?' (DbType = Int32), @p109='?' (DbType = Decimal), @p110='?' (Size = 150), @p111='?' (DbType = Decimal), @p112='?' (DbType = Int32), @p113='?' (DbType = Int32), @p114='?' (DbType = Decimal), @p115='?' (Size = 150), @p116='?' (DbType = Decimal), @p117='?' (DbType = Int32), @p118='?' (DbType = Int32), @p119='?' (DbType = Decimal), @p120='?' (Size = 150), @p121='?' (DbType = Decimal), @p122='?' (DbType = Int32), @p123='?' (DbType = Int32), @p124='?' (DbType = Decimal), @p125='?' (Size = 150), @p126='?' (DbType = Decimal), @p127='?' (DbType = Int32), @p128='?' (DbType = Int32), @p129='?' (DbType = Decimal), @p130='?' (Size = 150), @p131='?' (DbType = Decimal), @p132='?' (DbType = Int32), @p133='?' (DbType = Int32), @p134='?' (DbType = Decimal), @p135='?' (Size = 150), @p136='?' (DbType = Decimal), @p137='?' (DbType = Int32), @p138='?' (DbType = Int32), @p139='?' (DbType = Decimal), @p140='?' (Size = 150), @p141='?' (DbType = Decimal), @p142='?' (DbType = Int32), @p143='?' (DbType = Int32), @p144='?' (DbType = Decimal), @p145='?' (Size = 150), @p146='?' (DbType = Decimal), @p147='?' (DbType = Int32), @p148='?' (DbType = Int32), @p149='?' (DbType = Decimal), @p150='?' (Size = 150), @p151='?' (DbType = Decimal), @p152='?' (DbType = Int32), @p153='?' (DbType = Int32), @p154='?' (DbType = Decimal), @p155='?' (Size = 150), @p156='?' (DbType = Decimal), @p157='?' (DbType = Int32), @p158='?' (DbType = Int32), @p159='?' (DbType = Decimal), @p160='?' (Size = 150), @p161='?' (DbType = Decimal), @p162='?' (DbType = Int32), @p163='?' (DbType = Int32), @p164='?' (DbType = Decimal), @p165='?' (Size = 150), @p166='?' (DbType = Decimal), @p167='?' (DbType = Int32), @p168='?' (DbType = Int32), @p169='?' (DbType = Decimal), @p170='?' (Size = 150), @p171='?' (DbType = Decimal), @p172='?' (DbType = Int32), @p173='?' (DbType = Int32), @p174='?' (DbType = Decimal), @p175='?' (Size = 150), @p176='?' (DbType = Decimal), @p177='?' (DbType = Int32), @p178='?' (DbType = Int32), @p179='?' (DbType = Decimal), @p180='?' (Size = 150), @p181='?' (DbType = Decimal), @p182='?' (DbType = Int32), @p183='?' (DbType = Int32), @p184='?' (DbType = Decimal), @p185='?' (Size = 150), @p186='?' (DbType = Decimal), @p187='?' (DbType = Int32), @p188='?' (DbType = Int32), @p189='?' (DbType = Decimal), @p190='?' (Size = 150), @p191='?' (DbType = Decimal), @p192='?' (DbType = Int32), @p193='?' (DbType = Int32), @p194='?' (DbType = Decimal), @p195='?' (Size = 150), @p196='?' (DbType = Decimal), @p197='?' (DbType = Int32), @p198='?' (DbType = Int32), @p199='?' (DbType = Decimal), @p200='?' (Size = 150), @p201='?' (DbType = Decimal), @p202='?' (DbType = Int32), @p203='?' (DbType = Int32), @p204='?' (DbType = Decimal), @p205='?' (Size = 150), @p206='?' (DbType = Decimal), @p207='?' (DbType = Int32), @p208='?' (DbType = Int32), @p209='?' (DbType = Decimal), @p210='?' (Size = 150), @p211='?' (DbType = Decimal), @p212='?' (DbType = Int32), @p213='?' (DbType = Int32), @p214='?' (DbType = Decimal), @p215='?' (Size = 150), @p216='?' (DbType = Decimal), @p217='?' (DbType = Int32), @p218='?' (DbType = Int32), @p219='?' (DbType = Decimal), @p220='?' (Size = 150)], CommandType='"Text"', CommandTimeout='30']
INSERT INTO `HareketKalemleri` (`BirimFiyat`, `HareketBaslikId`, `MalzemeId`, `Miktar`, `SatirAciklamasi`)
VALUES (@p11, @p12, @p13, @p14, @p15);
SELECT `Id`
FROM `HareketKalemleri`
WHERE ROW_COUNT() = 1 AND `Id` = LAST_INSERT_ID();

INSERT INTO `HareketKalemleri` (`BirimFiyat`, `HareketBaslikId`, `MalzemeId`, `Miktar`, `SatirAciklamasi`)
VALUES (@p16, @p17, @p18, @p19, @p20);
SELECT `Id`
FROM `HareketKalemleri`
WHERE ROW_COUNT() = 1 AND `Id` = LAST_INSERT_ID();

INSERT INTO `HareketKalemleri` (`BirimFiyat`, `HareketBaslikId`, `MalzemeId`, `Miktar`, `SatirAciklamasi`)
VALUES (@p21, @p22, @p23, @p24, @p25);
SELECT `Id`
FROM `HareketKalemleri`
WHERE ROW_COUNT() = 1 AND `Id` = LAST_INSERT_ID();

INSERT INTO `HareketKalemleri` (`BirimFiyat`, `HareketBaslikId`, `MalzemeId`, `Miktar`, `SatirAciklamasi`)
VALUES (@p26, @p27, @p28, @p29, @p30);
SELECT `Id`
FROM `HareketKalemleri`
WHERE ROW_COUNT() = 1 AND `Id` = LAST_INSERT_ID();

INSERT INTO `HareketKalemleri` (`BirimFiyat`, `HareketBaslikId`, `MalzemeId`, `Miktar`, `SatirAciklamasi`)
VALUES (@p31, @p32, @p33, @p34, @p35);
SELECT `Id`
FROM `HareketKalemleri`
WHERE ROW_COUNT() = 1 AND `Id` = LAST_INSERT_ID();

INSERT INTO `HareketKalemleri` (`BirimFiyat`, `HareketBaslikId`, `MalzemeId`, `Miktar`, `SatirAciklamasi`)
VALUES (@p36, @p37, @p38, @p39, @p40);
SELECT `Id`
FROM `HareketKalemleri`
WHERE ROW_COUNT() = 1 AND `Id` = LAST_INSERT_ID();

INSERT INTO `HareketKalemleri` (`BirimFiyat`, `HareketBaslikId`, `MalzemeId`, `Miktar`, `SatirAciklamasi`)
VALUES (@p41, @p42, @p43, @p44, @p45);
SELECT `Id`
FROM `HareketKalemleri`
WHERE ROW_COUNT() = 1 AND `Id` = LAST_INSERT_ID();

INSERT INTO `HareketKalemleri` (`BirimFiyat`, `HareketBaslikId`, `MalzemeId`, `Miktar`, `SatirAciklamasi`)
VALUES (@p46, @p47, @p48, @p49, @p50);
SELECT `Id`
FROM `HareketKalemleri`
WHERE ROW_COUNT() = 1 AND `Id` = LAST_INSERT_ID();

INSERT INTO `HareketKalemleri` (`BirimFiyat`, `HareketBaslikId`, `MalzemeId`, `Miktar`, `SatirAciklamasi`)
VALUES (@p51, @p52, @p53, @p54, @p55);
SELECT `Id`
FROM `HareketKalemleri`
WHERE ROW_COUNT() = 1 AND `Id` = LAST_INSERT_ID();

INSERT INTO `HareketKalemleri` (`BirimFiyat`, `HareketBaslikId`, `MalzemeId`, `Miktar`, `SatirAciklamasi`)
VALUES (@p56, @p57, @p58, @p59, @p60);
SELECT `Id`
FROM `HareketKalemleri`
WHERE ROW_COUNT() = 1 AND `Id` = LAST_INSERT_ID();

INSERT INTO `HareketKalemleri` (`BirimFiyat`, `HareketBaslikId`, `MalzemeId`, `Miktar`, `SatirAciklamasi`)
VALUES (@p61, @p62, @p63, @p64, @p65);
SELECT `Id`
FROM `HareketKalemleri`
WHERE ROW_COUNT() = 1 AND `Id` = LAST_INSERT_ID();

INSERT INTO `HareketKalemleri` (`BirimFiyat`, `HareketBaslikId`, `MalzemeId`, `Miktar`, `SatirAciklamasi`)
VALUES (@p66, @p67, @p68, @p69, @p70);
SELECT `Id`
FROM `HareketKalemleri`
WHERE ROW_COUNT() = 1 AND `Id` = LAST_INSERT_ID();

INSERT INTO `HareketKalemleri` (`BirimFiyat`, `HareketBaslikId`, `MalzemeId`, `Miktar`, `SatirAciklamasi`)
VALUES (@p71, @p72, @p73, @p74, @p75);
SELECT `Id`
FROM `HareketKalemleri`
WHERE ROW_COUNT() = 1 AND `Id` = LAST_INSERT_ID();

INSERT INTO `HareketKalemleri` (`BirimFiyat`, `HareketBaslikId`, `MalzemeId`, `Miktar`, `SatirAciklamasi`)
VALUES (@p76, @p77, @p78, @p79, @p80);
SELECT `Id`
FROM `HareketKalemleri`
WHERE ROW_COUNT() = 1 AND `Id` = LAST_INSERT_ID();

INSERT INTO `HareketKalemleri` (`BirimFiyat`, `HareketBaslikId`, `MalzemeId`, `Miktar`, `SatirAciklamasi`)
VALUES (@p81, @p82, @p83, @p84, @p85);
SELECT `Id`
FROM `HareketKalemleri`
WHERE ROW_COUNT() = 1 AND `Id` = LAST_INSERT_ID();

INSERT INTO `HareketKalemleri` (`BirimFiyat`, `HareketBaslikId`, `MalzemeId`, `Miktar`, `SatirAciklamasi`)
VALUES (@p86, @p87, @p88, @p89, @p90);
SELECT `Id`
FROM `HareketKalemleri`
WHERE ROW_COUNT() = 1 AND `Id` = LAST_INSERT_ID();

INSERT INTO `HareketKalemleri` (`BirimFiyat`, `HareketBaslikId`, `MalzemeId`, `Miktar`, `SatirAciklamasi`)
VALUES (@p91, @p92, @p93, @p94, @p95);
SELECT `Id`
FROM `HareketKalemleri`
WHERE ROW_COUNT() = 1 AND `Id` = LAST_INSERT_ID();

INSERT INTO `HareketKalemleri` (`BirimFiyat`, `HareketBaslikId`, `MalzemeId`, `Miktar`, `SatirAciklamasi`)
VALUES (@p96, @p97, @p98, @p99, @p100);
SELECT `Id`
FROM `HareketKalemleri`
WHERE ROW_COUNT() = 1 AND `Id` = LAST_INSERT_ID();

INSERT INTO `HareketKalemleri` (`BirimFiyat`, `HareketBaslikId`, `MalzemeId`, `Miktar`, `SatirAciklamasi`)
VALUES (@p101, @p102, @p103, @p104, @p105);
SELECT `Id`
FROM `HareketKalemleri`
WHERE ROW_COUNT() = 1 AND `Id` = LAST_INSERT_ID();

INSERT INTO `HareketKalemleri` (`BirimFiyat`, `HareketBaslikId`, `MalzemeId`, `Miktar`, `SatirAciklamasi`)
VALUES (@p106, @p107, @p108, @p109, @p110);
SELECT `Id`
FROM `HareketKalemleri`
WHERE ROW_COUNT() = 1 AND `Id` = LAST_INSERT_ID();

INSERT INTO `HareketKalemleri` (`BirimFiyat`, `HareketBaslikId`, `MalzemeId`, `Miktar`, `SatirAciklamasi`)
VALUES (@p111, @p112, @p113, @p114, @p115);
SELECT `Id`
FROM `HareketKalemleri`
WHERE ROW_COUNT() = 1 AND `Id` = LAST_INSERT_ID();

INSERT INTO `HareketKalemleri` (`BirimFiyat`, `HareketBaslikId`, `MalzemeId`, `Miktar`, `SatirAciklamasi`)
VALUES (@p116, @p117, @p118, @p119, @p120);
SELECT `Id`
FROM `HareketKalemleri`
WHERE ROW_COUNT() = 1 AND `Id` = LAST_INSERT_ID();

INSERT INTO `HareketKalemleri` (`BirimFiyat`, `HareketBaslikId`, `MalzemeId`, `Miktar`, `SatirAciklamasi`)
VALUES (@p121, @p122, @p123, @p124, @p125);
SELECT `Id`
FROM `HareketKalemleri`
WHERE ROW_COUNT() = 1 AND `Id` = LAST_INSERT_ID();

INSERT INTO `HareketKalemleri` (`BirimFiyat`, `HareketBaslikId`, `MalzemeId`, `Miktar`, `SatirAciklamasi`)
VALUES (@p126, @p127, @p128, @p129, @p130);
SELECT `Id`
FROM `HareketKalemleri`
WHERE ROW_COUNT() = 1 AND `Id` = LAST_INSERT_ID();

INSERT INTO `HareketKalemleri` (`BirimFiyat`, `HareketBaslikId`, `MalzemeId`, `Miktar`, `SatirAciklamasi`)
VALUES (@p131, @p132, @p133, @p134, @p135);
SELECT `Id`
FROM `HareketKalemleri`
WHERE ROW_COUNT() = 1 AND `Id` = LAST_INSERT_ID();

INSERT INTO `HareketKalemleri` (`BirimFiyat`, `HareketBaslikId`, `MalzemeId`, `Miktar`, `SatirAciklamasi`)
VALUES (@p136, @p137, @p138, @p139, @p140);
SELECT `Id`
FROM `HareketKalemleri`
WHERE ROW_COUNT() = 1 AND `Id` = LAST_INSERT_ID();

INSERT INTO `HareketKalemleri` (`BirimFiyat`, `HareketBaslikId`, `MalzemeId`, `Miktar`, `SatirAciklamasi`)
VALUES (@p141, @p142, @p143, @p144, @p145);
SELECT `Id`
FROM `HareketKalemleri`
WHERE ROW_COUNT() = 1 AND `Id` = LAST_INSERT_ID();

INSERT INTO `HareketKalemleri` (`BirimFiyat`, `HareketBaslikId`, `MalzemeId`, `Miktar`, `SatirAciklamasi`)
VALUES (@p146, @p147, @p148, @p149, @p150);
SELECT `Id`
FROM `HareketKalemleri`
WHERE ROW_COUNT() = 1 AND `Id` = LAST_INSERT_ID();

INSERT INTO `HareketKalemleri` (`BirimFiyat`, `HareketBaslikId`, `MalzemeId`, `Miktar`, `SatirAciklamasi`)
VALUES (@p151, @p152, @p153, @p154, @p155);
SELECT `Id`
FROM `HareketKalemleri`
WHERE ROW_COUNT() = 1 AND `Id` = LAST_INSERT_ID();

INSERT INTO `HareketKalemleri` (`BirimFiyat`, `HareketBaslikId`, `MalzemeId`, `Miktar`, `SatirAciklamasi`)
VALUES (@p156, @p157, @p158, @p159, @p160);
SELECT `Id`
FROM `HareketKalemleri`
WHERE ROW_COUNT() = 1 AND `Id` = LAST_INSERT_ID();

INSERT INTO `HareketKalemleri` (`BirimFiyat`, `HareketBaslikId`, `MalzemeId`, `Miktar`, `SatirAciklamasi`)
VALUES (@p161, @p162, @p163, @p164, @p165);
SELECT `Id`
FROM `HareketKalemleri`
WHERE ROW_COUNT() = 1 AND `Id` = LAST_INSERT_ID();

INSERT INTO `HareketKalemleri` (`BirimFiyat`, `HareketBaslikId`, `MalzemeId`, `Miktar`, `SatirAciklamasi`)
VALUES (@p166, @p167, @p168, @p169, @p170);
SELECT `Id`
FROM `HareketKalemleri`
WHERE ROW_COUNT() = 1 AND `Id` = LAST_INSERT_ID();

INSERT INTO `HareketKalemleri` (`BirimFiyat`, `HareketBaslikId`, `MalzemeId`, `Miktar`, `SatirAciklamasi`)
VALUES (@p171, @p172, @p173, @p174, @p175);
SELECT `Id`
FROM `HareketKalemleri`
WHERE ROW_COUNT() = 1 AND `Id` = LAST_INSERT_ID();

INSERT INTO `HareketKalemleri` (`BirimFiyat`, `HareketBaslikId`, `MalzemeId`, `Miktar`, `SatirAciklamasi`)
VALUES (@p176, @p177, @p178, @p179, @p180);
SELECT `Id`
FROM `HareketKalemleri`
WHERE ROW_COUNT() = 1 AND `Id` = LAST_INSERT_ID();

INSERT INTO `HareketKalemleri` (`BirimFiyat`, `HareketBaslikId`, `MalzemeId`, `Miktar`, `SatirAciklamasi`)
VALUES (@p181, @p182, @p183, @p184, @p185);
SELECT `Id`
FROM `HareketKalemleri`
WHERE ROW_COUNT() = 1 AND `Id` = LAST_INSERT_ID();

INSERT INTO `HareketKalemleri` (`BirimFiyat`, `HareketBaslikId`, `MalzemeId`, `Miktar`, `SatirAciklamasi`)
VALUES (@p186, @p187, @p188, @p189, @p190);
SELECT `Id`
FROM `HareketKalemleri`
WHERE ROW_COUNT() = 1 AND `Id` = LAST_INSERT_ID();

INSERT INTO `HareketKalemleri` (`BirimFiyat`, `HareketBaslikId`, `MalzemeId`, `Miktar`, `SatirAciklamasi`)
VALUES (@p191, @p192, @p193, @p194, @p195);
SELECT `Id`
FROM `HareketKalemleri`
WHERE ROW_COUNT() = 1 AND `Id` = LAST_INSERT_ID();

INSERT INTO `HareketKalemleri` (`BirimFiyat`, `HareketBaslikId`, `MalzemeId`, `Miktar`, `SatirAciklamasi`)
VALUES (@p196, @p197, @p198, @p199, @p200);
SELECT `Id`
FROM `HareketKalemleri`
WHERE ROW_COUNT() = 1 AND `Id` = LAST_INSERT_ID();

INSERT INTO `HareketKalemleri` (`BirimFiyat`, `HareketBaslikId`, `MalzemeId`, `Miktar`, `SatirAciklamasi`)
VALUES (@p201, @p202, @p203, @p204, @p205);
SELECT `Id`
FROM `HareketKalemleri`
WHERE ROW_COUNT() = 1 AND `Id` = LAST_INSERT_ID();

INSERT INTO `HareketKalemleri` (`BirimFiyat`, `HareketBaslikId`, `MalzemeId`, `Miktar`, `SatirAciklamasi`)
VALUES (@p206, @p207, @p208, @p209, @p210);
SELECT `Id`
FROM `HareketKalemleri`
WHERE ROW_COUNT() = 1 AND `Id` = LAST_INSERT_ID();

INSERT INTO `HareketKalemleri` (`BirimFiyat`, `HareketBaslikId`, `MalzemeId`, `Miktar`, `SatirAciklamasi`)
VALUES (@p211, @p212, @p213, @p214, @p215);
SELECT `Id`
FROM `HareketKalemleri`
WHERE ROW_COUNT() = 1 AND `Id` = LAST_INSERT_ID();

INSERT INTO `HareketKalemleri` (`BirimFiyat`, `HareketBaslikId`, `MalzemeId`, `Miktar`, `SatirAciklamasi`)
VALUES (@p216, @p217, @p218, @p219, @p220);
SELECT `Id`
FROM `HareketKalemleri`
WHERE ROW_COUNT() = 1 AND `Id` = LAST_INSERT_ID();
2026-08-13 14:33:49.028 +03:00 [INF] Executed DbCommand (1ms) [Parameters=[@p0='?' (DbType = Decimal), @p1='?' (DbType = Int32), @p2='?' (DbType = Int32), @p3='?' (DbType = Decimal), @p4='?' (Size = 150), @p5='?' (DbType = Decimal), @p6='?' (DbType = Int32), @p7='?' (DbType = Int32), @p8='?' (DbType = Decimal), @p9='?' (Size = 150), @p10='?' (DbType = Decimal), @p11='?' (DbType = Int32), @p12='?' (DbType = Int32), @p13='?' (DbType = Decimal), @p14='?' (Size = 150), @p15='?' (DbType = Decimal), @p16='?' (DbType = Int32), @p17='?' (DbType = Int32), @p18='?' (DbType = Decimal), @p19='?' (Size = 150), @p20='?' (DbType = Decimal), @p21='?' (DbType = Int32), @p22='?' (DbType = Int32), @p23='?' (DbType = Decimal), @p24='?' (Size = 150), @p25='?' (DbType = Decimal), @p26='?' (DbType = Int32), @p27='?' (DbType = Int32), @p28='?' (DbType = Decimal), @p29='?' (Size = 150), @p30='?' (DbType = Decimal), @p31='?' (DbType = Int32), @p32='?' (DbType = Int32), @p33='?' (DbType = Decimal), @p34='?' (Size = 150), @p35='?' (DbType = Decimal), @p36='?' (DbType = Int32), @p37='?' (DbType = Int32), @p38='?' (DbType = Decimal), @p39='?' (Size = 150), @p40='?' (DbType = Decimal), @p41='?' (DbType = Int32), @p42='?' (DbType = Int32), @p43='?' (DbType = Decimal), @p44='?' (Size = 150), @p45='?' (DbType = Decimal), @p46='?' (DbType = Int32), @p47='?' (DbType = Int32), @p48='?' (DbType = Decimal), @p49='?' (Size = 150), @p50='?' (DbType = Decimal), @p51='?' (DbType = Int32), @p52='?' (DbType = Int32), @p53='?' (DbType = Decimal), @p54='?' (Size = 150), @p55='?' (DbType = Decimal), @p56='?' (DbType = Int32), @p57='?' (DbType = Int32), @p58='?' (DbType = Decimal), @p59='?' (Size = 150), @p60='?' (DbType = Decimal), @p61='?' (DbType = Int32), @p62='?' (DbType = Int32), @p63='?' (DbType = Decimal), @p64='?' (Size = 150), @p65='?' (DbType = Decimal), @p66='?' (DbType = Int32), @p67='?' (DbType = Int32), @p68='?' (DbType = Decimal), @p69='?' (Size = 150), @p70='?' (DbType = Decimal), @p71='?' (DbType = Int32), @p72='?' (DbType = Int32), @p73='?' (DbType = Decimal), @p74='?' (Size = 150), @p75='?' (DbType = Decimal), @p76='?' (DbType = Int32), @p77='?' (DbType = Int32), @p78='?' (DbType = Decimal), @p79='?' (Size = 150), @p80='?' (DbType = Decimal), @p81='?' (DbType = Int32), @p82='?' (DbType = Int32), @p83='?' (DbType = Decimal), @p84='?' (Size = 150), @p85='?' (DbType = Decimal), @p86='?' (DbType = Int32), @p87='?' (DbType = Int32), @p88='?' (DbType = Decimal), @p89='?' (Size = 150), @p90='?' (DbType = Decimal), @p91='?' (DbType = Int32), @p92='?' (DbType = Int32), @p93='?' (DbType = Decimal), @p94='?' (Size = 150), @p95='?' (DbType = Decimal), @p96='?' (DbType = Int32), @p97='?' (DbType = Int32), @p98='?' (DbType = Decimal), @p99='?' (Size = 150), @p100='?' (DbType = Decimal), @p101='?' (DbType = Int32), @p102='?' (DbType = Int32), @p103='?' (DbType = Decimal), @p104='?' (Size = 150), @p105='?' (DbType = Decimal), @p106='?' (DbType = Int32), @p107='?' (DbType = Int32), @p108='?' (DbType = Decimal), @p109='?' (Size = 150), @p110='?' (DbType = Decimal), @p111='?' (DbType = Int32), @p112='?' (DbType = Int32), @p113='?' (DbType = Decimal), @p114='?' (Size = 150), @p115='?' (DbType = Decimal), @p116='?' (DbType = Int32), @p117='?' (DbType = Int32), @p118='?' (DbType = Decimal), @p119='?' (Size = 150), @p120='?' (DbType = Decimal), @p121='?' (DbType = Int32), @p122='?' (DbType = Int32), @p123='?' (DbType = Decimal), @p124='?' (Size = 150), @p125='?' (DbType = Decimal), @p126='?' (DbType = Int32), @p127='?' (DbType = Int32), @p128='?' (DbType = Decimal), @p129='?' (Size = 150), @p130='?' (DbType = Decimal), @p131='?' (DbType = Int32), @p132='?' (DbType = Int32), @p133='?' (DbType = Decimal), @p134='?' (Size = 150), @p135='?' (DbType = Decimal), @p136='?' (DbType = Int32), @p137='?' (DbType = Int32), @p138='?' (DbType = Decimal), @p139='?' (Size = 150), @p140='?' (DbType = Decimal), @p141='?' (DbType = Int32), @p142='?' (DbType = Int32), @p143='?' (DbType = Decimal), @p144='?' (Size = 150), @p145='?' (DbType = Decimal), @p146='?' (DbType = Int32), @p147='?' (DbType = Int32), @p148='?' (DbType = Decimal), @p149='?' (Size = 150), @p150='?' (DbType = Decimal), @p151='?' (DbType = Int32), @p152='?' (DbType = Int32), @p153='?' (DbType = Decimal), @p154='?' (Size = 150), @p155='?' (DbType = Decimal), @p156='?' (DbType = Int32), @p157='?' (DbType = Int32), @p158='?' (DbType = Decimal), @p159='?' (Size = 150), @p160='?' (DbType = Decimal), @p161='?' (DbType = Int32), @p162='?' (DbType = Int32), @p163='?' (DbType = Decimal), @p164='?' (Size = 150), @p165='?' (DbType = Decimal), @p166='?' (DbType = Int32), @p167='?' (DbType = Int32), @p168='?' (DbType = Decimal), @p169='?' (Size = 150), @p170='?' (DbType = Decimal), @p171='?' (DbType = Int32), @p172='?' (DbType = Int32), @p173='?' (DbType = Decimal), @p174='?' (Size = 150), @p175='?' (DbType = Decimal), @p176='?' (DbType = Int32), @p177='?' (DbType = Int32), @p178='?' (DbType = Decimal), @p179='?' (Size = 150), @p180='?' (DbType = Decimal), @p181='?' (DbType = Int32), @p182='?' (DbType = Int32), @p183='?' (DbType = Decimal), @p184='?' (Size = 150), @p185='?' (DbType = Decimal), @p186='?' (DbType = Int32), @p187='?' (DbType = Int32), @p188='?' (DbType = Decimal), @p189='?' (Size = 150), @p190='?' (DbType = Decimal), @p191='?' (DbType = Int32), @p192='?' (DbType = Int32), @p193='?' (DbType = Decimal), @p194='?' (Size = 150), @p195='?' (DbType = Decimal), @p196='?' (DbType = Int32), @p197='?' (DbType = Int32), @p198='?' (DbType = Decimal), @p199='?' (Size = 150), @p200='?' (DbType = Decimal), @p201='?' (DbType = Int32), @p202='?' (DbType = Int32), @p203='?' (DbType = Decimal), @p204='?' (Size = 150), @p205='?' (DbType = Decimal), @p206='?' (DbType = Int32), @p207='?' (DbType = Int32), @p208='?' (DbType = Decimal), @p209='?' (Size = 150)], CommandType='"Text"', CommandTimeout='30']
INSERT INTO `HareketKalemleri` (`BirimFiyat`, `HareketBaslikId`, `MalzemeId`, `Miktar`, `SatirAciklamasi`)
VALUES (@p0, @p1, @p2, @p3, @p4);
SELECT `Id`
FROM `HareketKalemleri`
WHERE ROW_COUNT() = 1 AND `Id` = LAST_INSERT_ID();

INSERT INTO `HareketKalemleri` (`BirimFiyat`, `HareketBaslikId`, `MalzemeId`, `Miktar`, `SatirAciklamasi`)
VALUES (@p5, @p6, @p7, @p8, @p9);
SELECT `Id`
FROM `HareketKalemleri`
WHERE ROW_COUNT() = 1 AND `Id` = LAST_INSERT_ID();

INSERT INTO `HareketKalemleri` (`BirimFiyat`, `HareketBaslikId`, `MalzemeId`, `Miktar`, `SatirAciklamasi`)
VALUES (@p10, @p11, @p12, @p13, @p14);
SELECT `Id`
FROM `HareketKalemleri`
WHERE ROW_COUNT() = 1 AND `Id` = LAST_INSERT_ID();

INSERT INTO `HareketKalemleri` (`BirimFiyat`, `HareketBaslikId`, `MalzemeId`, `Miktar`, `SatirAciklamasi`)
VALUES (@p15, @p16, @p17, @p18, @p19);
SELECT `Id`
FROM `HareketKalemleri`
WHERE ROW_COUNT() = 1 AND `Id` = LAST_INSERT_ID();

INSERT INTO `HareketKalemleri` (`BirimFiyat`, `HareketBaslikId`, `MalzemeId`, `Miktar`, `SatirAciklamasi`)
VALUES (@p20, @p21, @p22, @p23, @p24);
SELECT `Id`
FROM `HareketKalemleri`
WHERE ROW_COUNT() = 1 AND `Id` = LAST_INSERT_ID();

INSERT INTO `HareketKalemleri` (`BirimFiyat`, `HareketBaslikId`, `MalzemeId`, `Miktar`, `SatirAciklamasi`)
VALUES (@p25, @p26, @p27, @p28, @p29);
SELECT `Id`
FROM `HareketKalemleri`
WHERE ROW_COUNT() = 1 AND `Id` = LAST_INSERT_ID();

INSERT INTO `HareketKalemleri` (`BirimFiyat`, `HareketBaslikId`, `MalzemeId`, `Miktar`, `SatirAciklamasi`)
VALUES (@p30, @p31, @p32, @p33, @p34);
SELECT `Id`
FROM `HareketKalemleri`
WHERE ROW_COUNT() = 1 AND `Id` = LAST_INSERT_ID();

INSERT INTO `HareketKalemleri` (`BirimFiyat`, `HareketBaslikId`, `MalzemeId`, `Miktar`, `SatirAciklamasi`)
VALUES (@p35, @p36, @p37, @p38, @p39);
SELECT `Id`
FROM `HareketKalemleri`
WHERE ROW_COUNT() = 1 AND `Id` = LAST_INSERT_ID();

INSERT INTO `HareketKalemleri` (`BirimFiyat`, `HareketBaslikId`, `MalzemeId`, `Miktar`, `SatirAciklamasi`)
VALUES (@p40, @p41, @p42, @p43, @p44);
SELECT `Id`
FROM `HareketKalemleri`
WHERE ROW_COUNT() = 1 AND `Id` = LAST_INSERT_ID();

INSERT INTO `HareketKalemleri` (`BirimFiyat`, `HareketBaslikId`, `MalzemeId`, `Miktar`, `SatirAciklamasi`)
VALUES (@p45, @p46, @p47, @p48, @p49);
SELECT `Id`
FROM `HareketKalemleri`
WHERE ROW_COUNT() = 1 AND `Id` = LAST_INSERT_ID();

INSERT INTO `HareketKalemleri` (`BirimFiyat`, `HareketBaslikId`, `MalzemeId`, `Miktar`, `SatirAciklamasi`)
VALUES (@p50, @p51, @p52, @p53, @p54);
SELECT `Id`
FROM `HareketKalemleri`
WHERE ROW_COUNT() = 1 AND `Id` = LAST_INSERT_ID();

INSERT INTO `HareketKalemleri` (`BirimFiyat`, `HareketBaslikId`, `MalzemeId`, `Miktar`, `SatirAciklamasi`)
VALUES (@p55, @p56, @p57, @p58, @p59);
SELECT `Id`
FROM `HareketKalemleri`
WHERE ROW_COUNT() = 1 AND `Id` = LAST_INSERT_ID();

INSERT INTO `HareketKalemleri` (`BirimFiyat`, `HareketBaslikId`, `MalzemeId`, `Miktar`, `SatirAciklamasi`)
VALUES (@p60, @p61, @p62, @p63, @p64);
SELECT `Id`
FROM `HareketKalemleri`
WHERE ROW_COUNT() = 1 AND `Id` = LAST_INSERT_ID();

INSERT INTO `HareketKalemleri` (`BirimFiyat`, `HareketBaslikId`, `MalzemeId`, `Miktar`, `SatirAciklamasi`)
VALUES (@p65, @p66, @p67, @p68, @p69);
SELECT `Id`
FROM `HareketKalemleri`
WHERE ROW_COUNT() = 1 AND `Id` = LAST_INSERT_ID();

INSERT INTO `HareketKalemleri` (`BirimFiyat`, `HareketBaslikId`, `MalzemeId`, `Miktar`, `SatirAciklamasi`)
VALUES (@p70, @p71, @p72, @p73, @p74);
SELECT `Id`
FROM `HareketKalemleri`
WHERE ROW_COUNT() = 1 AND `Id` = LAST_INSERT_ID();

INSERT INTO `HareketKalemleri` (`BirimFiyat`, `HareketBaslikId`, `MalzemeId`, `Miktar`, `SatirAciklamasi`)
VALUES (@p75, @p76, @p77, @p78, @p79);
SELECT `Id`
FROM `HareketKalemleri`
WHERE ROW_COUNT() = 1 AND `Id` = LAST_INSERT_ID();

INSERT INTO `HareketKalemleri` (`BirimFiyat`, `HareketBaslikId`, `MalzemeId`, `Miktar`, `SatirAciklamasi`)
VALUES (@p80, @p81, @p82, @p83, @p84);
SELECT `Id`
FROM `HareketKalemleri`
WHERE ROW_COUNT() = 1 AND `Id` = LAST_INSERT_ID();

INSERT INTO `HareketKalemleri` (`BirimFiyat`, `HareketBaslikId`, `MalzemeId`, `Miktar`, `SatirAciklamasi`)
VALUES (@p85, @p86, @p87, @p88, @p89);
SELECT `Id`
FROM `HareketKalemleri`
WHERE ROW_COUNT() = 1 AND `Id` = LAST_INSERT_ID();

INSERT INTO `HareketKalemleri` (`BirimFiyat`, `HareketBaslikId`, `MalzemeId`, `Miktar`, `SatirAciklamasi`)
VALUES (@p90, @p91, @p92, @p93, @p94);
SELECT `Id`
FROM `HareketKalemleri`
WHERE ROW_COUNT() = 1 AND `Id` = LAST_INSERT_ID();

INSERT INTO `HareketKalemleri` (`BirimFiyat`, `HareketBaslikId`, `MalzemeId`, `Miktar`, `SatirAciklamasi`)
VALUES (@p95, @p96, @p97, @p98, @p99);
SELECT `Id`
FROM `HareketKalemleri`
WHERE ROW_COUNT() = 1 AND `Id` = LAST_INSERT_ID();

INSERT INTO `HareketKalemleri` (`BirimFiyat`, `HareketBaslikId`, `MalzemeId`, `Miktar`, `SatirAciklamasi`)
VALUES (@p100, @p101, @p102, @p103, @p104);
SELECT `Id`
FROM `HareketKalemleri`
WHERE ROW_COUNT() = 1 AND `Id` = LAST_INSERT_ID();

INSERT INTO `HareketKalemleri` (`BirimFiyat`, `HareketBaslikId`, `MalzemeId`, `Miktar`, `SatirAciklamasi`)
VALUES (@p105, @p106, @p107, @p108, @p109);
SELECT `Id`
FROM `HareketKalemleri`
WHERE ROW_COUNT() = 1 AND `Id` = LAST_INSERT_ID();

INSERT INTO `HareketKalemleri` (`BirimFiyat`, `HareketBaslikId`, `MalzemeId`, `Miktar`, `SatirAciklamasi`)
VALUES (@p110, @p111, @p112, @p113, @p114);
SELECT `Id`
FROM `HareketKalemleri`
WHERE ROW_COUNT() = 1 AND `Id` = LAST_INSERT_ID();

INSERT INTO `HareketKalemleri` (`BirimFiyat`, `HareketBaslikId`, `MalzemeId`, `Miktar`, `SatirAciklamasi`)
VALUES (@p115, @p116, @p117, @p118, @p119);
SELECT `Id`
FROM `HareketKalemleri`
WHERE ROW_COUNT() = 1 AND `Id` = LAST_INSERT_ID();

INSERT INTO `HareketKalemleri` (`BirimFiyat`, `HareketBaslikId`, `MalzemeId`, `Miktar`, `SatirAciklamasi`)
VALUES (@p120, @p121, @p122, @p123, @p124);
SELECT `Id`
FROM `HareketKalemleri`
WHERE ROW_COUNT() = 1 AND `Id` = LAST_INSERT_ID();

INSERT INTO `HareketKalemleri` (`BirimFiyat`, `HareketBaslikId`, `MalzemeId`, `Miktar`, `SatirAciklamasi`)
VALUES (@p125, @p126, @p127, @p128, @p129);
SELECT `Id`
FROM `HareketKalemleri`
WHERE ROW_COUNT() = 1 AND `Id` = LAST_INSERT_ID();

INSERT INTO `HareketKalemleri` (`BirimFiyat`, `HareketBaslikId`, `MalzemeId`, `Miktar`, `SatirAciklamasi`)
VALUES (@p130, @p131, @p132, @p133, @p134);
SELECT `Id`
FROM `HareketKalemleri`
WHERE ROW_COUNT() = 1 AND `Id` = LAST_INSERT_ID();

INSERT INTO `HareketKalemleri` (`BirimFiyat`, `HareketBaslikId`, `MalzemeId`, `Miktar`, `SatirAciklamasi`)
VALUES (@p135, @p136, @p137, @p138, @p139);
SELECT `Id`
FROM `HareketKalemleri`
WHERE ROW_COUNT() = 1 AND `Id` = LAST_INSERT_ID();

INSERT INTO `HareketKalemleri` (`BirimFiyat`, `HareketBaslikId`, `MalzemeId`, `Miktar`, `SatirAciklamasi`)
VALUES (@p140, @p141, @p142, @p143, @p144);
SELECT `Id`
FROM `HareketKalemleri`
WHERE ROW_COUNT() = 1 AND `Id` = LAST_INSERT_ID();

INSERT INTO `HareketKalemleri` (`BirimFiyat`, `HareketBaslikId`, `MalzemeId`, `Miktar`, `SatirAciklamasi`)
VALUES (@p145, @p146, @p147, @p148, @p149);
SELECT `Id`
FROM `HareketKalemleri`
WHERE ROW_COUNT() = 1 AND `Id` = LAST_INSERT_ID();

INSERT INTO `HareketKalemleri` (`BirimFiyat`, `HareketBaslikId`, `MalzemeId`, `Miktar`, `SatirAciklamasi`)
VALUES (@p150, @p151, @p152, @p153, @p154);
SELECT `Id`
FROM `HareketKalemleri`
WHERE ROW_COUNT() = 1 AND `Id` = LAST_INSERT_ID();

INSERT INTO `HareketKalemleri` (`BirimFiyat`, `HareketBaslikId`, `MalzemeId`, `Miktar`, `SatirAciklamasi`)
VALUES (@p155, @p156, @p157, @p158, @p159);
SELECT `Id`
FROM `HareketKalemleri`
WHERE ROW_COUNT() = 1 AND `Id` = LAST_INSERT_ID();

INSERT INTO `HareketKalemleri` (`BirimFiyat`, `HareketBaslikId`, `MalzemeId`, `Miktar`, `SatirAciklamasi`)
VALUES (@p160, @p161, @p162, @p163, @p164);
SELECT `Id`
FROM `HareketKalemleri`
WHERE ROW_COUNT() = 1 AND `Id` = LAST_INSERT_ID();

INSERT INTO `HareketKalemleri` (`BirimFiyat`, `HareketBaslikId`, `MalzemeId`, `Miktar`, `SatirAciklamasi`)
VALUES (@p165, @p166, @p167, @p168, @p169);
SELECT `Id`
FROM `HareketKalemleri`
WHERE ROW_COUNT() = 1 AND `Id` = LAST_INSERT_ID();

INSERT INTO `HareketKalemleri` (`BirimFiyat`, `HareketBaslikId`, `MalzemeId`, `Miktar`, `SatirAciklamasi`)
VALUES (@p170, @p171, @p172, @p173, @p174);
SELECT `Id`
FROM `HareketKalemleri`
WHERE ROW_COUNT() = 1 AND `Id` = LAST_INSERT_ID();

INSERT INTO `HareketKalemleri` (`BirimFiyat`, `HareketBaslikId`, `MalzemeId`, `Miktar`, `SatirAciklamasi`)
VALUES (@p175, @p176, @p177, @p178, @p179);
SELECT `Id`
FROM `HareketKalemleri`
WHERE ROW_COUNT() = 1 AND `Id` = LAST_INSERT_ID();

INSERT INTO `HareketKalemleri` (`BirimFiyat`, `HareketBaslikId`, `MalzemeId`, `Miktar`, `SatirAciklamasi`)
VALUES (@p180, @p181, @p182, @p183, @p184);
SELECT `Id`
FROM `HareketKalemleri`
WHERE ROW_COUNT() = 1 AND `Id` = LAST_INSERT_ID();

INSERT INTO `HareketKalemleri` (`BirimFiyat`, `HareketBaslikId`, `MalzemeId`, `Miktar`, `SatirAciklamasi`)
VALUES (@p185, @p186, @p187, @p188, @p189);
SELECT `Id`
FROM `HareketKalemleri`
WHERE ROW_COUNT() = 1 AND `Id` = LAST_INSERT_ID();

INSERT INTO `HareketKalemleri` (`BirimFiyat`, `HareketBaslikId`, `MalzemeId`, `Miktar`, `SatirAciklamasi`)
VALUES (@p190, @p191, @p192, @p193, @p194);
SELECT `Id`
FROM `HareketKalemleri`
WHERE ROW_COUNT() = 1 AND `Id` = LAST_INSERT_ID();

INSERT INTO `HareketKalemleri` (`BirimFiyat`, `HareketBaslikId`, `MalzemeId`, `Miktar`, `SatirAciklamasi`)
VALUES (@p195, @p196, @p197, @p198, @p199);
SELECT `Id`
FROM `HareketKalemleri`
WHERE ROW_COUNT() = 1 AND `Id` = LAST_INSERT_ID();

INSERT INTO `HareketKalemleri` (`BirimFiyat`, `HareketBaslikId`, `MalzemeId`, `Miktar`, `SatirAciklamasi`)
VALUES (@p200, @p201, @p202, @p203, @p204);
SELECT `Id`
FROM `HareketKalemleri`
WHERE ROW_COUNT() = 1 AND `Id` = LAST_INSERT_ID();

INSERT INTO `HareketKalemleri` (`BirimFiyat`, `HareketBaslikId`, `MalzemeId`, `Miktar`, `SatirAciklamasi`)
VALUES (@p205, @p206, @p207, @p208, @p209);
SELECT `Id`
FROM `HareketKalemleri`
WHERE ROW_COUNT() = 1 AND `Id` = LAST_INSERT_ID();
2026-08-13 14:33:49.051 +03:00 [INF] Executed DbCommand (1ms) [Parameters=[@p0='?' (DbType = Decimal), @p1='?' (DbType = Int32), @p2='?' (DbType = Int32), @p3='?' (DbType = Decimal), @p4='?' (Size = 150), @p5='?' (DbType = Decimal), @p6='?' (DbType = Int32), @p7='?' (DbType = Int32), @p8='?' (DbType = Decimal), @p9='?' (Size = 150), @p10='?' (DbType = Decimal), @p11='?' (DbType = Int32), @p12='?' (DbType = Int32), @p13='?' (DbType = Decimal), @p14='?' (Size = 150), @p15='?' (DbType = Decimal), @p16='?' (DbType = Int32), @p17='?' (DbType = Int32), @p18='?' (DbType = Decimal), @p19='?' (Size = 150), @p20='?' (DbType = Decimal), @p21='?' (DbType = Int32), @p22='?' (DbType = Int32), @p23='?' (DbType = Decimal), @p24='?' (Size = 150), @p25='?' (DbType = Decimal), @p26='?' (DbType = Int32), @p27='?' (DbType = Int32), @p28='?' (DbType = Decimal), @p29='?' (Size = 150), @p30='?' (DbType = Decimal), @p31='?' (DbType = Int32), @p32='?' (DbType = Int32), @p33='?' (DbType = Decimal), @p34='?' (Size = 150), @p35='?' (DbType = Decimal), @p36='?' (DbType = Int32), @p37='?' (DbType = Int32), @p38='?' (DbType = Decimal), @p39='?' (Size = 150), @p40='?' (DbType = Decimal), @p41='?' (DbType = Int32), @p42='?' (DbType = Int32), @p43='?' (DbType = Decimal), @p44='?' (Size = 150), @p45='?' (DbType = Decimal), @p46='?' (DbType = Int32), @p47='?' (DbType = Int32), @p48='?' (DbType = Decimal), @p49='?' (Size = 150), @p50='?' (DbType = Decimal), @p51='?' (DbType = Int32), @p52='?' (DbType = Int32), @p53='?' (DbType = Decimal), @p54='?' (Size = 150), @p55='?' (DbType = Decimal), @p56='?' (DbType = Int32), @p57='?' (DbType = Int32), @p58='?' (DbType = Decimal), @p59='?' (Size = 150), @p60='?' (DbType = Decimal), @p61='?' (DbType = Int32), @p62='?' (DbType = Int32), @p63='?' (DbType = Decimal), @p64='?' (Size = 150), @p65='?' (DbType = Decimal), @p66='?' (DbType = Int32), @p67='?' (DbType = Int32), @p68='?' (DbType = Decimal), @p69='?' (Size = 150), @p70='?' (DbType = Decimal), @p71='?' (DbType = Int32), @p72='?' (DbType = Int32), @p73='?' (DbType = Decimal), @p74='?' (Size = 150), @p75='?' (DbType = Decimal), @p76='?' (DbType = Int32), @p77='?' (DbType = Int32), @p78='?' (DbType = Decimal), @p79='?' (Size = 150), @p80='?' (DbType = Decimal), @p81='?' (DbType = Int32), @p82='?' (DbType = Int32), @p83='?' (DbType = Decimal), @p84='?' (Size = 150), @p85='?' (DbType = Decimal), @p86='?' (DbType = Int32), @p87='?' (DbType = Int32), @p88='?' (DbType = Decimal), @p89='?' (Size = 150), @p90='?' (DbType = Decimal), @p91='?' (DbType = Int32), @p92='?' (DbType = Int32), @p93='?' (DbType = Decimal), @p94='?' (Size = 150), @p95='?' (DbType = Decimal), @p96='?' (DbType = Int32), @p97='?' (DbType = Int32), @p98='?' (DbType = Decimal), @p99='?' (Size = 150), @p100='?' (DbType = Decimal), @p101='?' (DbType = Int32), @p102='?' (DbType = Int32), @p103='?' (DbType = Decimal), @p104='?' (Size = 150)], CommandType='"Text"', CommandTimeout='30']
INSERT INTO `HareketKalemleri` (`BirimFiyat`, `HareketBaslikId`, `MalzemeId`, `Miktar`, `SatirAciklamasi`)
VALUES (@p0, @p1, @p2, @p3, @p4);
SELECT `Id`
FROM `HareketKalemleri`
WHERE ROW_COUNT() = 1 AND `Id` = LAST_INSERT_ID();

INSERT INTO `HareketKalemleri` (`BirimFiyat`, `HareketBaslikId`, `MalzemeId`, `Miktar`, `SatirAciklamasi`)
VALUES (@p5, @p6, @p7, @p8, @p9);
SELECT `Id`
FROM `HareketKalemleri`
WHERE ROW_COUNT() = 1 AND `Id` = LAST_INSERT_ID();

INSERT INTO `HareketKalemleri` (`BirimFiyat`, `HareketBaslikId`, `MalzemeId`, `Miktar`, `SatirAciklamasi`)
VALUES (@p10, @p11, @p12, @p13, @p14);
SELECT `Id`
FROM `HareketKalemleri`
WHERE ROW_COUNT() = 1 AND `Id` = LAST_INSERT_ID();

INSERT INTO `HareketKalemleri` (`BirimFiyat`, `HareketBaslikId`, `MalzemeId`, `Miktar`, `SatirAciklamasi`)
VALUES (@p15, @p16, @p17, @p18, @p19);
SELECT `Id`
FROM `HareketKalemleri`
WHERE ROW_COUNT() = 1 AND `Id` = LAST_INSERT_ID();

INSERT INTO `HareketKalemleri` (`BirimFiyat`, `HareketBaslikId`, `MalzemeId`, `Miktar`, `SatirAciklamasi`)
VALUES (@p20, @p21, @p22, @p23, @p24);
SELECT `Id`
FROM `HareketKalemleri`
WHERE ROW_COUNT() = 1 AND `Id` = LAST_INSERT_ID();

INSERT INTO `HareketKalemleri` (`BirimFiyat`, `HareketBaslikId`, `MalzemeId`, `Miktar`, `SatirAciklamasi`)
VALUES (@p25, @p26, @p27, @p28, @p29);
SELECT `Id`
FROM `HareketKalemleri`
WHERE ROW_COUNT() = 1 AND `Id` = LAST_INSERT_ID();

INSERT INTO `HareketKalemleri` (`BirimFiyat`, `HareketBaslikId`, `MalzemeId`, `Miktar`, `SatirAciklamasi`)
VALUES (@p30, @p31, @p32, @p33, @p34);
SELECT `Id`
FROM `HareketKalemleri`
WHERE ROW_COUNT() = 1 AND `Id` = LAST_INSERT_ID();

INSERT INTO `HareketKalemleri` (`BirimFiyat`, `HareketBaslikId`, `MalzemeId`, `Miktar`, `SatirAciklamasi`)
VALUES (@p35, @p36, @p37, @p38, @p39);
SELECT `Id`
FROM `HareketKalemleri`
WHERE ROW_COUNT() = 1 AND `Id` = LAST_INSERT_ID();

INSERT INTO `HareketKalemleri` (`BirimFiyat`, `HareketBaslikId`, `MalzemeId`, `Miktar`, `SatirAciklamasi`)
VALUES (@p40, @p41, @p42, @p43, @p44);
SELECT `Id`
FROM `HareketKalemleri`
WHERE ROW_COUNT() = 1 AND `Id` = LAST_INSERT_ID();

INSERT INTO `HareketKalemleri` (`BirimFiyat`, `HareketBaslikId`, `MalzemeId`, `Miktar`, `SatirAciklamasi`)
VALUES (@p45, @p46, @p47, @p48, @p49);
SELECT `Id`
FROM `HareketKalemleri`
WHERE ROW_COUNT() = 1 AND `Id` = LAST_INSERT_ID();

INSERT INTO `HareketKalemleri` (`BirimFiyat`, `HareketBaslikId`, `MalzemeId`, `Miktar`, `SatirAciklamasi`)
VALUES (@p50, @p51, @p52, @p53, @p54);
SELECT `Id`
FROM `HareketKalemleri`
WHERE ROW_COUNT() = 1 AND `Id` = LAST_INSERT_ID();

INSERT INTO `HareketKalemleri` (`BirimFiyat`, `HareketBaslikId`, `MalzemeId`, `Miktar`, `SatirAciklamasi`)
VALUES (@p55, @p56, @p57, @p58, @p59);
SELECT `Id`
FROM `HareketKalemleri`
WHERE ROW_COUNT() = 1 AND `Id` = LAST_INSERT_ID();

INSERT INTO `HareketKalemleri` (`BirimFiyat`, `HareketBaslikId`, `MalzemeId`, `Miktar`, `SatirAciklamasi`)
VALUES (@p60, @p61, @p62, @p63, @p64);
SELECT `Id`
FROM `HareketKalemleri`
WHERE ROW_COUNT() = 1 AND `Id` = LAST_INSERT_ID();

INSERT INTO `HareketKalemleri` (`BirimFiyat`, `HareketBaslikId`, `MalzemeId`, `Miktar`, `SatirAciklamasi`)
VALUES (@p65, @p66, @p67, @p68, @p69);
SELECT `Id`
FROM `HareketKalemleri`
WHERE ROW_COUNT() = 1 AND `Id` = LAST_INSERT_ID();

INSERT INTO `HareketKalemleri` (`BirimFiyat`, `HareketBaslikId`, `MalzemeId`, `Miktar`, `SatirAciklamasi`)
VALUES (@p70, @p71, @p72, @p73, @p74);
SELECT `Id`
FROM `HareketKalemleri`
WHERE ROW_COUNT() = 1 AND `Id` = LAST_INSERT_ID();

INSERT INTO `HareketKalemleri` (`BirimFiyat`, `HareketBaslikId`, `MalzemeId`, `Miktar`, `SatirAciklamasi`)
VALUES (@p75, @p76, @p77, @p78, @p79);
SELECT `Id`
FROM `HareketKalemleri`
WHERE ROW_COUNT() = 1 AND `Id` = LAST_INSERT_ID();

INSERT INTO `HareketKalemleri` (`BirimFiyat`, `HareketBaslikId`, `MalzemeId`, `Miktar`, `SatirAciklamasi`)
VALUES (@p80, @p81, @p82, @p83, @p84);
SELECT `Id`
FROM `HareketKalemleri`
WHERE ROW_COUNT() = 1 AND `Id` = LAST_INSERT_ID();

INSERT INTO `HareketKalemleri` (`BirimFiyat`, `HareketBaslikId`, `MalzemeId`, `Miktar`, `SatirAciklamasi`)
VALUES (@p85, @p86, @p87, @p88, @p89);
SELECT `Id`
FROM `HareketKalemleri`
WHERE ROW_COUNT() = 1 AND `Id` = LAST_INSERT_ID();

INSERT INTO `HareketKalemleri` (`BirimFiyat`, `HareketBaslikId`, `MalzemeId`, `Miktar`, `SatirAciklamasi`)
VALUES (@p90, @p91, @p92, @p93, @p94);
SELECT `Id`
FROM `HareketKalemleri`
WHERE ROW_COUNT() = 1 AND `Id` = LAST_INSERT_ID();

INSERT INTO `HareketKalemleri` (`BirimFiyat`, `HareketBaslikId`, `MalzemeId`, `Miktar`, `SatirAciklamasi`)
VALUES (@p95, @p96, @p97, @p98, @p99);
SELECT `Id`
FROM `HareketKalemleri`
WHERE ROW_COUNT() = 1 AND `Id` = LAST_INSERT_ID();

INSERT INTO `HareketKalemleri` (`BirimFiyat`, `HareketBaslikId`, `MalzemeId`, `Miktar`, `SatirAciklamasi`)
VALUES (@p100, @p101, @p102, @p103, @p104);
SELECT `Id`
FROM `HareketKalemleri`
WHERE ROW_COUNT() = 1 AND `Id` = LAST_INSERT_ID();
2026-08-13 14:33:49.122 +03:00 [INF] Executed DbCommand (2ms) [Parameters=[@p0='?' (Size = 250), @p1='?' (DbType = DateTime), @p2='?' (Size = 50), @p3='?' (DbType = Int32), @p4='?' (DbType = Int32), @p5='?' (Size = 250), @p6='?' (DbType = DateTime), @p7='?' (DbType = Boolean), @p8='?' (DbType = Int32), @p9='?' (DbType = Int32), @p10='?' (DbType = DateTime), @p11='?' (Size = 250), @p12='?' (DbType = DateTime), @p13='?' (Size = 50), @p14='?' (DbType = Int32), @p15='?' (DbType = Int32), @p16='?' (Size = 250), @p17='?' (DbType = DateTime), @p18='?' (DbType = Boolean), @p19='?' (DbType = Int32), @p20='?' (DbType = Int32), @p21='?' (DbType = DateTime), @p22='?' (Size = 250), @p23='?' (DbType = DateTime), @p24='?' (Size = 50), @p25='?' (DbType = Int32), @p26='?' (DbType = Int32), @p27='?' (Size = 250), @p28='?' (DbType = DateTime), @p29='?' (DbType = Boolean), @p30='?' (DbType = Int32), @p31='?' (DbType = Int32), @p32='?' (DbType = DateTime), @p33='?' (Size = 250), @p34='?' (DbType = DateTime), @p35='?' (Size = 50), @p36='?' (DbType = Int32), @p37='?' (DbType = Int32), @p38='?' (Size = 250), @p39='?' (DbType = DateTime), @p40='?' (DbType = Boolean), @p41='?' (DbType = Int32), @p42='?' (DbType = Int32), @p43='?' (DbType = DateTime), @p44='?' (Size = 250), @p45='?' (DbType = DateTime), @p46='?' (Size = 50), @p47='?' (DbType = Int32), @p48='?' (DbType = Int32), @p49='?' (Size = 250), @p50='?' (DbType = DateTime), @p51='?' (DbType = Boolean), @p52='?' (DbType = Int32), @p53='?' (DbType = Int32), @p54='?' (DbType = DateTime), @p55='?' (Size = 250), @p56='?' (DbType = DateTime), @p57='?' (Size = 50), @p58='?' (DbType = Int32), @p59='?' (DbType = Int32), @p60='?' (Size = 250), @p61='?' (DbType = DateTime), @p62='?' (DbType = Boolean), @p63='?' (DbType = Int32), @p64='?' (DbType = Int32), @p65='?' (DbType = DateTime), @p66='?' (Size = 250), @p67='?' (DbType = DateTime), @p68='?' (Size = 50), @p69='?' (DbType = Int32), @p70='?' (DbType = Int32), @p71='?' (Size = 250), @p72='?' (DbType = DateTime), @p73='?' (DbType = Boolean), @p74='?' (DbType = Int32), @p75='?' (DbType = Int32), @p76='?' (DbType = DateTime), @p77='?' (Size = 250), @p78='?' (DbType = DateTime), @p79='?' (Size = 50), @p80='?' (DbType = Int32), @p81='?' (DbType = Int32), @p82='?' (Size = 250), @p83='?' (DbType = DateTime), @p84='?' (DbType = Boolean), @p85='?' (DbType = Int32), @p86='?' (DbType = Int32), @p87='?' (DbType = DateTime), @p88='?' (Size = 250), @p89='?' (DbType = DateTime), @p90='?' (Size = 50), @p91='?' (DbType = Int32), @p92='?' (DbType = Int32), @p93='?' (Size = 250), @p94='?' (DbType = DateTime), @p95='?' (DbType = Boolean), @p96='?' (DbType = Int32), @p97='?' (DbType = Int32), @p98='?' (DbType = DateTime), @p99='?' (Size = 250), @p100='?' (DbType = DateTime), @p101='?' (Size = 50), @p102='?' (DbType = Int32), @p103='?' (DbType = Int32), @p104='?' (Size = 250), @p105='?' (DbType = DateTime), @p106='?' (DbType = Boolean), @p107='?' (DbType = Int32), @p108='?' (DbType = Int32), @p109='?' (DbType = DateTime), @p110='?' (Size = 250), @p111='?' (DbType = DateTime), @p112='?' (Size = 50), @p113='?' (DbType = Int32), @p114='?' (DbType = Int32), @p115='?' (Size = 250), @p116='?' (DbType = DateTime), @p117='?' (DbType = Boolean), @p118='?' (DbType = Int32), @p119='?' (DbType = Int32), @p120='?' (DbType = DateTime), @p121='?' (Size = 250), @p122='?' (DbType = DateTime), @p123='?' (Size = 50), @p124='?' (DbType = Int32), @p125='?' (DbType = Int32), @p126='?' (Size = 250), @p127='?' (DbType = DateTime), @p128='?' (DbType = Boolean), @p129='?' (DbType = Int32), @p130='?' (DbType = Int32), @p131='?' (DbType = DateTime), @p132='?' (Size = 250), @p133='?' (DbType = DateTime), @p134='?' (Size = 50), @p135='?' (DbType = Int32), @p136='?' (DbType = Int32), @p137='?' (Size = 250), @p138='?' (DbType = DateTime), @p139='?' (DbType = Boolean), @p140='?' (DbType = Int32), @p141='?' (DbType = Int32), @p142='?' (DbType = DateTime), @p143='?' (Size = 250), @p144='?' (DbType = DateTime), @p145='?' (Size = 50), @p146='?' (DbType = Int32), @p147='?' (DbType = Int32), @p148='?' (Size = 250), @p149='?' (DbType = DateTime), @p150='?' (DbType = Boolean), @p151='?' (DbType = Int32), @p152='?' (DbType = Int32), @p153='?' (DbType = DateTime), @p154='?' (Size = 250), @p155='?' (DbType = DateTime), @p156='?' (Size = 50), @p157='?' (DbType = Int32), @p158='?' (DbType = Int32), @p159='?' (Size = 250), @p160='?' (DbType = DateTime), @p161='?' (DbType = Boolean), @p162='?' (DbType = Int32), @p163='?' (DbType = Int32), @p164='?' (DbType = DateTime), @p165='?' (Size = 250), @p166='?' (DbType = DateTime), @p167='?' (Size = 50), @p168='?' (DbType = Int32), @p169='?' (DbType = Int32), @p170='?' (Size = 250), @p171='?' (DbType = DateTime), @p172='?' (DbType = Boolean), @p173='?' (DbType = Int32), @p174='?' (DbType = Int32), @p175='?' (DbType = DateTime), @p176='?' (Size = 250), @p177='?' (DbType = DateTime), @p178='?' (Size = 50), @p179='?' (DbType = Int32), @p180='?' (DbType = Int32), @p181='?' (Size = 250), @p182='?' (DbType = DateTime), @p183='?' (DbType = Boolean), @p184='?' (DbType = Int32), @p185='?' (DbType = Int32), @p186='?' (DbType = DateTime), @p187='?' (Size = 250), @p188='?' (DbType = DateTime), @p189='?' (Size = 50), @p190='?' (DbType = Int32), @p191='?' (DbType = Int32), @p192='?' (Size = 250), @p193='?' (DbType = DateTime), @p194='?' (DbType = Boolean), @p195='?' (DbType = Int32), @p196='?' (DbType = Int32), @p197='?' (DbType = DateTime), @p198='?' (Size = 250), @p199='?' (DbType = DateTime), @p200='?' (Size = 50), @p201='?' (DbType = Int32), @p202='?' (DbType = Int32), @p203='?' (Size = 250), @p204='?' (DbType = DateTime), @p205='?' (DbType = Boolean), @p206='?' (DbType = Int32), @p207='?' (DbType = Int32), @p208='?' (DbType = DateTime), @p209='?' (Size = 250), @p210='?' (DbType = DateTime), @p211='?' (Size = 50), @p212='?' (DbType = Int32), @p213='?' (DbType = Int32), @p214='?' (Size = 250), @p215='?' (DbType = DateTime), @p216='?' (DbType = Boolean), @p217='?' (DbType = Int32), @p218='?' (DbType = Int32), @p219='?' (DbType = DateTime), @p220='?' (Size = 250), @p221='?' (DbType = DateTime), @p222='?' (Size = 50), @p223='?' (DbType = Int32), @p224='?' (DbType = Int32), @p225='?' (Size = 250), @p226='?' (DbType = DateTime), @p227='?' (DbType = Boolean), @p228='?' (DbType = Int32), @p229='?' (DbType = Int32), @p230='?' (DbType = DateTime), @p231='?' (Size = 250), @p232='?' (DbType = DateTime), @p233='?' (Size = 50), @p234='?' (DbType = Int32), @p235='?' (DbType = Int32), @p236='?' (Size = 250), @p237='?' (DbType = DateTime), @p238='?' (DbType = Boolean), @p239='?' (DbType = Int32), @p240='?' (DbType = Int32), @p241='?' (DbType = DateTime), @p242='?' (Size = 250), @p243='?' (DbType = DateTime), @p244='?' (Size = 50), @p245='?' (DbType = Int32), @p246='?' (DbType = Int32), @p247='?' (Size = 250), @p248='?' (DbType = DateTime), @p249='?' (DbType = Boolean), @p250='?' (DbType = Int32), @p251='?' (DbType = Int32), @p252='?' (DbType = DateTime), @p253='?' (Size = 250), @p254='?' (DbType = DateTime), @p255='?' (Size = 50), @p256='?' (DbType = Int32), @p257='?' (DbType = Int32), @p258='?' (Size = 250), @p259='?' (DbType = DateTime), @p260='?' (DbType = Boolean), @p261='?' (DbType = Int32), @p262='?' (DbType = Int32), @p263='?' (DbType = DateTime), @p264='?' (Size = 250), @p265='?' (DbType = DateTime), @p266='?' (Size = 50), @p267='?' (DbType = Int32), @p268='?' (DbType = Int32), @p269='?' (Size = 250), @p270='?' (DbType = DateTime), @p271='?' (DbType = Boolean), @p272='?' (DbType = Int32), @p273='?' (DbType = Int32), @p274='?' (DbType = DateTime), @p275='?' (Size = 250), @p276='?' (DbType = DateTime), @p277='?' (Size = 50), @p278='?' (DbType = Int32), @p279='?' (DbType = Int32), @p280='?' (Size = 250), @p281='?' (DbType = DateTime), @p282='?' (DbType = Boolean), @p283='?' (DbType = Int32), @p284='?' (DbType = Int32), @p285='?' (DbType = DateTime), @p286='?' (Size = 250), @p287='?' (DbType = DateTime), @p288='?' (Size = 50), @p289='?' (DbType = Int32), @p290='?' (DbType = Int32), @p291='?' (Size = 250), @p292='?' (DbType = DateTime), @p293='?' (DbType = Boolean), @p294='?' (DbType = Int32), @p295='?' (DbType = Int32), @p296='?' (DbType = DateTime), @p297='?' (Size = 250), @p298='?' (DbType = DateTime), @p299='?' (Size = 50), @p300='?' (DbType = Int32), @p301='?' (DbType = Int32), @p302='?' (Size = 250), @p303='?' (DbType = DateTime), @p304='?' (DbType = Boolean), @p305='?' (DbType = Int32), @p306='?' (DbType = Int32), @p307='?' (DbType = DateTime), @p308='?' (Size = 250), @p309='?' (DbType = DateTime), @p310='?' (Size = 50), @p311='?' (DbType = Int32), @p312='?' (DbType = Int32), @p313='?' (Size = 250), @p314='?' (DbType = DateTime), @p315='?' (DbType = Boolean), @p316='?' (DbType = Int32), @p317='?' (DbType = Int32), @p318='?' (DbType = DateTime), @p319='?' (Size = 250), @p320='?' (DbType = DateTime), @p321='?' (Size = 50), @p322='?' (DbType = Int32), @p323='?' (DbType = Int32), @p324='?' (Size = 250), @p325='?' (DbType = DateTime), @p326='?' (DbType = Boolean), @p327='?' (DbType = Int32), @p328='?' (DbType = Int32), @p329='?' (DbType = DateTime), @p330='?' (Size = 250), @p331='?' (DbType = DateTime), @p332='?' (Size = 50), @p333='?' (DbType = Int32), @p334='?' (DbType = Int32), @p335='?' (Size = 250), @p336='?' (DbType = DateTime), @p337='?' (DbType = Boolean), @p338='?' (DbType = Int32), @p339='?' (DbType = Int32), @p340='?' (DbType = DateTime), @p341='?' (Size = 250), @p342='?' (DbType = DateTime), @p343='?' (Size = 50), @p344='?' (DbType = Int32), @p345='?' (DbType = Int32), @p346='?' (Size = 250), @p347='?' (DbType = DateTime), @p348='?' (DbType = Boolean), @p349='?' (DbType = Int32), @p350='?' (DbType = Int32), @p351='?' (DbType = DateTime), @p352='?' (Size = 250), @p353='?' (DbType = DateTime), @p354='?' (Size = 50), @p355='?' (DbType = Int32), @p356='?' (DbType = Int32), @p357='?' (Size = 250), @p358='?' (DbType = DateTime), @p359='?' (DbType = Boolean), @p360='?' (DbType = Int32), @p361='?' (DbType = Int32), @p362='?' (DbType = DateTime), @p363='?' (Size = 250), @p364='?' (DbType = DateTime), @p365='?' (Size = 50), @p366='?' (DbType = Int32), @p367='?' (DbType = Int32), @p368='?' (Size = 250), @p369='?' (DbType = DateTime), @p370='?' (DbType = Boolean), @p371='?' (DbType = Int32), @p372='?' (DbType = Int32), @p373='?' (DbType = DateTime), @p374='?' (Size = 250), @p375='?' (DbType = DateTime), @p376='?' (Size = 50), @p377='?' (DbType = Int32), @p378='?' (DbType = Int32), @p379='?' (Size = 250), @p380='?' (DbType = DateTime), @p381='?' (DbType = Boolean), @p382='?' (DbType = Int32), @p383='?' (DbType = Int32), @p384='?' (DbType = DateTime), @p385='?' (Size = 250), @p386='?' (DbType = DateTime), @p387='?' (Size = 50), @p388='?' (DbType = Int32), @p389='?' (DbType = Int32), @p390='?' (Size = 250), @p391='?' (DbType = DateTime), @p392='?' (DbType = Boolean), @p393='?' (DbType = Int32), @p394='?' (DbType = Int32), @p395='?' (DbType = DateTime), @p396='?' (Size = 250), @p397='?' (DbType = DateTime), @p398='?' (Size = 50), @p399='?' (DbType = Int32), @p400='?' (DbType = Int32), @p401='?' (Size = 250), @p402='?' (DbType = DateTime), @p403='?' (DbType = Boolean), @p404='?' (DbType = Int32), @p405='?' (DbType = Int32), @p406='?' (DbType = DateTime), @p407='?' (Size = 250), @p408='?' (DbType = DateTime), @p409='?' (Size = 50), @p410='?' (DbType = Int32), @p411='?' (DbType = Int32), @p412='?' (Size = 250), @p413='?' (DbType = DateTime), @p414='?' (DbType = Boolean), @p415='?' (DbType = Int32), @p416='?' (DbType = Int32), @p417='?' (DbType = DateTime), @p418='?' (Size = 250), @p419='?' (DbType = DateTime), @p420='?' (Size = 50), @p421='?' (DbType = Int32), @p422='?' (DbType = Int32), @p423='?' (Size = 250), @p424='?' (DbType = DateTime), @p425='?' (DbType = Boolean), @p426='?' (DbType = Int32), @p427='?' (DbType = Int32), @p428='?' (DbType = DateTime), @p429='?' (Size = 250), @p430='?' (DbType = DateTime), @p431='?' (Size = 50), @p432='?' (DbType = Int32), @p433='?' (DbType = Int32), @p434='?' (Size = 250), @p435='?' (DbType = DateTime), @p436='?' (DbType = Boolean), @p437='?' (DbType = Int32), @p438='?' (DbType = Int32), @p439='?' (DbType = DateTime), @p440='?' (Size = 250), @p441='?' (DbType = DateTime), @p442='?' (Size = 50), @p443='?' (DbType = Int32), @p444='?' (DbType = Int32), @p445='?' (Size = 250), @p446='?' (DbType = DateTime), @p447='?' (DbType = Boolean), @p448='?' (DbType = Int32), @p449='?' (DbType = Int32), @p450='?' (DbType = DateTime), @p451='?' (Size = 250), @p452='?' (DbType = DateTime), @p453='?' (Size = 50), @p454='?' (DbType = Int32), @p455='?' (DbType = Int32), @p456='?' (Size = 250), @p457='?' (DbType = DateTime), @p458='?' (DbType = Boolean), @p459='?' (DbType = Int32), @p460='?' (DbType = Int32), @p461='?' (DbType = DateTime)], CommandType='"Text"', CommandTimeout='30']
INSERT INTO `HareketBasliklari` (`Aciklama`, `CreatedAt`, `FisNo`, `HareketTipi`, `HedefDepoId`, `IptalNedeni`, `IptalTarihi`, `IsIptal`, `KaynakDepoId`, `OlusturanKullaniciId`, `Tarih`)
VALUES (@p0, @p1, @p2, @p3, @p4, @p5, @p6, @p7, @p8, @p9, @p10);
SELECT `Id`
FROM `HareketBasliklari`
WHERE ROW_COUNT() = 1 AND `Id` = LAST_INSERT_ID();

INSERT INTO `HareketBasliklari` (`Aciklama`, `CreatedAt`, `FisNo`, `HareketTipi`, `HedefDepoId`, `IptalNedeni`, `IptalTarihi`, `IsIptal`, `KaynakDepoId`, `OlusturanKullaniciId`, `Tarih`)
VALUES (@p11, @p12, @p13, @p14, @p15, @p16, @p17, @p18, @p19, @p20, @p21);
SELECT `Id`
FROM `HareketBasliklari`
WHERE ROW_COUNT() = 1 AND `Id` = LAST_INSERT_ID();

INSERT INTO `HareketBasliklari` (`Aciklama`, `CreatedAt`, `FisNo`, `HareketTipi`, `HedefDepoId`, `IptalNedeni`, `IptalTarihi`, `IsIptal`, `KaynakDepoId`, `OlusturanKullaniciId`, `Tarih`)
VALUES (@p22, @p23, @p24, @p25, @p26, @p27, @p28, @p29, @p30, @p31, @p32);
SELECT `Id`
FROM `HareketBasliklari`
WHERE ROW_COUNT() = 1 AND `Id` = LAST_INSERT_ID();

INSERT INTO `HareketBasliklari` (`Aciklama`, `CreatedAt`, `FisNo`, `HareketTipi`, `HedefDepoId`, `IptalNedeni`, `IptalTarihi`, `IsIptal`, `KaynakDepoId`, `OlusturanKullaniciId`, `Tarih`)
VALUES (@p33, @p34, @p35, @p36, @p37, @p38, @p39, @p40, @p41, @p42, @p43);
SELECT `Id`
FROM `HareketBasliklari`
WHERE ROW_COUNT() = 1 AND `Id` = LAST_INSERT_ID();

INSERT INTO `HareketBasliklari` (`Aciklama`, `CreatedAt`, `FisNo`, `HareketTipi`, `HedefDepoId`, `IptalNedeni`, `IptalTarihi`, `IsIptal`, `KaynakDepoId`, `OlusturanKullaniciId`, `Tarih`)
VALUES (@p44, @p45, @p46, @p47, @p48, @p49, @p50, @p51, @p52, @p53, @p54);
SELECT `Id`
FROM `HareketBasliklari`
WHERE ROW_COUNT() = 1 AND `Id` = LAST_INSERT_ID();

INSERT INTO `HareketBasliklari` (`Aciklama`, `CreatedAt`, `FisNo`, `HareketTipi`, `HedefDepoId`, `IptalNedeni`, `IptalTarihi`, `IsIptal`, `KaynakDepoId`, `OlusturanKullaniciId`, `Tarih`)
VALUES (@p55, @p56, @p57, @p58, @p59, @p60, @p61, @p62, @p63, @p64, @p65);
SELECT `Id`
FROM `HareketBasliklari`
WHERE ROW_COUNT() = 1 AND `Id` = LAST_INSERT_ID();

INSERT INTO `HareketBasliklari` (`Aciklama`, `CreatedAt`, `FisNo`, `HareketTipi`, `HedefDepoId`, `IptalNedeni`, `IptalTarihi`, `IsIptal`, `KaynakDepoId`, `OlusturanKullaniciId`, `Tarih`)
VALUES (@p66, @p67, @p68, @p69, @p70, @p71, @p72, @p73, @p74, @p75, @p76);
SELECT `Id`
FROM `HareketBasliklari`
WHERE ROW_COUNT() = 1 AND `Id` = LAST_INSERT_ID();

INSERT INTO `HareketBasliklari` (`Aciklama`, `CreatedAt`, `FisNo`, `HareketTipi`, `HedefDepoId`, `IptalNedeni`, `IptalTarihi`, `IsIptal`, `KaynakDepoId`, `OlusturanKullaniciId`, `Tarih`)
VALUES (@p77, @p78, @p79, @p80, @p81, @p82, @p83, @p84, @p85, @p86, @p87);
SELECT `Id`
FROM `HareketBasliklari`
WHERE ROW_COUNT() = 1 AND `Id` = LAST_INSERT_ID();

INSERT INTO `HareketBasliklari` (`Aciklama`, `CreatedAt`, `FisNo`, `HareketTipi`, `HedefDepoId`, `IptalNedeni`, `IptalTarihi`, `IsIptal`, `KaynakDepoId`, `OlusturanKullaniciId`, `Tarih`)
VALUES (@p88, @p89, @p90, @p91, @p92, @p93, @p94, @p95, @p96, @p97, @p98);
SELECT `Id`
FROM `HareketBasliklari`
WHERE ROW_COUNT() = 1 AND `Id` = LAST_INSERT_ID();

INSERT INTO `HareketBasliklari` (`Aciklama`, `CreatedAt`, `FisNo`, `HareketTipi`, `HedefDepoId`, `IptalNedeni`, `IptalTarihi`, `IsIptal`, `KaynakDepoId`, `OlusturanKullaniciId`, `Tarih`)
VALUES (@p99, @p100, @p101, @p102, @p103, @p104, @p105, @p106, @p107, @p108, @p109);
SELECT `Id`
FROM `HareketBasliklari`
WHERE ROW_COUNT() = 1 AND `Id` = LAST_INSERT_ID();

INSERT INTO `HareketBasliklari` (`Aciklama`, `CreatedAt`, `FisNo`, `HareketTipi`, `HedefDepoId`, `IptalNedeni`, `IptalTarihi`, `IsIptal`, `KaynakDepoId`, `OlusturanKullaniciId`, `Tarih`)
VALUES (@p110, @p111, @p112, @p113, @p114, @p115, @p116, @p117, @p118, @p119, @p120);
SELECT `Id`
FROM `HareketBasliklari`
WHERE ROW_COUNT() = 1 AND `Id` = LAST_INSERT_ID();

INSERT INTO `HareketBasliklari` (`Aciklama`, `CreatedAt`, `FisNo`, `HareketTipi`, `HedefDepoId`, `IptalNedeni`, `IptalTarihi`, `IsIptal`, `KaynakDepoId`, `OlusturanKullaniciId`, `Tarih`)
VALUES (@p121, @p122, @p123, @p124, @p125, @p126, @p127, @p128, @p129, @p130, @p131);
SELECT `Id`
FROM `HareketBasliklari`
WHERE ROW_COUNT() = 1 AND `Id` = LAST_INSERT_ID();

INSERT INTO `HareketBasliklari` (`Aciklama`, `CreatedAt`, `FisNo`, `HareketTipi`, `HedefDepoId`, `IptalNedeni`, `IptalTarihi`, `IsIptal`, `KaynakDepoId`, `OlusturanKullaniciId`, `Tarih`)
VALUES (@p132, @p133, @p134, @p135, @p136, @p137, @p138, @p139, @p140, @p141, @p142);
SELECT `Id`
FROM `HareketBasliklari`
WHERE ROW_COUNT() = 1 AND `Id` = LAST_INSERT_ID();

INSERT INTO `HareketBasliklari` (`Aciklama`, `CreatedAt`, `FisNo`, `HareketTipi`, `HedefDepoId`, `IptalNedeni`, `IptalTarihi`, `IsIptal`, `KaynakDepoId`, `OlusturanKullaniciId`, `Tarih`)
VALUES (@p143, @p144, @p145, @p146, @p147, @p148, @p149, @p150, @p151, @p152, @p153);
SELECT `Id`
FROM `HareketBasliklari`
WHERE ROW_COUNT() = 1 AND `Id` = LAST_INSERT_ID();

INSERT INTO `HareketBasliklari` (`Aciklama`, `CreatedAt`, `FisNo`, `HareketTipi`, `HedefDepoId`, `IptalNedeni`, `IptalTarihi`, `IsIptal`, `KaynakDepoId`, `OlusturanKullaniciId`, `Tarih`)
VALUES (@p154, @p155, @p156, @p157, @p158, @p159, @p160, @p161, @p162, @p163, @p164);
SELECT `Id`
FROM `HareketBasliklari`
WHERE ROW_COUNT() = 1 AND `Id` = LAST_INSERT_ID();

INSERT INTO `HareketBasliklari` (`Aciklama`, `CreatedAt`, `FisNo`, `HareketTipi`, `HedefDepoId`, `IptalNedeni`, `IptalTarihi`, `IsIptal`, `KaynakDepoId`, `OlusturanKullaniciId`, `Tarih`)
VALUES (@p165, @p166, @p167, @p168, @p169, @p170, @p171, @p172, @p173, @p174, @p175);
SELECT `Id`
FROM `HareketBasliklari`
WHERE ROW_COUNT() = 1 AND `Id` = LAST_INSERT_ID();

INSERT INTO `HareketBasliklari` (`Aciklama`, `CreatedAt`, `FisNo`, `HareketTipi`, `HedefDepoId`, `IptalNedeni`, `IptalTarihi`, `IsIptal`, `KaynakDepoId`, `OlusturanKullaniciId`, `Tarih`)
VALUES (@p176, @p177, @p178, @p179, @p180, @p181, @p182, @p183, @p184, @p185, @p186);
SELECT `Id`
FROM `HareketBasliklari`
WHERE ROW_COUNT() = 1 AND `Id` = LAST_INSERT_ID();

INSERT INTO `HareketBasliklari` (`Aciklama`, `CreatedAt`, `FisNo`, `HareketTipi`, `HedefDepoId`, `IptalNedeni`, `IptalTarihi`, `IsIptal`, `KaynakDepoId`, `OlusturanKullaniciId`, `Tarih`)
VALUES (@p187, @p188, @p189, @p190, @p191, @p192, @p193, @p194, @p195, @p196, @p197);
SELECT `Id`
FROM `HareketBasliklari`
WHERE ROW_COUNT() = 1 AND `Id` = LAST_INSERT_ID();

INSERT INTO `HareketBasliklari` (`Aciklama`, `CreatedAt`, `FisNo`, `HareketTipi`, `HedefDepoId`, `IptalNedeni`, `IptalTarihi`, `IsIptal`, `KaynakDepoId`, `OlusturanKullaniciId`, `Tarih`)
VALUES (@p198, @p199, @p200, @p201, @p202, @p203, @p204, @p205, @p206, @p207, @p208);
SELECT `Id`
FROM `HareketBasliklari`
WHERE ROW_COUNT() = 1 AND `Id` = LAST_INSERT_ID();

INSERT INTO `HareketBasliklari` (`Aciklama`, `CreatedAt`, `FisNo`, `HareketTipi`, `HedefDepoId`, `IptalNedeni`, `IptalTarihi`, `IsIptal`, `KaynakDepoId`, `OlusturanKullaniciId`, `Tarih`)
VALUES (@p209, @p210, @p211, @p212, @p213, @p214, @p215, @p216, @p217, @p218, @p219);
SELECT `Id`
FROM `HareketBasliklari`
WHERE ROW_COUNT() = 1 AND `Id` = LAST_INSERT_ID();

INSERT INTO `HareketBasliklari` (`Aciklama`, `CreatedAt`, `FisNo`, `HareketTipi`, `HedefDepoId`, `IptalNedeni`, `IptalTarihi`, `IsIptal`, `KaynakDepoId`, `OlusturanKullaniciId`, `Tarih`)
VALUES (@p220, @p221, @p222, @p223, @p224, @p225, @p226, @p227, @p228, @p229, @p230);
SELECT `Id`
FROM `HareketBasliklari`
WHERE ROW_COUNT() = 1 AND `Id` = LAST_INSERT_ID();

INSERT INTO `HareketBasliklari` (`Aciklama`, `CreatedAt`, `FisNo`, `HareketTipi`, `HedefDepoId`, `IptalNedeni`, `IptalTarihi`, `IsIptal`, `KaynakDepoId`, `OlusturanKullaniciId`, `Tarih`)
VALUES (@p231, @p232, @p233, @p234, @p235, @p236, @p237, @p238, @p239, @p240, @p241);
SELECT `Id`
FROM `HareketBasliklari`
WHERE ROW_COUNT() = 1 AND `Id` = LAST_INSERT_ID();

INSERT INTO `HareketBasliklari` (`Aciklama`, `CreatedAt`, `FisNo`, `HareketTipi`, `HedefDepoId`, `IptalNedeni`, `IptalTarihi`, `IsIptal`, `KaynakDepoId`, `OlusturanKullaniciId`, `Tarih`)
VALUES (@p242, @p243, @p244, @p245, @p246, @p247, @p248, @p249, @p250, @p251, @p252);
SELECT `Id`
FROM `HareketBasliklari`
WHERE ROW_COUNT() = 1 AND `Id` = LAST_INSERT_ID();

INSERT INTO `HareketBasliklari` (`Aciklama`, `CreatedAt`, `FisNo`, `HareketTipi`, `HedefDepoId`, `IptalNedeni`, `IptalTarihi`, `IsIptal`, `KaynakDepoId`, `OlusturanKullaniciId`, `Tarih`)
VALUES (@p253, @p254, @p255, @p256, @p257, @p258, @p259, @p260, @p261, @p262, @p263);
SELECT `Id`
FROM `HareketBasliklari`
WHERE ROW_COUNT() = 1 AND `Id` = LAST_INSERT_ID();

INSERT INTO `HareketBasliklari` (`Aciklama`, `CreatedAt`, `FisNo`, `HareketTipi`, `HedefDepoId`, `IptalNedeni`, `IptalTarihi`, `IsIptal`, `KaynakDepoId`, `OlusturanKullaniciId`, `Tarih`)
VALUES (@p264, @p265, @p266, @p267, @p268, @p269, @p270, @p271, @p272, @p273, @p274);
SELECT `Id`
FROM `HareketBasliklari`
WHERE ROW_COUNT() = 1 AND `Id` = LAST_INSERT_ID();

INSERT INTO `HareketBasliklari` (`Aciklama`, `CreatedAt`, `FisNo`, `HareketTipi`, `HedefDepoId`, `IptalNedeni`, `IptalTarihi`, `IsIptal`, `KaynakDepoId`, `OlusturanKullaniciId`, `Tarih`)
VALUES (@p275, @p276, @p277, @p278, @p279, @p280, @p281, @p282, @p283, @p284, @p285);
SELECT `Id`
FROM `HareketBasliklari`
WHERE ROW_COUNT() = 1 AND `Id` = LAST_INSERT_ID();

INSERT INTO `HareketBasliklari` (`Aciklama`, `CreatedAt`, `FisNo`, `HareketTipi`, `HedefDepoId`, `IptalNedeni`, `IptalTarihi`, `IsIptal`, `KaynakDepoId`, `OlusturanKullaniciId`, `Tarih`)
VALUES (@p286, @p287, @p288, @p289, @p290, @p291, @p292, @p293, @p294, @p295, @p296);
SELECT `Id`
FROM `HareketBasliklari`
WHERE ROW_COUNT() = 1 AND `Id` = LAST_INSERT_ID();

INSERT INTO `HareketBasliklari` (`Aciklama`, `CreatedAt`, `FisNo`, `HareketTipi`, `HedefDepoId`, `IptalNedeni`, `IptalTarihi`, `IsIptal`, `KaynakDepoId`, `OlusturanKullaniciId`, `Tarih`)
VALUES (@p297, @p298, @p299, @p300, @p301, @p302, @p303, @p304, @p305, @p306, @p307);
SELECT `Id`
FROM `HareketBasliklari`
WHERE ROW_COUNT() = 1 AND `Id` = LAST_INSERT_ID();

INSERT INTO `HareketBasliklari` (`Aciklama`, `CreatedAt`, `FisNo`, `HareketTipi`, `HedefDepoId`, `IptalNedeni`, `IptalTarihi`, `IsIptal`, `KaynakDepoId`, `OlusturanKullaniciId`, `Tarih`)
VALUES (@p308, @p309, @p310, @p311, @p312, @p313, @p314, @p315, @p316, @p317, @p318);
SELECT `Id`
FROM `HareketBasliklari`
WHERE ROW_COUNT() = 1 AND `Id` = LAST_INSERT_ID();

INSERT INTO `HareketBasliklari` (`Aciklama`, `CreatedAt`, `FisNo`, `HareketTipi`, `HedefDepoId`, `IptalNedeni`, `IptalTarihi`, `IsIptal`, `KaynakDepoId`, `OlusturanKullaniciId`, `Tarih`)
VALUES (@p319, @p320, @p321, @p322, @p323, @p324, @p325, @p326, @p327, @p328, @p329);
SELECT `Id`
FROM `HareketBasliklari`
WHERE ROW_COUNT() = 1 AND `Id` = LAST_INSERT_ID();

INSERT INTO `HareketBasliklari` (`Aciklama`, `CreatedAt`, `FisNo`, `HareketTipi`, `HedefDepoId`, `IptalNedeni`, `IptalTarihi`, `IsIptal`, `KaynakDepoId`, `OlusturanKullaniciId`, `Tarih`)
VALUES (@p330, @p331, @p332, @p333, @p334, @p335, @p336, @p337, @p338, @p339, @p340);
SELECT `Id`
FROM `HareketBasliklari`
WHERE ROW_COUNT() = 1 AND `Id` = LAST_INSERT_ID();

INSERT INTO `HareketBasliklari` (`Aciklama`, `CreatedAt`, `FisNo`, `HareketTipi`, `HedefDepoId`, `IptalNedeni`, `IptalTarihi`, `IsIptal`, `KaynakDepoId`, `OlusturanKullaniciId`, `Tarih`)
VALUES (@p341, @p342, @p343, @p344, @p345, @p346, @p347, @p348, @p349, @p350, @p351);
SELECT `Id`
FROM `HareketBasliklari`
WHERE ROW_COUNT() = 1 AND `Id` = LAST_INSERT_ID();

INSERT INTO `HareketBasliklari` (`Aciklama`, `CreatedAt`, `FisNo`, `HareketTipi`, `HedefDepoId`, `IptalNedeni`, `IptalTarihi`, `IsIptal`, `KaynakDepoId`, `OlusturanKullaniciId`, `Tarih`)
VALUES (@p352, @p353, @p354, @p355, @p356, @p357, @p358, @p359, @p360, @p361, @p362);
SELECT `Id`
FROM `HareketBasliklari`
WHERE ROW_COUNT() = 1 AND `Id` = LAST_INSERT_ID();

INSERT INTO `HareketBasliklari` (`Aciklama`, `CreatedAt`, `FisNo`, `HareketTipi`, `HedefDepoId`, `IptalNedeni`, `IptalTarihi`, `IsIptal`, `KaynakDepoId`, `OlusturanKullaniciId`, `Tarih`)
VALUES (@p363, @p364, @p365, @p366, @p367, @p368, @p369, @p370, @p371, @p372, @p373);
SELECT `Id`
FROM `HareketBasliklari`
WHERE ROW_COUNT() = 1 AND `Id` = LAST_INSERT_ID();

INSERT INTO `HareketBasliklari` (`Aciklama`, `CreatedAt`, `FisNo`, `HareketTipi`, `HedefDepoId`, `IptalNedeni`, `IptalTarihi`, `IsIptal`, `KaynakDepoId`, `OlusturanKullaniciId`, `Tarih`)
VALUES (@p374, @p375, @p376, @p377, @p378, @p379, @p380, @p381, @p382, @p383, @p384);
SELECT `Id`
FROM `HareketBasliklari`
WHERE ROW_COUNT() = 1 AND `Id` = LAST_INSERT_ID();

INSERT INTO `HareketBasliklari` (`Aciklama`, `CreatedAt`, `FisNo`, `HareketTipi`, `HedefDepoId`, `IptalNedeni`, `IptalTarihi`, `IsIptal`, `KaynakDepoId`, `OlusturanKullaniciId`, `Tarih`)
VALUES (@p385, @p386, @p387, @p388, @p389, @p390, @p391, @p392, @p393, @p394, @p395);
SELECT `Id`
FROM `HareketBasliklari`
WHERE ROW_COUNT() = 1 AND `Id` = LAST_INSERT_ID();

INSERT INTO `HareketBasliklari` (`Aciklama`, `CreatedAt`, `FisNo`, `HareketTipi`, `HedefDepoId`, `IptalNedeni`, `IptalTarihi`, `IsIptal`, `KaynakDepoId`, `OlusturanKullaniciId`, `Tarih`)
VALUES (@p396, @p397, @p398, @p399, @p400, @p401, @p402, @p403, @p404, @p405, @p406);
SELECT `Id`
FROM `HareketBasliklari`
WHERE ROW_COUNT() = 1 AND `Id` = LAST_INSERT_ID();

INSERT INTO `HareketBasliklari` (`Aciklama`, `CreatedAt`, `FisNo`, `HareketTipi`, `HedefDepoId`, `IptalNedeni`, `IptalTarihi`, `IsIptal`, `KaynakDepoId`, `OlusturanKullaniciId`, `Tarih`)
VALUES (@p407, @p408, @p409, @p410, @p411, @p412, @p413, @p414, @p415, @p416, @p417);
SELECT `Id`
FROM `HareketBasliklari`
WHERE ROW_COUNT() = 1 AND `Id` = LAST_INSERT_ID();

INSERT INTO `HareketBasliklari` (`Aciklama`, `CreatedAt`, `FisNo`, `HareketTipi`, `HedefDepoId`, `IptalNedeni`, `IptalTarihi`, `IsIptal`, `KaynakDepoId`, `OlusturanKullaniciId`, `Tarih`)
VALUES (@p418, @p419, @p420, @p421, @p422, @p423, @p424, @p425, @p426, @p427, @p428);
SELECT `Id`
FROM `HareketBasliklari`
WHERE ROW_COUNT() = 1 AND `Id` = LAST_INSERT_ID();

INSERT INTO `HareketBasliklari` (`Aciklama`, `CreatedAt`, `FisNo`, `HareketTipi`, `HedefDepoId`, `IptalNedeni`, `IptalTarihi`, `IsIptal`, `KaynakDepoId`, `OlusturanKullaniciId`, `Tarih`)
VALUES (@p429, @p430, @p431, @p432, @p433, @p434, @p435, @p436, @p437, @p438, @p439);
SELECT `Id`
FROM `HareketBasliklari`
WHERE ROW_COUNT() = 1 AND `Id` = LAST_INSERT_ID();

INSERT INTO `HareketBasliklari` (`Aciklama`, `CreatedAt`, `FisNo`, `HareketTipi`, `HedefDepoId`, `IptalNedeni`, `IptalTarihi`, `IsIptal`, `KaynakDepoId`, `OlusturanKullaniciId`, `Tarih`)
VALUES (@p440, @p441, @p442, @p443, @p444, @p445, @p446, @p447, @p448, @p449, @p450);
SELECT `Id`
FROM `HareketBasliklari`
WHERE ROW_COUNT() = 1 AND `Id` = LAST_INSERT_ID();

INSERT INTO `HareketBasliklari` (`Aciklama`, `CreatedAt`, `FisNo`, `HareketTipi`, `HedefDepoId`, `IptalNedeni`, `IptalTarihi`, `IsIptal`, `KaynakDepoId`, `OlusturanKullaniciId`, `Tarih`)
VALUES (@p451, @p452, @p453, @p454, @p455, @p456, @p457, @p458, @p459, @p460, @p461);
SELECT `Id`
FROM `HareketBasliklari`
WHERE ROW_COUNT() = 1 AND `Id` = LAST_INSERT_ID();
2026-08-13 14:33:49.143 +03:00 [INF] Executed DbCommand (1ms) [Parameters=[@p0='?' (Size = 250), @p1='?' (DbType = DateTime), @p2='?' (Size = 50), @p3='?' (DbType = Int32), @p4='?' (DbType = Int32), @p5='?' (Size = 250), @p6='?' (DbType = DateTime), @p7='?' (DbType = Boolean), @p8='?' (DbType = Int32), @p9='?' (DbType = Int32), @p10='?' (DbType = DateTime), @p11='?' (Size = 250), @p12='?' (DbType = DateTime), @p13='?' (Size = 50), @p14='?' (DbType = Int32), @p15='?' (DbType = Int32), @p16='?' (Size = 250), @p17='?' (DbType = DateTime), @p18='?' (DbType = Boolean), @p19='?' (DbType = Int32), @p20='?' (DbType = Int32), @p21='?' (DbType = DateTime), @p22='?' (Size = 250), @p23='?' (DbType = DateTime), @p24='?' (Size = 50), @p25='?' (DbType = Int32), @p26='?' (DbType = Int32), @p27='?' (Size = 250), @p28='?' (DbType = DateTime), @p29='?' (DbType = Boolean), @p30='?' (DbType = Int32), @p31='?' (DbType = Int32), @p32='?' (DbType = DateTime), @p33='?' (Size = 250), @p34='?' (DbType = DateTime), @p35='?' (Size = 50), @p36='?' (DbType = Int32), @p37='?' (DbType = Int32), @p38='?' (Size = 250), @p39='?' (DbType = DateTime), @p40='?' (DbType = Boolean), @p41='?' (DbType = Int32), @p42='?' (DbType = Int32), @p43='?' (DbType = DateTime), @p44='?' (Size = 250), @p45='?' (DbType = DateTime), @p46='?' (Size = 50), @p47='?' (DbType = Int32), @p48='?' (DbType = Int32), @p49='?' (Size = 250), @p50='?' (DbType = DateTime), @p51='?' (DbType = Boolean), @p52='?' (DbType = Int32), @p53='?' (DbType = Int32), @p54='?' (DbType = DateTime), @p55='?' (Size = 250), @p56='?' (DbType = DateTime), @p57='?' (Size = 50), @p58='?' (DbType = Int32), @p59='?' (DbType = Int32), @p60='?' (Size = 250), @p61='?' (DbType = DateTime), @p62='?' (DbType = Boolean), @p63='?' (DbType = Int32), @p64='?' (DbType = Int32), @p65='?' (DbType = DateTime), @p66='?' (Size = 250), @p67='?' (DbType = DateTime), @p68='?' (Size = 50), @p69='?' (DbType = Int32), @p70='?' (DbType = Int32), @p71='?' (Size = 250), @p72='?' (DbType = DateTime), @p73='?' (DbType = Boolean), @p74='?' (DbType = Int32), @p75='?' (DbType = Int32), @p76='?' (DbType = DateTime), @p77='?' (Size = 250), @p78='?' (DbType = DateTime), @p79='?' (Size = 50), @p80='?' (DbType = Int32), @p81='?' (DbType = Int32), @p82='?' (Size = 250), @p83='?' (DbType = DateTime), @p84='?' (DbType = Boolean), @p85='?' (DbType = Int32), @p86='?' (DbType = Int32), @p87='?' (DbType = DateTime), @p88='?' (Size = 250), @p89='?' (DbType = DateTime), @p90='?' (Size = 50), @p91='?' (DbType = Int32), @p92='?' (DbType = Int32), @p93='?' (Size = 250), @p94='?' (DbType = DateTime), @p95='?' (DbType = Boolean), @p96='?' (DbType = Int32), @p97='?' (DbType = Int32), @p98='?' (DbType = DateTime), @p99='?' (Size = 250), @p100='?' (DbType = DateTime), @p101='?' (Size = 50), @p102='?' (DbType = Int32), @p103='?' (DbType = Int32), @p104='?' (Size = 250), @p105='?' (DbType = DateTime), @p106='?' (DbType = Boolean), @p107='?' (DbType = Int32), @p108='?' (DbType = Int32), @p109='?' (DbType = DateTime), @p110='?' (Size = 250), @p111='?' (DbType = DateTime), @p112='?' (Size = 50), @p113='?' (DbType = Int32), @p114='?' (DbType = Int32), @p115='?' (Size = 250), @p116='?' (DbType = DateTime), @p117='?' (DbType = Boolean), @p118='?' (DbType = Int32), @p119='?' (DbType = Int32), @p120='?' (DbType = DateTime), @p121='?' (Size = 250), @p122='?' (DbType = DateTime), @p123='?' (Size = 50), @p124='?' (DbType = Int32), @p125='?' (DbType = Int32), @p126='?' (Size = 250), @p127='?' (DbType = DateTime), @p128='?' (DbType = Boolean), @p129='?' (DbType = Int32), @p130='?' (DbType = Int32), @p131='?' (DbType = DateTime), @p132='?' (Size = 250), @p133='?' (DbType = DateTime), @p134='?' (Size = 50), @p135='?' (DbType = Int32), @p136='?' (DbType = Int32), @p137='?' (Size = 250), @p138='?' (DbType = DateTime), @p139='?' (DbType = Boolean), @p140='?' (DbType = Int32), @p141='?' (DbType = Int32), @p142='?' (DbType = DateTime), @p143='?' (Size = 250), @p144='?' (DbType = DateTime), @p145='?' (Size = 50), @p146='?' (DbType = Int32), @p147='?' (DbType = Int32), @p148='?' (Size = 250), @p149='?' (DbType = DateTime), @p150='?' (DbType = Boolean), @p151='?' (DbType = Int32), @p152='?' (DbType = Int32), @p153='?' (DbType = DateTime), @p154='?' (Size = 250), @p155='?' (DbType = DateTime), @p156='?' (Size = 50), @p157='?' (DbType = Int32), @p158='?' (DbType = Int32), @p159='?' (Size = 250), @p160='?' (DbType = DateTime), @p161='?' (DbType = Boolean), @p162='?' (DbType = Int32), @p163='?' (DbType = Int32), @p164='?' (DbType = DateTime), @p165='?' (Size = 250), @p166='?' (DbType = DateTime), @p167='?' (Size = 50), @p168='?' (DbType = Int32), @p169='?' (DbType = Int32), @p170='?' (Size = 250), @p171='?' (DbType = DateTime), @p172='?' (DbType = Boolean), @p173='?' (DbType = Int32), @p174='?' (DbType = Int32), @p175='?' (DbType = DateTime), @p176='?' (Size = 250), @p177='?' (DbType = DateTime), @p178='?' (Size = 50), @p179='?' (DbType = Int32), @p180='?' (DbType = Int32), @p181='?' (Size = 250), @p182='?' (DbType = DateTime), @p183='?' (DbType = Boolean), @p184='?' (DbType = Int32), @p185='?' (DbType = Int32), @p186='?' (DbType = DateTime), @p187='?' (Size = 250), @p188='?' (DbType = DateTime), @p189='?' (Size = 50), @p190='?' (DbType = Int32), @p191='?' (DbType = Int32), @p192='?' (Size = 250), @p193='?' (DbType = DateTime), @p194='?' (DbType = Boolean), @p195='?' (DbType = Int32), @p196='?' (DbType = Int32), @p197='?' (DbType = DateTime), @p198='?' (Size = 250), @p199='?' (DbType = DateTime), @p200='?' (Size = 50), @p201='?' (DbType = Int32), @p202='?' (DbType = Int32), @p203='?' (Size = 250), @p204='?' (DbType = DateTime), @p205='?' (DbType = Boolean), @p206='?' (DbType = Int32), @p207='?' (DbType = Int32), @p208='?' (DbType = DateTime), @p209='?' (Size = 250), @p210='?' (DbType = DateTime), @p211='?' (Size = 50), @p212='?' (DbType = Int32), @p213='?' (DbType = Int32), @p214='?' (Size = 250), @p215='?' (DbType = DateTime), @p216='?' (DbType = Boolean), @p217='?' (DbType = Int32), @p218='?' (DbType = Int32), @p219='?' (DbType = DateTime), @p220='?' (Size = 250), @p221='?' (DbType = DateTime), @p222='?' (Size = 50), @p223='?' (DbType = Int32), @p224='?' (DbType = Int32), @p225='?' (Size = 250), @p226='?' (DbType = DateTime), @p227='?' (DbType = Boolean), @p228='?' (DbType = Int32), @p229='?' (DbType = Int32), @p230='?' (DbType = DateTime), @p231='?' (Size = 250), @p232='?' (DbType = DateTime), @p233='?' (Size = 50), @p234='?' (DbType = Int32), @p235='?' (DbType = Int32), @p236='?' (Size = 250), @p237='?' (DbType = DateTime), @p238='?' (DbType = Boolean), @p239='?' (DbType = Int32), @p240='?' (DbType = Int32), @p241='?' (DbType = DateTime), @p242='?' (Size = 250), @p243='?' (DbType = DateTime), @p244='?' (Size = 50), @p245='?' (DbType = Int32), @p246='?' (DbType = Int32), @p247='?' (Size = 250), @p248='?' (DbType = DateTime), @p249='?' (DbType = Boolean), @p250='?' (DbType = Int32), @p251='?' (DbType = Int32), @p252='?' (DbType = DateTime), @p253='?' (Size = 250), @p254='?' (DbType = DateTime), @p255='?' (Size = 50), @p256='?' (DbType = Int32), @p257='?' (DbType = Int32), @p258='?' (Size = 250), @p259='?' (DbType = DateTime), @p260='?' (DbType = Boolean), @p261='?' (DbType = Int32), @p262='?' (DbType = Int32), @p263='?' (DbType = DateTime), @p264='?' (Size = 250), @p265='?' (DbType = DateTime), @p266='?' (Size = 50), @p267='?' (DbType = Int32), @p268='?' (DbType = Int32), @p269='?' (Size = 250), @p270='?' (DbType = DateTime), @p271='?' (DbType = Boolean), @p272='?' (DbType = Int32), @p273='?' (DbType = Int32), @p274='?' (DbType = DateTime), @p275='?' (Size = 250), @p276='?' (DbType = DateTime), @p277='?' (Size = 50), @p278='?' (DbType = Int32), @p279='?' (DbType = Int32), @p280='?' (Size = 250), @p281='?' (DbType = DateTime), @p282='?' (DbType = Boolean), @p283='?' (DbType = Int32), @p284='?' (DbType = Int32), @p285='?' (DbType = DateTime), @p286='?' (Size = 250), @p287='?' (DbType = DateTime), @p288='?' (Size = 50), @p289='?' (DbType = Int32), @p290='?' (DbType = Int32), @p291='?' (Size = 250), @p292='?' (DbType = DateTime), @p293='?' (DbType = Boolean), @p294='?' (DbType = Int32), @p295='?' (DbType = Int32), @p296='?' (DbType = DateTime), @p297='?' (Size = 250), @p298='?' (DbType = DateTime), @p299='?' (Size = 50), @p300='?' (DbType = Int32), @p301='?' (DbType = Int32), @p302='?' (Size = 250), @p303='?' (DbType = DateTime), @p304='?' (DbType = Boolean), @p305='?' (DbType = Int32), @p306='?' (DbType = Int32), @p307='?' (DbType = DateTime), @p308='?' (Size = 250), @p309='?' (DbType = DateTime), @p310='?' (Size = 50), @p311='?' (DbType = Int32), @p312='?' (DbType = Int32), @p313='?' (Size = 250), @p314='?' (DbType = DateTime), @p315='?' (DbType = Boolean), @p316='?' (DbType = Int32), @p317='?' (DbType = Int32), @p318='?' (DbType = DateTime), @p319='?' (Size = 250), @p320='?' (DbType = DateTime), @p321='?' (Size = 50), @p322='?' (DbType = Int32), @p323='?' (DbType = Int32), @p324='?' (Size = 250), @p325='?' (DbType = DateTime), @p326='?' (DbType = Boolean), @p327='?' (DbType = Int32), @p328='?' (DbType = Int32), @p329='?' (DbType = DateTime), @p330='?' (Size = 250), @p331='?' (DbType = DateTime), @p332='?' (Size = 50), @p333='?' (DbType = Int32), @p334='?' (DbType = Int32), @p335='?' (Size = 250), @p336='?' (DbType = DateTime), @p337='?' (DbType = Boolean), @p338='?' (DbType = Int32), @p339='?' (DbType = Int32), @p340='?' (DbType = DateTime), @p341='?' (Size = 250), @p342='?' (DbType = DateTime), @p343='?' (Size = 50), @p344='?' (DbType = Int32), @p345='?' (DbType = Int32), @p346='?' (Size = 250), @p347='?' (DbType = DateTime), @p348='?' (DbType = Boolean), @p349='?' (DbType = Int32), @p350='?' (DbType = Int32), @p351='?' (DbType = DateTime), @p352='?' (Size = 250), @p353='?' (DbType = DateTime), @p354='?' (Size = 50), @p355='?' (DbType = Int32), @p356='?' (DbType = Int32), @p357='?' (Size = 250), @p358='?' (DbType = DateTime), @p359='?' (DbType = Boolean), @p360='?' (DbType = Int32), @p361='?' (DbType = Int32), @p362='?' (DbType = DateTime), @p363='?' (Size = 250), @p364='?' (DbType = DateTime), @p365='?' (Size = 50), @p366='?' (DbType = Int32), @p367='?' (DbType = Int32), @p368='?' (Size = 250), @p369='?' (DbType = DateTime), @p370='?' (DbType = Boolean), @p371='?' (DbType = Int32), @p372='?' (DbType = Int32), @p373='?' (DbType = DateTime), @p374='?' (Size = 250), @p375='?' (DbType = DateTime), @p376='?' (Size = 50), @p377='?' (DbType = Int32), @p378='?' (DbType = Int32), @p379='?' (Size = 250), @p380='?' (DbType = DateTime), @p381='?' (DbType = Boolean), @p382='?' (DbType = Int32), @p383='?' (DbType = Int32), @p384='?' (DbType = DateTime), @p385='?' (Size = 250), @p386='?' (DbType = DateTime), @p387='?' (Size = 50), @p388='?' (DbType = Int32), @p389='?' (DbType = Int32), @p390='?' (Size = 250), @p391='?' (DbType = DateTime), @p392='?' (DbType = Boolean), @p393='?' (DbType = Int32), @p394='?' (DbType = Int32), @p395='?' (DbType = DateTime), @p396='?' (Size = 250), @p397='?' (DbType = DateTime), @p398='?' (Size = 50), @p399='?' (DbType = Int32), @p400='?' (DbType = Int32), @p401='?' (Size = 250), @p402='?' (DbType = DateTime), @p403='?' (DbType = Boolean), @p404='?' (DbType = Int32), @p405='?' (DbType = Int32), @p406='?' (DbType = DateTime), @p407='?' (Size = 250), @p408='?' (DbType = DateTime), @p409='?' (Size = 50), @p410='?' (DbType = Int32), @p411='?' (DbType = Int32), @p412='?' (Size = 250), @p413='?' (DbType = DateTime), @p414='?' (DbType = Boolean), @p415='?' (DbType = Int32), @p416='?' (DbType = Int32), @p417='?' (DbType = DateTime), @p418='?' (Size = 250), @p419='?' (DbType = DateTime), @p420='?' (Size = 50), @p421='?' (DbType = Int32), @p422='?' (DbType = Int32), @p423='?' (Size = 250), @p424='?' (DbType = DateTime), @p425='?' (DbType = Boolean), @p426='?' (DbType = Int32), @p427='?' (DbType = Int32), @p428='?' (DbType = DateTime), @p429='?' (Size = 250), @p430='?' (DbType = DateTime), @p431='?' (Size = 50), @p432='?' (DbType = Int32), @p433='?' (DbType = Int32), @p434='?' (Size = 250), @p435='?' (DbType = DateTime), @p436='?' (DbType = Boolean), @p437='?' (DbType = Int32), @p438='?' (DbType = Int32), @p439='?' (DbType = DateTime), @p440='?' (Size = 250), @p441='?' (DbType = DateTime), @p442='?' (Size = 50), @p443='?' (DbType = Int32), @p444='?' (DbType = Int32), @p445='?' (Size = 250), @p446='?' (DbType = DateTime), @p447='?' (DbType = Boolean), @p448='?' (DbType = Int32), @p449='?' (DbType = Int32), @p450='?' (DbType = DateTime), @p451='?' (Size = 250), @p452='?' (DbType = DateTime), @p453='?' (Size = 50), @p454='?' (DbType = Int32), @p455='?' (DbType = Int32), @p456='?' (Size = 250), @p457='?' (DbType = DateTime), @p458='?' (DbType = Boolean), @p459='?' (DbType = Int32), @p460='?' (DbType = Int32), @p461='?' (DbType = DateTime)], CommandType='"Text"', CommandTimeout='30']
INSERT INTO `HareketBasliklari` (`Aciklama`, `CreatedAt`, `FisNo`, `HareketTipi`, `HedefDepoId`, `IptalNedeni`, `IptalTarihi`, `IsIptal`, `KaynakDepoId`, `OlusturanKullaniciId`, `Tarih`)
VALUES (@p0, @p1, @p2, @p3, @p4, @p5, @p6, @p7, @p8, @p9, @p10);
SELECT `Id`
FROM `HareketBasliklari`
WHERE ROW_COUNT() = 1 AND `Id` = LAST_INSERT_ID();

INSERT INTO `HareketBasliklari` (`Aciklama`, `CreatedAt`, `FisNo`, `HareketTipi`, `HedefDepoId`, `IptalNedeni`, `IptalTarihi`, `IsIptal`, `KaynakDepoId`, `OlusturanKullaniciId`, `Tarih`)
VALUES (@p11, @p12, @p13, @p14, @p15, @p16, @p17, @p18, @p19, @p20, @p21);
SELECT `Id`
FROM `HareketBasliklari`
WHERE ROW_COUNT() = 1 AND `Id` = LAST_INSERT_ID();

INSERT INTO `HareketBasliklari` (`Aciklama`, `CreatedAt`, `FisNo`, `HareketTipi`, `HedefDepoId`, `IptalNedeni`, `IptalTarihi`, `IsIptal`, `KaynakDepoId`, `OlusturanKullaniciId`, `Tarih`)
VALUES (@p22, @p23, @p24, @p25, @p26, @p27, @p28, @p29, @p30, @p31, @p32);
SELECT `Id`
FROM `HareketBasliklari`
WHERE ROW_COUNT() = 1 AND `Id` = LAST_INSERT_ID();

INSERT INTO `HareketBasliklari` (`Aciklama`, `CreatedAt`, `FisNo`, `HareketTipi`, `HedefDepoId`, `IptalNedeni`, `IptalTarihi`, `IsIptal`, `KaynakDepoId`, `OlusturanKullaniciId`, `Tarih`)
VALUES (@p33, @p34, @p35, @p36, @p37, @p38, @p39, @p40, @p41, @p42, @p43);
SELECT `Id`
FROM `HareketBasliklari`
WHERE ROW_COUNT() = 1 AND `Id` = LAST_INSERT_ID();

INSERT INTO `HareketBasliklari` (`Aciklama`, `CreatedAt`, `FisNo`, `HareketTipi`, `HedefDepoId`, `IptalNedeni`, `IptalTarihi`, `IsIptal`, `KaynakDepoId`, `OlusturanKullaniciId`, `Tarih`)
VALUES (@p44, @p45, @p46, @p47, @p48, @p49, @p50, @p51, @p52, @p53, @p54);
SELECT `Id`
FROM `HareketBasliklari`
WHERE ROW_COUNT() = 1 AND `Id` = LAST_INSERT_ID();

INSERT INTO `HareketBasliklari` (`Aciklama`, `CreatedAt`, `FisNo`, `HareketTipi`, `HedefDepoId`, `IptalNedeni`, `IptalTarihi`, `IsIptal`, `KaynakDepoId`, `OlusturanKullaniciId`, `Tarih`)
VALUES (@p55, @p56, @p57, @p58, @p59, @p60, @p61, @p62, @p63, @p64, @p65);
SELECT `Id`
FROM `HareketBasliklari`
WHERE ROW_COUNT() = 1 AND `Id` = LAST_INSERT_ID();

INSERT INTO `HareketBasliklari` (`Aciklama`, `CreatedAt`, `FisNo`, `HareketTipi`, `HedefDepoId`, `IptalNedeni`, `IptalTarihi`, `IsIptal`, `KaynakDepoId`, `OlusturanKullaniciId`, `Tarih`)
VALUES (@p66, @p67, @p68, @p69, @p70, @p71, @p72, @p73, @p74, @p75, @p76);
SELECT `Id`
FROM `HareketBasliklari`
WHERE ROW_COUNT() = 1 AND `Id` = LAST_INSERT_ID();

INSERT INTO `HareketBasliklari` (`Aciklama`, `CreatedAt`, `FisNo`, `HareketTipi`, `HedefDepoId`, `IptalNedeni`, `IptalTarihi`, `IsIptal`, `KaynakDepoId`, `OlusturanKullaniciId`, `Tarih`)
VALUES (@p77, @p78, @p79, @p80, @p81, @p82, @p83, @p84, @p85, @p86, @p87);
SELECT `Id`
FROM `HareketBasliklari`
WHERE ROW_COUNT() = 1 AND `Id` = LAST_INSERT_ID();

INSERT INTO `HareketBasliklari` (`Aciklama`, `CreatedAt`, `FisNo`, `HareketTipi`, `HedefDepoId`, `IptalNedeni`, `IptalTarihi`, `IsIptal`, `KaynakDepoId`, `OlusturanKullaniciId`, `Tarih`)
VALUES (@p88, @p89, @p90, @p91, @p92, @p93, @p94, @p95, @p96, @p97, @p98);
SELECT `Id`
FROM `HareketBasliklari`
WHERE ROW_COUNT() = 1 AND `Id` = LAST_INSERT_ID();

INSERT INTO `HareketBasliklari` (`Aciklama`, `CreatedAt`, `FisNo`, `HareketTipi`, `HedefDepoId`, `IptalNedeni`, `IptalTarihi`, `IsIptal`, `KaynakDepoId`, `OlusturanKullaniciId`, `Tarih`)
VALUES (@p99, @p100, @p101, @p102, @p103, @p104, @p105, @p106, @p107, @p108, @p109);
SELECT `Id`
FROM `HareketBasliklari`
WHERE ROW_COUNT() = 1 AND `Id` = LAST_INSERT_ID();

INSERT INTO `HareketBasliklari` (`Aciklama`, `CreatedAt`, `FisNo`, `HareketTipi`, `HedefDepoId`, `IptalNedeni`, `IptalTarihi`, `IsIptal`, `KaynakDepoId`, `OlusturanKullaniciId`, `Tarih`)
VALUES (@p110, @p111, @p112, @p113, @p114, @p115, @p116, @p117, @p118, @p119, @p120);
SELECT `Id`
FROM `HareketBasliklari`
WHERE ROW_COUNT() = 1 AND `Id` = LAST_INSERT_ID();

INSERT INTO `HareketBasliklari` (`Aciklama`, `CreatedAt`, `FisNo`, `HareketTipi`, `HedefDepoId`, `IptalNedeni`, `IptalTarihi`, `IsIptal`, `KaynakDepoId`, `OlusturanKullaniciId`, `Tarih`)
VALUES (@p121, @p122, @p123, @p124, @p125, @p126, @p127, @p128, @p129, @p130, @p131);
SELECT `Id`
FROM `HareketBasliklari`
WHERE ROW_COUNT() = 1 AND `Id` = LAST_INSERT_ID();

INSERT INTO `HareketBasliklari` (`Aciklama`, `CreatedAt`, `FisNo`, `HareketTipi`, `HedefDepoId`, `IptalNedeni`, `IptalTarihi`, `IsIptal`, `KaynakDepoId`, `OlusturanKullaniciId`, `Tarih`)
VALUES (@p132, @p133, @p134, @p135, @p136, @p137, @p138, @p139, @p140, @p141, @p142);
SELECT `Id`
FROM `HareketBasliklari`
WHERE ROW_COUNT() = 1 AND `Id` = LAST_INSERT_ID();

INSERT INTO `HareketBasliklari` (`Aciklama`, `CreatedAt`, `FisNo`, `HareketTipi`, `HedefDepoId`, `IptalNedeni`, `IptalTarihi`, `IsIptal`, `KaynakDepoId`, `OlusturanKullaniciId`, `Tarih`)
VALUES (@p143, @p144, @p145, @p146, @p147, @p148, @p149, @p150, @p151, @p152, @p153);
SELECT `Id`
FROM `HareketBasliklari`
WHERE ROW_COUNT() = 1 AND `Id` = LAST_INSERT_ID();

INSERT INTO `HareketBasliklari` (`Aciklama`, `CreatedAt`, `FisNo`, `HareketTipi`, `HedefDepoId`, `IptalNedeni`, `IptalTarihi`, `IsIptal`, `KaynakDepoId`, `OlusturanKullaniciId`, `Tarih`)
VALUES (@p154, @p155, @p156, @p157, @p158, @p159, @p160, @p161, @p162, @p163, @p164);
SELECT `Id`
FROM `HareketBasliklari`
WHERE ROW_COUNT() = 1 AND `Id` = LAST_INSERT_ID();

INSERT INTO `HareketBasliklari` (`Aciklama`, `CreatedAt`, `FisNo`, `HareketTipi`, `HedefDepoId`, `IptalNedeni`, `IptalTarihi`, `IsIptal`, `KaynakDepoId`, `OlusturanKullaniciId`, `Tarih`)
VALUES (@p165, @p166, @p167, @p168, @p169, @p170, @p171, @p172, @p173, @p174, @p175);
SELECT `Id`
FROM `HareketBasliklari`
WHERE ROW_COUNT() = 1 AND `Id` = LAST_INSERT_ID();

INSERT INTO `HareketBasliklari` (`Aciklama`, `CreatedAt`, `FisNo`, `HareketTipi`, `HedefDepoId`, `IptalNedeni`, `IptalTarihi`, `IsIptal`, `KaynakDepoId`, `OlusturanKullaniciId`, `Tarih`)
VALUES (@p176, @p177, @p178, @p179, @p180, @p181, @p182, @p183, @p184, @p185, @p186);
SELECT `Id`
FROM `HareketBasliklari`
WHERE ROW_COUNT() = 1 AND `Id` = LAST_INSERT_ID();

INSERT INTO `HareketBasliklari` (`Aciklama`, `CreatedAt`, `FisNo`, `HareketTipi`, `HedefDepoId`, `IptalNedeni`, `IptalTarihi`, `IsIptal`, `KaynakDepoId`, `OlusturanKullaniciId`, `Tarih`)
VALUES (@p187, @p188, @p189, @p190, @p191, @p192, @p193, @p194, @p195, @p196, @p197);
SELECT `Id`
FROM `HareketBasliklari`
WHERE ROW_COUNT() = 1 AND `Id` = LAST_INSERT_ID();

INSERT INTO `HareketBasliklari` (`Aciklama`, `CreatedAt`, `FisNo`, `HareketTipi`, `HedefDepoId`, `IptalNedeni`, `IptalTarihi`, `IsIptal`, `KaynakDepoId`, `OlusturanKullaniciId`, `Tarih`)
VALUES (@p198, @p199, @p200, @p201, @p202, @p203, @p204, @p205, @p206, @p207, @p208);
SELECT `Id`
FROM `HareketBasliklari`
WHERE ROW_COUNT() = 1 AND `Id` = LAST_INSERT_ID();

INSERT INTO `HareketBasliklari` (`Aciklama`, `CreatedAt`, `FisNo`, `HareketTipi`, `HedefDepoId`, `IptalNedeni`, `IptalTarihi`, `IsIptal`, `KaynakDepoId`, `OlusturanKullaniciId`, `Tarih`)
VALUES (@p209, @p210, @p211, @p212, @p213, @p214, @p215, @p216, @p217, @p218, @p219);
SELECT `Id`
FROM `HareketBasliklari`
WHERE ROW_COUNT() = 1 AND `Id` = LAST_INSERT_ID();

INSERT INTO `HareketBasliklari` (`Aciklama`, `CreatedAt`, `FisNo`, `HareketTipi`, `HedefDepoId`, `IptalNedeni`, `IptalTarihi`, `IsIptal`, `KaynakDepoId`, `OlusturanKullaniciId`, `Tarih`)
VALUES (@p220, @p221, @p222, @p223, @p224, @p225, @p226, @p227, @p228, @p229, @p230);
SELECT `Id`
FROM `HareketBasliklari`
WHERE ROW_COUNT() = 1 AND `Id` = LAST_INSERT_ID();

INSERT INTO `HareketBasliklari` (`Aciklama`, `CreatedAt`, `FisNo`, `HareketTipi`, `HedefDepoId`, `IptalNedeni`, `IptalTarihi`, `IsIptal`, `KaynakDepoId`, `OlusturanKullaniciId`, `Tarih`)
VALUES (@p231, @p232, @p233, @p234, @p235, @p236, @p237, @p238, @p239, @p240, @p241);
SELECT `Id`
FROM `HareketBasliklari`
WHERE ROW_COUNT() = 1 AND `Id` = LAST_INSERT_ID();

INSERT INTO `HareketBasliklari` (`Aciklama`, `CreatedAt`, `FisNo`, `HareketTipi`, `HedefDepoId`, `IptalNedeni`, `IptalTarihi`, `IsIptal`, `KaynakDepoId`, `OlusturanKullaniciId`, `Tarih`)
VALUES (@p242, @p243, @p244, @p245, @p246, @p247, @p248, @p249, @p250, @p251, @p252);
SELECT `Id`
FROM `HareketBasliklari`
WHERE ROW_COUNT() = 1 AND `Id` = LAST_INSERT_ID();

INSERT INTO `HareketBasliklari` (`Aciklama`, `CreatedAt`, `FisNo`, `HareketTipi`, `HedefDepoId`, `IptalNedeni`, `IptalTarihi`, `IsIptal`, `KaynakDepoId`, `OlusturanKullaniciId`, `Tarih`)
VALUES (@p253, @p254, @p255, @p256, @p257, @p258, @p259, @p260, @p261, @p262, @p263);
SELECT `Id`
FROM `HareketBasliklari`
WHERE ROW_COUNT() = 1 AND `Id` = LAST_INSERT_ID();

INSERT INTO `HareketBasliklari` (`Aciklama`, `CreatedAt`, `FisNo`, `HareketTipi`, `HedefDepoId`, `IptalNedeni`, `IptalTarihi`, `IsIptal`, `KaynakDepoId`, `OlusturanKullaniciId`, `Tarih`)
VALUES (@p264, @p265, @p266, @p267, @p268, @p269, @p270, @p271, @p272, @p273, @p274);
SELECT `Id`
FROM `HareketBasliklari`
WHERE ROW_COUNT() = 1 AND `Id` = LAST_INSERT_ID();

INSERT INTO `HareketBasliklari` (`Aciklama`, `CreatedAt`, `FisNo`, `HareketTipi`, `HedefDepoId`, `IptalNedeni`, `IptalTarihi`, `IsIptal`, `KaynakDepoId`, `OlusturanKullaniciId`, `Tarih`)
VALUES (@p275, @p276, @p277, @p278, @p279, @p280, @p281, @p282, @p283, @p284, @p285);
SELECT `Id`
FROM `HareketBasliklari`
WHERE ROW_COUNT() = 1 AND `Id` = LAST_INSERT_ID();

INSERT INTO `HareketBasliklari` (`Aciklama`, `CreatedAt`, `FisNo`, `HareketTipi`, `HedefDepoId`, `IptalNedeni`, `IptalTarihi`, `IsIptal`, `KaynakDepoId`, `OlusturanKullaniciId`, `Tarih`)
VALUES (@p286, @p287, @p288, @p289, @p290, @p291, @p292, @p293, @p294, @p295, @p296);
SELECT `Id`
FROM `HareketBasliklari`
WHERE ROW_COUNT() = 1 AND `Id` = LAST_INSERT_ID();

INSERT INTO `HareketBasliklari` (`Aciklama`, `CreatedAt`, `FisNo`, `HareketTipi`, `HedefDepoId`, `IptalNedeni`, `IptalTarihi`, `IsIptal`, `KaynakDepoId`, `OlusturanKullaniciId`, `Tarih`)
VALUES (@p297, @p298, @p299, @p300, @p301, @p302, @p303, @p304, @p305, @p306, @p307);
SELECT `Id`
FROM `HareketBasliklari`
WHERE ROW_COUNT() = 1 AND `Id` = LAST_INSERT_ID();

INSERT INTO `HareketBasliklari` (`Aciklama`, `CreatedAt`, `FisNo`, `HareketTipi`, `HedefDepoId`, `IptalNedeni`, `IptalTarihi`, `IsIptal`, `KaynakDepoId`, `OlusturanKullaniciId`, `Tarih`)
VALUES (@p308, @p309, @p310, @p311, @p312, @p313, @p314, @p315, @p316, @p317, @p318);
SELECT `Id`
FROM `HareketBasliklari`
WHERE ROW_COUNT() = 1 AND `Id` = LAST_INSERT_ID();

INSERT INTO `HareketBasliklari` (`Aciklama`, `CreatedAt`, `FisNo`, `HareketTipi`, `HedefDepoId`, `IptalNedeni`, `IptalTarihi`, `IsIptal`, `KaynakDepoId`, `OlusturanKullaniciId`, `Tarih`)
VALUES (@p319, @p320, @p321, @p322, @p323, @p324, @p325, @p326, @p327, @p328, @p329);
SELECT `Id`
FROM `HareketBasliklari`
WHERE ROW_COUNT() = 1 AND `Id` = LAST_INSERT_ID();

INSERT INTO `HareketBasliklari` (`Aciklama`, `CreatedAt`, `FisNo`, `HareketTipi`, `HedefDepoId`, `IptalNedeni`, `IptalTarihi`, `IsIptal`, `KaynakDepoId`, `OlusturanKullaniciId`, `Tarih`)
VALUES (@p330, @p331, @p332, @p333, @p334, @p335, @p336, @p337, @p338, @p339, @p340);
SELECT `Id`
FROM `HareketBasliklari`
WHERE ROW_COUNT() = 1 AND `Id` = LAST_INSERT_ID();

INSERT INTO `HareketBasliklari` (`Aciklama`, `CreatedAt`, `FisNo`, `HareketTipi`, `HedefDepoId`, `IptalNedeni`, `IptalTarihi`, `IsIptal`, `KaynakDepoId`, `OlusturanKullaniciId`, `Tarih`)
VALUES (@p341, @p342, @p343, @p344, @p345, @p346, @p347, @p348, @p349, @p350, @p351);
SELECT `Id`
FROM `HareketBasliklari`
WHERE ROW_COUNT() = 1 AND `Id` = LAST_INSERT_ID();

INSERT INTO `HareketBasliklari` (`Aciklama`, `CreatedAt`, `FisNo`, `HareketTipi`, `HedefDepoId`, `IptalNedeni`, `IptalTarihi`, `IsIptal`, `KaynakDepoId`, `OlusturanKullaniciId`, `Tarih`)
VALUES (@p352, @p353, @p354, @p355, @p356, @p357, @p358, @p359, @p360, @p361, @p362);
SELECT `Id`
FROM `HareketBasliklari`
WHERE ROW_COUNT() = 1 AND `Id` = LAST_INSERT_ID();

INSERT INTO `HareketBasliklari` (`Aciklama`, `CreatedAt`, `FisNo`, `HareketTipi`, `HedefDepoId`, `IptalNedeni`, `IptalTarihi`, `IsIptal`, `KaynakDepoId`, `OlusturanKullaniciId`, `Tarih`)
VALUES (@p363, @p364, @p365, @p366, @p367, @p368, @p369, @p370, @p371, @p372, @p373);
SELECT `Id`
FROM `HareketBasliklari`
WHERE ROW_COUNT() = 1 AND `Id` = LAST_INSERT_ID();

INSERT INTO `HareketBasliklari` (`Aciklama`, `CreatedAt`, `FisNo`, `HareketTipi`, `HedefDepoId`, `IptalNedeni`, `IptalTarihi`, `IsIptal`, `KaynakDepoId`, `OlusturanKullaniciId`, `Tarih`)
VALUES (@p374, @p375, @p376, @p377, @p378, @p379, @p380, @p381, @p382, @p383, @p384);
SELECT `Id`
FROM `HareketBasliklari`
WHERE ROW_COUNT() = 1 AND `Id` = LAST_INSERT_ID();

INSERT INTO `HareketBasliklari` (`Aciklama`, `CreatedAt`, `FisNo`, `HareketTipi`, `HedefDepoId`, `IptalNedeni`, `IptalTarihi`, `IsIptal`, `KaynakDepoId`, `OlusturanKullaniciId`, `Tarih`)
VALUES (@p385, @p386, @p387, @p388, @p389, @p390, @p391, @p392, @p393, @p394, @p395);
SELECT `Id`
FROM `HareketBasliklari`
WHERE ROW_COUNT() = 1 AND `Id` = LAST_INSERT_ID();

INSERT INTO `HareketBasliklari` (`Aciklama`, `CreatedAt`, `FisNo`, `HareketTipi`, `HedefDepoId`, `IptalNedeni`, `IptalTarihi`, `IsIptal`, `KaynakDepoId`, `OlusturanKullaniciId`, `Tarih`)
VALUES (@p396, @p397, @p398, @p399, @p400, @p401, @p402, @p403, @p404, @p405, @p406);
SELECT `Id`
FROM `HareketBasliklari`
WHERE ROW_COUNT() = 1 AND `Id` = LAST_INSERT_ID();

INSERT INTO `HareketBasliklari` (`Aciklama`, `CreatedAt`, `FisNo`, `HareketTipi`, `HedefDepoId`, `IptalNedeni`, `IptalTarihi`, `IsIptal`, `KaynakDepoId`, `OlusturanKullaniciId`, `Tarih`)
VALUES (@p407, @p408, @p409, @p410, @p411, @p412, @p413, @p414, @p415, @p416, @p417);
SELECT `Id`
FROM `HareketBasliklari`
WHERE ROW_COUNT() = 1 AND `Id` = LAST_INSERT_ID();

INSERT INTO `HareketBasliklari` (`Aciklama`, `CreatedAt`, `FisNo`, `HareketTipi`, `HedefDepoId`, `IptalNedeni`, `IptalTarihi`, `IsIptal`, `KaynakDepoId`, `OlusturanKullaniciId`, `Tarih`)
VALUES (@p418, @p419, @p420, @p421, @p422, @p423, @p424, @p425, @p426, @p427, @p428);
SELECT `Id`
FROM `HareketBasliklari`
WHERE ROW_COUNT() = 1 AND `Id` = LAST_INSERT_ID();

INSERT INTO `HareketBasliklari` (`Aciklama`, `CreatedAt`, `FisNo`, `HareketTipi`, `HedefDepoId`, `IptalNedeni`, `IptalTarihi`, `IsIptal`, `KaynakDepoId`, `OlusturanKullaniciId`, `Tarih`)
VALUES (@p429, @p430, @p431, @p432, @p433, @p434, @p435, @p436, @p437, @p438, @p439);
SELECT `Id`
FROM `HareketBasliklari`
WHERE ROW_COUNT() = 1 AND `Id` = LAST_INSERT_ID();

INSERT INTO `HareketBasliklari` (`Aciklama`, `CreatedAt`, `FisNo`, `HareketTipi`, `HedefDepoId`, `IptalNedeni`, `IptalTarihi`, `IsIptal`, `KaynakDepoId`, `OlusturanKullaniciId`, `Tarih`)
VALUES (@p440, @p441, @p442, @p443, @p444, @p445, @p446, @p447, @p448, @p449, @p450);
SELECT `Id`
FROM `HareketBasliklari`
WHERE ROW_COUNT() = 1 AND `Id` = LAST_INSERT_ID();

INSERT INTO `HareketBasliklari` (`Aciklama`, `CreatedAt`, `FisNo`, `HareketTipi`, `HedefDepoId`, `IptalNedeni`, `IptalTarihi`, `IsIptal`, `KaynakDepoId`, `OlusturanKullaniciId`, `Tarih`)
VALUES (@p451, @p452, @p453, @p454, @p455, @p456, @p457, @p458, @p459, @p460, @p461);
SELECT `Id`
FROM `HareketBasliklari`
WHERE ROW_COUNT() = 1 AND `Id` = LAST_INSERT_ID();
2026-08-13 14:33:49.164 +03:00 [INF] Executed DbCommand (1ms) [Parameters=[@p0='?' (Size = 250), @p1='?' (DbType = DateTime), @p2='?' (Size = 50), @p3='?' (DbType = Int32), @p4='?' (DbType = Int32), @p5='?' (Size = 250), @p6='?' (DbType = DateTime), @p7='?' (DbType = Boolean), @p8='?' (DbType = Int32), @p9='?' (DbType = Int32), @p10='?' (DbType = DateTime), @p11='?' (Size = 250), @p12='?' (DbType = DateTime), @p13='?' (Size = 50), @p14='?' (DbType = Int32), @p15='?' (DbType = Int32), @p16='?' (Size = 250), @p17='?' (DbType = DateTime), @p18='?' (DbType = Boolean), @p19='?' (DbType = Int32), @p20='?' (DbType = Int32), @p21='?' (DbType = DateTime), @p22='?' (Size = 250), @p23='?' (DbType = DateTime), @p24='?' (Size = 50), @p25='?' (DbType = Int32), @p26='?' (DbType = Int32), @p27='?' (Size = 250), @p28='?' (DbType = DateTime), @p29='?' (DbType = Boolean), @p30='?' (DbType = Int32), @p31='?' (DbType = Int32), @p32='?' (DbType = DateTime), @p33='?' (Size = 250), @p34='?' (DbType = DateTime), @p35='?' (Size = 50), @p36='?' (DbType = Int32), @p37='?' (DbType = Int32), @p38='?' (Size = 250), @p39='?' (DbType = DateTime), @p40='?' (DbType = Boolean), @p41='?' (DbType = Int32), @p42='?' (DbType = Int32), @p43='?' (DbType = DateTime), @p44='?' (Size = 250), @p45='?' (DbType = DateTime), @p46='?' (Size = 50), @p47='?' (DbType = Int32), @p48='?' (DbType = Int32), @p49='?' (Size = 250), @p50='?' (DbType = DateTime), @p51='?' (DbType = Boolean), @p52='?' (DbType = Int32), @p53='?' (DbType = Int32), @p54='?' (DbType = DateTime), @p55='?' (Size = 250), @p56='?' (DbType = DateTime), @p57='?' (Size = 50), @p58='?' (DbType = Int32), @p59='?' (DbType = Int32), @p60='?' (Size = 250), @p61='?' (DbType = DateTime), @p62='?' (DbType = Boolean), @p63='?' (DbType = Int32), @p64='?' (DbType = Int32), @p65='?' (DbType = DateTime), @p66='?' (Size = 250), @p67='?' (DbType = DateTime), @p68='?' (Size = 50), @p69='?' (DbType = Int32), @p70='?' (DbType = Int32), @p71='?' (Size = 250), @p72='?' (DbType = DateTime), @p73='?' (DbType = Boolean), @p74='?' (DbType = Int32), @p75='?' (DbType = Int32), @p76='?' (DbType = DateTime), @p77='?' (Size = 250), @p78='?' (DbType = DateTime), @p79='?' (Size = 50), @p80='?' (DbType = Int32), @p81='?' (DbType = Int32), @p82='?' (Size = 250), @p83='?' (DbType = DateTime), @p84='?' (DbType = Boolean), @p85='?' (DbType = Int32), @p86='?' (DbType = Int32), @p87='?' (DbType = DateTime), @p88='?' (Size = 250), @p89='?' (DbType = DateTime), @p90='?' (Size = 50), @p91='?' (DbType = Int32), @p92='?' (DbType = Int32), @p93='?' (Size = 250), @p94='?' (DbType = DateTime), @p95='?' (DbType = Boolean), @p96='?' (DbType = Int32), @p97='?' (DbType = Int32), @p98='?' (DbType = DateTime), @p99='?' (Size = 250), @p100='?' (DbType = DateTime), @p101='?' (Size = 50), @p102='?' (DbType = Int32), @p103='?' (DbType = Int32), @p104='?' (Size = 250), @p105='?' (DbType = DateTime), @p106='?' (DbType = Boolean), @p107='?' (DbType = Int32), @p108='?' (DbType = Int32), @p109='?' (DbType = DateTime), @p110='?' (Size = 250), @p111='?' (DbType = DateTime), @p112='?' (Size = 50), @p113='?' (DbType = Int32), @p114='?' (DbType = Int32), @p115='?' (Size = 250), @p116='?' (DbType = DateTime), @p117='?' (DbType = Boolean), @p118='?' (DbType = Int32), @p119='?' (DbType = Int32), @p120='?' (DbType = DateTime), @p121='?' (Size = 250), @p122='?' (DbType = DateTime), @p123='?' (Size = 50), @p124='?' (DbType = Int32), @p125='?' (DbType = Int32), @p126='?' (Size = 250), @p127='?' (DbType = DateTime), @p128='?' (DbType = Boolean), @p129='?' (DbType = Int32), @p130='?' (DbType = Int32), @p131='?' (DbType = DateTime), @p132='?' (Size = 250), @p133='?' (DbType = DateTime), @p134='?' (Size = 50), @p135='?' (DbType = Int32), @p136='?' (DbType = Int32), @p137='?' (Size = 250), @p138='?' (DbType = DateTime), @p139='?' (DbType = Boolean), @p140='?' (DbType = Int32), @p141='?' (DbType = Int32), @p142='?' (DbType = DateTime), @p143='?' (Size = 250), @p144='?' (DbType = DateTime), @p145='?' (Size = 50), @p146='?' (DbType = Int32), @p147='?' (DbType = Int32), @p148='?' (Size = 250), @p149='?' (DbType = DateTime), @p150='?' (DbType = Boolean), @p151='?' (DbType = Int32), @p152='?' (DbType = Int32), @p153='?' (DbType = DateTime), @p154='?' (Size = 250), @p155='?' (DbType = DateTime), @p156='?' (Size = 50), @p157='?' (DbType = Int32), @p158='?' (DbType = Int32), @p159='?' (Size = 250), @p160='?' (DbType = DateTime), @p161='?' (DbType = Boolean), @p162='?' (DbType = Int32), @p163='?' (DbType = Int32), @p164='?' (DbType = DateTime), @p165='?' (Size = 250), @p166='?' (DbType = DateTime), @p167='?' (Size = 50), @p168='?' (DbType = Int32), @p169='?' (DbType = Int32), @p170='?' (Size = 250), @p171='?' (DbType = DateTime), @p172='?' (DbType = Boolean), @p173='?' (DbType = Int32), @p174='?' (DbType = Int32), @p175='?' (DbType = DateTime), @p176='?' (Size = 250), @p177='?' (DbType = DateTime), @p178='?' (Size = 50), @p179='?' (DbType = Int32), @p180='?' (DbType = Int32), @p181='?' (Size = 250), @p182='?' (DbType = DateTime), @p183='?' (DbType = Boolean), @p184='?' (DbType = Int32), @p185='?' (DbType = Int32), @p186='?' (DbType = DateTime), @p187='?' (Size = 250), @p188='?' (DbType = DateTime), @p189='?' (Size = 50), @p190='?' (DbType = Int32), @p191='?' (DbType = Int32), @p192='?' (Size = 250), @p193='?' (DbType = DateTime), @p194='?' (DbType = Boolean), @p195='?' (DbType = Int32), @p196='?' (DbType = Int32), @p197='?' (DbType = DateTime), @p198='?' (Size = 250), @p199='?' (DbType = DateTime), @p200='?' (Size = 50), @p201='?' (DbType = Int32), @p202='?' (DbType = Int32), @p203='?' (Size = 250), @p204='?' (DbType = DateTime), @p205='?' (DbType = Boolean), @p206='?' (DbType = Int32), @p207='?' (DbType = Int32), @p208='?' (DbType = DateTime), @p209='?' (Size = 250), @p210='?' (DbType = DateTime), @p211='?' (Size = 50), @p212='?' (DbType = Int32), @p213='?' (DbType = Int32), @p214='?' (Size = 250), @p215='?' (DbType = DateTime), @p216='?' (DbType = Boolean), @p217='?' (DbType = Int32), @p218='?' (DbType = Int32), @p219='?' (DbType = DateTime), @p220='?' (Size = 250), @p221='?' (DbType = DateTime), @p222='?' (Size = 50), @p223='?' (DbType = Int32), @p224='?' (DbType = Int32), @p225='?' (Size = 250), @p226='?' (DbType = DateTime), @p227='?' (DbType = Boolean), @p228='?' (DbType = Int32), @p229='?' (DbType = Int32), @p230='?' (DbType = DateTime), @p231='?' (Size = 250), @p232='?' (DbType = DateTime), @p233='?' (Size = 50), @p234='?' (DbType = Int32), @p235='?' (DbType = Int32), @p236='?' (Size = 250), @p237='?' (DbType = DateTime), @p238='?' (DbType = Boolean), @p239='?' (DbType = Int32), @p240='?' (DbType = Int32), @p241='?' (DbType = DateTime), @p242='?' (Size = 250), @p243='?' (DbType = DateTime), @p244='?' (Size = 50), @p245='?' (DbType = Int32), @p246='?' (DbType = Int32), @p247='?' (Size = 250), @p248='?' (DbType = DateTime), @p249='?' (DbType = Boolean), @p250='?' (DbType = Int32), @p251='?' (DbType = Int32), @p252='?' (DbType = DateTime), @p253='?' (Size = 250), @p254='?' (DbType = DateTime), @p255='?' (Size = 50), @p256='?' (DbType = Int32), @p257='?' (DbType = Int32), @p258='?' (Size = 250), @p259='?' (DbType = DateTime), @p260='?' (DbType = Boolean), @p261='?' (DbType = Int32), @p262='?' (DbType = Int32), @p263='?' (DbType = DateTime), @p264='?' (Size = 250), @p265='?' (DbType = DateTime), @p266='?' (Size = 50), @p267='?' (DbType = Int32), @p268='?' (DbType = Int32), @p269='?' (Size = 250), @p270='?' (DbType = DateTime), @p271='?' (DbType = Boolean), @p272='?' (DbType = Int32), @p273='?' (DbType = Int32), @p274='?' (DbType = DateTime), @p275='?' (Size = 250), @p276='?' (DbType = DateTime), @p277='?' (Size = 50), @p278='?' (DbType = Int32), @p279='?' (DbType = Int32), @p280='?' (Size = 250), @p281='?' (DbType = DateTime), @p282='?' (DbType = Boolean), @p283='?' (DbType = Int32), @p284='?' (DbType = Int32), @p285='?' (DbType = DateTime), @p286='?' (Size = 250), @p287='?' (DbType = DateTime), @p288='?' (Size = 50), @p289='?' (DbType = Int32), @p290='?' (DbType = Int32), @p291='?' (Size = 250), @p292='?' (DbType = DateTime), @p293='?' (DbType = Boolean), @p294='?' (DbType = Int32), @p295='?' (DbType = Int32), @p296='?' (DbType = DateTime), @p297='?' (Size = 250), @p298='?' (DbType = DateTime), @p299='?' (Size = 50), @p300='?' (DbType = Int32), @p301='?' (DbType = Int32), @p302='?' (Size = 250), @p303='?' (DbType = DateTime), @p304='?' (DbType = Boolean), @p305='?' (DbType = Int32), @p306='?' (DbType = Int32), @p307='?' (DbType = DateTime), @p308='?' (Size = 250), @p309='?' (DbType = DateTime), @p310='?' (Size = 50), @p311='?' (DbType = Int32), @p312='?' (DbType = Int32), @p313='?' (Size = 250), @p314='?' (DbType = DateTime), @p315='?' (DbType = Boolean), @p316='?' (DbType = Int32), @p317='?' (DbType = Int32), @p318='?' (DbType = DateTime), @p319='?' (Size = 250), @p320='?' (DbType = DateTime), @p321='?' (Size = 50), @p322='?' (DbType = Int32), @p323='?' (DbType = Int32), @p324='?' (Size = 250), @p325='?' (DbType = DateTime), @p326='?' (DbType = Boolean), @p327='?' (DbType = Int32), @p328='?' (DbType = Int32), @p329='?' (DbType = DateTime), @p330='?' (Size = 250), @p331='?' (DbType = DateTime), @p332='?' (Size = 50), @p333='?' (DbType = Int32), @p334='?' (DbType = Int32), @p335='?' (Size = 250), @p336='?' (DbType = DateTime), @p337='?' (DbType = Boolean), @p338='?' (DbType = Int32), @p339='?' (DbType = Int32), @p340='?' (DbType = DateTime), @p341='?' (Size = 250), @p342='?' (DbType = DateTime), @p343='?' (Size = 50), @p344='?' (DbType = Int32), @p345='?' (DbType = Int32), @p346='?' (Size = 250), @p347='?' (DbType = DateTime), @p348='?' (DbType = Boolean), @p349='?' (DbType = Int32), @p350='?' (DbType = Int32), @p351='?' (DbType = DateTime), @p352='?' (Size = 250), @p353='?' (DbType = DateTime), @p354='?' (Size = 50), @p355='?' (DbType = Int32), @p356='?' (DbType = Int32), @p357='?' (Size = 250), @p358='?' (DbType = DateTime), @p359='?' (DbType = Boolean), @p360='?' (DbType = Int32), @p361='?' (DbType = Int32), @p362='?' (DbType = DateTime), @p363='?' (Size = 250), @p364='?' (DbType = DateTime), @p365='?' (Size = 50), @p366='?' (DbType = Int32), @p367='?' (DbType = Int32), @p368='?' (Size = 250), @p369='?' (DbType = DateTime), @p370='?' (DbType = Boolean), @p371='?' (DbType = Int32), @p372='?' (DbType = Int32), @p373='?' (DbType = DateTime), @p374='?' (Size = 250), @p375='?' (DbType = DateTime), @p376='?' (Size = 50), @p377='?' (DbType = Int32), @p378='?' (DbType = Int32), @p379='?' (Size = 250), @p380='?' (DbType = DateTime), @p381='?' (DbType = Boolean), @p382='?' (DbType = Int32), @p383='?' (DbType = Int32), @p384='?' (DbType = DateTime), @p385='?' (Size = 250), @p386='?' (DbType = DateTime), @p387='?' (Size = 50), @p388='?' (DbType = Int32), @p389='?' (DbType = Int32), @p390='?' (Size = 250), @p391='?' (DbType = DateTime), @p392='?' (DbType = Boolean), @p393='?' (DbType = Int32), @p394='?' (DbType = Int32), @p395='?' (DbType = DateTime), @p396='?' (Size = 250), @p397='?' (DbType = DateTime), @p398='?' (Size = 50), @p399='?' (DbType = Int32), @p400='?' (DbType = Int32), @p401='?' (Size = 250), @p402='?' (DbType = DateTime), @p403='?' (DbType = Boolean), @p404='?' (DbType = Int32), @p405='?' (DbType = Int32), @p406='?' (DbType = DateTime), @p407='?' (Size = 250), @p408='?' (DbType = DateTime), @p409='?' (Size = 50), @p410='?' (DbType = Int32), @p411='?' (DbType = Int32), @p412='?' (Size = 250), @p413='?' (DbType = DateTime), @p414='?' (DbType = Boolean), @p415='?' (DbType = Int32), @p416='?' (DbType = Int32), @p417='?' (DbType = DateTime), @p418='?' (Size = 250), @p419='?' (DbType = DateTime), @p420='?' (Size = 50), @p421='?' (DbType = Int32), @p422='?' (DbType = Int32), @p423='?' (Size = 250), @p424='?' (DbType = DateTime), @p425='?' (DbType = Boolean), @p426='?' (DbType = Int32), @p427='?' (DbType = Int32), @p428='?' (DbType = DateTime), @p429='?' (Size = 250), @p430='?' (DbType = DateTime), @p431='?' (Size = 50), @p432='?' (DbType = Int32), @p433='?' (DbType = Int32), @p434='?' (Size = 250), @p435='?' (DbType = DateTime), @p436='?' (DbType = Boolean), @p437='?' (DbType = Int32), @p438='?' (DbType = Int32), @p439='?' (DbType = DateTime), @p440='?' (Size = 250), @p441='?' (DbType = DateTime), @p442='?' (Size = 50), @p443='?' (DbType = Int32), @p444='?' (DbType = Int32), @p445='?' (Size = 250), @p446='?' (DbType = DateTime), @p447='?' (DbType = Boolean), @p448='?' (DbType = Int32), @p449='?' (DbType = Int32), @p450='?' (DbType = DateTime), @p451='?' (Size = 250), @p452='?' (DbType = DateTime), @p453='?' (Size = 50), @p454='?' (DbType = Int32), @p455='?' (DbType = Int32), @p456='?' (Size = 250), @p457='?' (DbType = DateTime), @p458='?' (DbType = Boolean), @p459='?' (DbType = Int32), @p460='?' (DbType = Int32), @p461='?' (DbType = DateTime)], CommandType='"Text"', CommandTimeout='30']
INSERT INTO `HareketBasliklari` (`Aciklama`, `CreatedAt`, `FisNo`, `HareketTipi`, `HedefDepoId`, `IptalNedeni`, `IptalTarihi`, `IsIptal`, `KaynakDepoId`, `OlusturanKullaniciId`, `Tarih`)
VALUES (@p0, @p1, @p2, @p3, @p4, @p5, @p6, @p7, @p8, @p9, @p10);
SELECT `Id`
FROM `HareketBasliklari`
WHERE ROW_COUNT() = 1 AND `Id` = LAST_INSERT_ID();

INSERT INTO `HareketBasliklari` (`Aciklama`, `CreatedAt`, `FisNo`, `HareketTipi`, `HedefDepoId`, `IptalNedeni`, `IptalTarihi`, `IsIptal`, `KaynakDepoId`, `OlusturanKullaniciId`, `Tarih`)
VALUES (@p11, @p12, @p13, @p14, @p15, @p16, @p17, @p18, @p19, @p20, @p21);
SELECT `Id`
FROM `HareketBasliklari`
WHERE ROW_COUNT() = 1 AND `Id` = LAST_INSERT_ID();

INSERT INTO `HareketBasliklari` (`Aciklama`, `CreatedAt`, `FisNo`, `HareketTipi`, `HedefDepoId`, `IptalNedeni`, `IptalTarihi`, `IsIptal`, `KaynakDepoId`, `OlusturanKullaniciId`, `Tarih`)
VALUES (@p22, @p23, @p24, @p25, @p26, @p27, @p28, @p29, @p30, @p31, @p32);
SELECT `Id`
FROM `HareketBasliklari`
WHERE ROW_COUNT() = 1 AND `Id` = LAST_INSERT_ID();

INSERT INTO `HareketBasliklari` (`Aciklama`, `CreatedAt`, `FisNo`, `HareketTipi`, `HedefDepoId`, `IptalNedeni`, `IptalTarihi`, `IsIptal`, `KaynakDepoId`, `OlusturanKullaniciId`, `Tarih`)
VALUES (@p33, @p34, @p35, @p36, @p37, @p38, @p39, @p40, @p41, @p42, @p43);
SELECT `Id`
FROM `HareketBasliklari`
WHERE ROW_COUNT() = 1 AND `Id` = LAST_INSERT_ID();

INSERT INTO `HareketBasliklari` (`Aciklama`, `CreatedAt`, `FisNo`, `HareketTipi`, `HedefDepoId`, `IptalNedeni`, `IptalTarihi`, `IsIptal`, `KaynakDepoId`, `OlusturanKullaniciId`, `Tarih`)
VALUES (@p44, @p45, @p46, @p47, @p48, @p49, @p50, @p51, @p52, @p53, @p54);
SELECT `Id`
FROM `HareketBasliklari`
WHERE ROW_COUNT() = 1 AND `Id` = LAST_INSERT_ID();

INSERT INTO `HareketBasliklari` (`Aciklama`, `CreatedAt`, `FisNo`, `HareketTipi`, `HedefDepoId`, `IptalNedeni`, `IptalTarihi`, `IsIptal`, `KaynakDepoId`, `OlusturanKullaniciId`, `Tarih`)
VALUES (@p55, @p56, @p57, @p58, @p59, @p60, @p61, @p62, @p63, @p64, @p65);
SELECT `Id`
FROM `HareketBasliklari`
WHERE ROW_COUNT() = 1 AND `Id` = LAST_INSERT_ID();

INSERT INTO `HareketBasliklari` (`Aciklama`, `CreatedAt`, `FisNo`, `HareketTipi`, `HedefDepoId`, `IptalNedeni`, `IptalTarihi`, `IsIptal`, `KaynakDepoId`, `OlusturanKullaniciId`, `Tarih`)
VALUES (@p66, @p67, @p68, @p69, @p70, @p71, @p72, @p73, @p74, @p75, @p76);
SELECT `Id`
FROM `HareketBasliklari`
WHERE ROW_COUNT() = 1 AND `Id` = LAST_INSERT_ID();

INSERT INTO `HareketBasliklari` (`Aciklama`, `CreatedAt`, `FisNo`, `HareketTipi`, `HedefDepoId`, `IptalNedeni`, `IptalTarihi`, `IsIptal`, `KaynakDepoId`, `OlusturanKullaniciId`, `Tarih`)
VALUES (@p77, @p78, @p79, @p80, @p81, @p82, @p83, @p84, @p85, @p86, @p87);
SELECT `Id`
FROM `HareketBasliklari`
WHERE ROW_COUNT() = 1 AND `Id` = LAST_INSERT_ID();

INSERT INTO `HareketBasliklari` (`Aciklama`, `CreatedAt`, `FisNo`, `HareketTipi`, `HedefDepoId`, `IptalNedeni`, `IptalTarihi`, `IsIptal`, `KaynakDepoId`, `OlusturanKullaniciId`, `Tarih`)
VALUES (@p88, @p89, @p90, @p91, @p92, @p93, @p94, @p95, @p96, @p97, @p98);
SELECT `Id`
FROM `HareketBasliklari`
WHERE ROW_COUNT() = 1 AND `Id` = LAST_INSERT_ID();

INSERT INTO `HareketBasliklari` (`Aciklama`, `CreatedAt`, `FisNo`, `HareketTipi`, `HedefDepoId`, `IptalNedeni`, `IptalTarihi`, `IsIptal`, `KaynakDepoId`, `OlusturanKullaniciId`, `Tarih`)
VALUES (@p99, @p100, @p101, @p102, @p103, @p104, @p105, @p106, @p107, @p108, @p109);
SELECT `Id`
FROM `HareketBasliklari`
WHERE ROW_COUNT() = 1 AND `Id` = LAST_INSERT_ID();

INSERT INTO `HareketBasliklari` (`Aciklama`, `CreatedAt`, `FisNo`, `HareketTipi`, `HedefDepoId`, `IptalNedeni`, `IptalTarihi`, `IsIptal`, `KaynakDepoId`, `OlusturanKullaniciId`, `Tarih`)
VALUES (@p110, @p111, @p112, @p113, @p114, @p115, @p116, @p117, @p118, @p119, @p120);
SELECT `Id`
FROM `HareketBasliklari`
WHERE ROW_COUNT() = 1 AND `Id` = LAST_INSERT_ID();

INSERT INTO `HareketBasliklari` (`Aciklama`, `CreatedAt`, `FisNo`, `HareketTipi`, `HedefDepoId`, `IptalNedeni`, `IptalTarihi`, `IsIptal`, `KaynakDepoId`, `OlusturanKullaniciId`, `Tarih`)
VALUES (@p121, @p122, @p123, @p124, @p125, @p126, @p127, @p128, @p129, @p130, @p131);
SELECT `Id`
FROM `HareketBasliklari`
WHERE ROW_COUNT() = 1 AND `Id` = LAST_INSERT_ID();

INSERT INTO `HareketBasliklari` (`Aciklama`, `CreatedAt`, `FisNo`, `HareketTipi`, `HedefDepoId`, `IptalNedeni`, `IptalTarihi`, `IsIptal`, `KaynakDepoId`, `OlusturanKullaniciId`, `Tarih`)
VALUES (@p132, @p133, @p134, @p135, @p136, @p137, @p138, @p139, @p140, @p141, @p142);
SELECT `Id`
FROM `HareketBasliklari`
WHERE ROW_COUNT() = 1 AND `Id` = LAST_INSERT_ID();

INSERT INTO `HareketBasliklari` (`Aciklama`, `CreatedAt`, `FisNo`, `HareketTipi`, `HedefDepoId`, `IptalNedeni`, `IptalTarihi`, `IsIptal`, `KaynakDepoId`, `OlusturanKullaniciId`, `Tarih`)
VALUES (@p143, @p144, @p145, @p146, @p147, @p148, @p149, @p150, @p151, @p152, @p153);
SELECT `Id`
FROM `HareketBasliklari`
WHERE ROW_COUNT() = 1 AND `Id` = LAST_INSERT_ID();

INSERT INTO `HareketBasliklari` (`Aciklama`, `CreatedAt`, `FisNo`, `HareketTipi`, `HedefDepoId`, `IptalNedeni`, `IptalTarihi`, `IsIptal`, `KaynakDepoId`, `OlusturanKullaniciId`, `Tarih`)
VALUES (@p154, @p155, @p156, @p157, @p158, @p159, @p160, @p161, @p162, @p163, @p164);
SELECT `Id`
FROM `HareketBasliklari`
WHERE ROW_COUNT() = 1 AND `Id` = LAST_INSERT_ID();

INSERT INTO `HareketBasliklari` (`Aciklama`, `CreatedAt`, `FisNo`, `HareketTipi`, `HedefDepoId`, `IptalNedeni`, `IptalTarihi`, `IsIptal`, `KaynakDepoId`, `OlusturanKullaniciId`, `Tarih`)
VALUES (@p165, @p166, @p167, @p168, @p169, @p170, @p171, @p172, @p173, @p174, @p175);
SELECT `Id`
FROM `HareketBasliklari`
WHERE ROW_COUNT() = 1 AND `Id` = LAST_INSERT_ID();

INSERT INTO `HareketBasliklari` (`Aciklama`, `CreatedAt`, `FisNo`, `HareketTipi`, `HedefDepoId`, `IptalNedeni`, `IptalTarihi`, `IsIptal`, `KaynakDepoId`, `OlusturanKullaniciId`, `Tarih`)
VALUES (@p176, @p177, @p178, @p179, @p180, @p181, @p182, @p183, @p184, @p185, @p186);
SELECT `Id`
FROM `HareketBasliklari`
WHERE ROW_COUNT() = 1 AND `Id` = LAST_INSERT_ID();

INSERT INTO `HareketBasliklari` (`Aciklama`, `CreatedAt`, `FisNo`, `HareketTipi`, `HedefDepoId`, `IptalNedeni`, `IptalTarihi`, `IsIptal`, `KaynakDepoId`, `OlusturanKullaniciId`, `Tarih`)
VALUES (@p187, @p188, @p189, @p190, @p191, @p192, @p193, @p194, @p195, @p196, @p197);
SELECT `Id`
FROM `HareketBasliklari`
WHERE ROW_COUNT() = 1 AND `Id` = LAST_INSERT_ID();

INSERT INTO `HareketBasliklari` (`Aciklama`, `CreatedAt`, `FisNo`, `HareketTipi`, `HedefDepoId`, `IptalNedeni`, `IptalTarihi`, `IsIptal`, `KaynakDepoId`, `OlusturanKullaniciId`, `Tarih`)
VALUES (@p198, @p199, @p200, @p201, @p202, @p203, @p204, @p205, @p206, @p207, @p208);
SELECT `Id`
FROM `HareketBasliklari`
WHERE ROW_COUNT() = 1 AND `Id` = LAST_INSERT_ID();

INSERT INTO `HareketBasliklari` (`Aciklama`, `CreatedAt`, `FisNo`, `HareketTipi`, `HedefDepoId`, `IptalNedeni`, `IptalTarihi`, `IsIptal`, `KaynakDepoId`, `OlusturanKullaniciId`, `Tarih`)
VALUES (@p209, @p210, @p211, @p212, @p213, @p214, @p215, @p216, @p217, @p218, @p219);
SELECT `Id`
FROM `HareketBasliklari`
WHERE ROW_COUNT() = 1 AND `Id` = LAST_INSERT_ID();

INSERT INTO `HareketBasliklari` (`Aciklama`, `CreatedAt`, `FisNo`, `HareketTipi`, `HedefDepoId`, `IptalNedeni`, `IptalTarihi`, `IsIptal`, `KaynakDepoId`, `OlusturanKullaniciId`, `Tarih`)
VALUES (@p220, @p221, @p222, @p223, @p224, @p225, @p226, @p227, @p228, @p229, @p230);
SELECT `Id`
FROM `HareketBasliklari`
WHERE ROW_COUNT() = 1 AND `Id` = LAST_INSERT_ID();

INSERT INTO `HareketBasliklari` (`Aciklama`, `CreatedAt`, `FisNo`, `HareketTipi`, `HedefDepoId`, `IptalNedeni`, `IptalTarihi`, `IsIptal`, `KaynakDepoId`, `OlusturanKullaniciId`, `Tarih`)
VALUES (@p231, @p232, @p233, @p234, @p235, @p236, @p237, @p238, @p239, @p240, @p241);
SELECT `Id`
FROM `HareketBasliklari`
WHERE ROW_COUNT() = 1 AND `Id` = LAST_INSERT_ID();

INSERT INTO `HareketBasliklari` (`Aciklama`, `CreatedAt`, `FisNo`, `HareketTipi`, `HedefDepoId`, `IptalNedeni`, `IptalTarihi`, `IsIptal`, `KaynakDepoId`, `OlusturanKullaniciId`, `Tarih`)
VALUES (@p242, @p243, @p244, @p245, @p246, @p247, @p248, @p249, @p250, @p251, @p252);
SELECT `Id`
FROM `HareketBasliklari`
WHERE ROW_COUNT() = 1 AND `Id` = LAST_INSERT_ID();

INSERT INTO `HareketBasliklari` (`Aciklama`, `CreatedAt`, `FisNo`, `HareketTipi`, `HedefDepoId`, `IptalNedeni`, `IptalTarihi`, `IsIptal`, `KaynakDepoId`, `OlusturanKullaniciId`, `Tarih`)
VALUES (@p253, @p254, @p255, @p256, @p257, @p258, @p259, @p260, @p261, @p262, @p263);
SELECT `Id`
FROM `HareketBasliklari`
WHERE ROW_COUNT() = 1 AND `Id` = LAST_INSERT_ID();

INSERT INTO `HareketBasliklari` (`Aciklama`, `CreatedAt`, `FisNo`, `HareketTipi`, `HedefDepoId`, `IptalNedeni`, `IptalTarihi`, `IsIptal`, `KaynakDepoId`, `OlusturanKullaniciId`, `Tarih`)
VALUES (@p264, @p265, @p266, @p267, @p268, @p269, @p270, @p271, @p272, @p273, @p274);
SELECT `Id`
FROM `HareketBasliklari`
WHERE ROW_COUNT() = 1 AND `Id` = LAST_INSERT_ID();

INSERT INTO `HareketBasliklari` (`Aciklama`, `CreatedAt`, `FisNo`, `HareketTipi`, `HedefDepoId`, `IptalNedeni`, `IptalTarihi`, `IsIptal`, `KaynakDepoId`, `OlusturanKullaniciId`, `Tarih`)
VALUES (@p275, @p276, @p277, @p278, @p279, @p280, @p281, @p282, @p283, @p284, @p285);
SELECT `Id`
FROM `HareketBasliklari`
WHERE ROW_COUNT() = 1 AND `Id` = LAST_INSERT_ID();

INSERT INTO `HareketBasliklari` (`Aciklama`, `CreatedAt`, `FisNo`, `HareketTipi`, `HedefDepoId`, `IptalNedeni`, `IptalTarihi`, `IsIptal`, `KaynakDepoId`, `OlusturanKullaniciId`, `Tarih`)
VALUES (@p286, @p287, @p288, @p289, @p290, @p291, @p292, @p293, @p294, @p295, @p296);
SELECT `Id`
FROM `HareketBasliklari`
WHERE ROW_COUNT() = 1 AND `Id` = LAST_INSERT_ID();

INSERT INTO `HareketBasliklari` (`Aciklama`, `CreatedAt`, `FisNo`, `HareketTipi`, `HedefDepoId`, `IptalNedeni`, `IptalTarihi`, `IsIptal`, `KaynakDepoId`, `OlusturanKullaniciId`, `Tarih`)
VALUES (@p297, @p298, @p299, @p300, @p301, @p302, @p303, @p304, @p305, @p306, @p307);
SELECT `Id`
FROM `HareketBasliklari`
WHERE ROW_COUNT() = 1 AND `Id` = LAST_INSERT_ID();

INSERT INTO `HareketBasliklari` (`Aciklama`, `CreatedAt`, `FisNo`, `HareketTipi`, `HedefDepoId`, `IptalNedeni`, `IptalTarihi`, `IsIptal`, `KaynakDepoId`, `OlusturanKullaniciId`, `Tarih`)
VALUES (@p308, @p309, @p310, @p311, @p312, @p313, @p314, @p315, @p316, @p317, @p318);
SELECT `Id`
FROM `HareketBasliklari`
WHERE ROW_COUNT() = 1 AND `Id` = LAST_INSERT_ID();

INSERT INTO `HareketBasliklari` (`Aciklama`, `CreatedAt`, `FisNo`, `HareketTipi`, `HedefDepoId`, `IptalNedeni`, `IptalTarihi`, `IsIptal`, `KaynakDepoId`, `OlusturanKullaniciId`, `Tarih`)
VALUES (@p319, @p320, @p321, @p322, @p323, @p324, @p325, @p326, @p327, @p328, @p329);
SELECT `Id`
FROM `HareketBasliklari`
WHERE ROW_COUNT() = 1 AND `Id` = LAST_INSERT_ID();

INSERT INTO `HareketBasliklari` (`Aciklama`, `CreatedAt`, `FisNo`, `HareketTipi`, `HedefDepoId`, `IptalNedeni`, `IptalTarihi`, `IsIptal`, `KaynakDepoId`, `OlusturanKullaniciId`, `Tarih`)
VALUES (@p330, @p331, @p332, @p333, @p334, @p335, @p336, @p337, @p338, @p339, @p340);
SELECT `Id`
FROM `HareketBasliklari`
WHERE ROW_COUNT() = 1 AND `Id` = LAST_INSERT_ID();

INSERT INTO `HareketBasliklari` (`Aciklama`, `CreatedAt`, `FisNo`, `HareketTipi`, `HedefDepoId`, `IptalNedeni`, `IptalTarihi`, `IsIptal`, `KaynakDepoId`, `OlusturanKullaniciId`, `Tarih`)
VALUES (@p341, @p342, @p343, @p344, @p345, @p346, @p347, @p348, @p349, @p350, @p351);
SELECT `Id`
FROM `HareketBasliklari`
WHERE ROW_COUNT() = 1 AND `Id` = LAST_INSERT_ID();

INSERT INTO `HareketBasliklari` (`Aciklama`, `CreatedAt`, `FisNo`, `HareketTipi`, `HedefDepoId`, `IptalNedeni`, `IptalTarihi`, `IsIptal`, `KaynakDepoId`, `OlusturanKullaniciId`, `Tarih`)
VALUES (@p352, @p353, @p354, @p355, @p356, @p357, @p358, @p359, @p360, @p361, @p362);
SELECT `Id`
FROM `HareketBasliklari`
WHERE ROW_COUNT() = 1 AND `Id` = LAST_INSERT_ID();

INSERT INTO `HareketBasliklari` (`Aciklama`, `CreatedAt`, `FisNo`, `HareketTipi`, `HedefDepoId`, `IptalNedeni`, `IptalTarihi`, `IsIptal`, `KaynakDepoId`, `OlusturanKullaniciId`, `Tarih`)
VALUES (@p363, @p364, @p365, @p366, @p367, @p368, @p369, @p370, @p371, @p372, @p373);
SELECT `Id`
FROM `HareketBasliklari`
WHERE ROW_COUNT() = 1 AND `Id` = LAST_INSERT_ID();

INSERT INTO `HareketBasliklari` (`Aciklama`, `CreatedAt`, `FisNo`, `HareketTipi`, `HedefDepoId`, `IptalNedeni`, `IptalTarihi`, `IsIptal`, `KaynakDepoId`, `OlusturanKullaniciId`, `Tarih`)
VALUES (@p374, @p375, @p376, @p377, @p378, @p379, @p380, @p381, @p382, @p383, @p384);
SELECT `Id`
FROM `HareketBasliklari`
WHERE ROW_COUNT() = 1 AND `Id` = LAST_INSERT_ID();

INSERT INTO `HareketBasliklari` (`Aciklama`, `CreatedAt`, `FisNo`, `HareketTipi`, `HedefDepoId`, `IptalNedeni`, `IptalTarihi`, `IsIptal`, `KaynakDepoId`, `OlusturanKullaniciId`, `Tarih`)
VALUES (@p385, @p386, @p387, @p388, @p389, @p390, @p391, @p392, @p393, @p394, @p395);
SELECT `Id`
FROM `HareketBasliklari`
WHERE ROW_COUNT() = 1 AND `Id` = LAST_INSERT_ID();

INSERT INTO `HareketBasliklari` (`Aciklama`, `CreatedAt`, `FisNo`, `HareketTipi`, `HedefDepoId`, `IptalNedeni`, `IptalTarihi`, `IsIptal`, `KaynakDepoId`, `OlusturanKullaniciId`, `Tarih`)
VALUES (@p396, @p397, @p398, @p399, @p400, @p401, @p402, @p403, @p404, @p405, @p406);
SELECT `Id`
FROM `HareketBasliklari`
WHERE ROW_COUNT() = 1 AND `Id` = LAST_INSERT_ID();

INSERT INTO `HareketBasliklari` (`Aciklama`, `CreatedAt`, `FisNo`, `HareketTipi`, `HedefDepoId`, `IptalNedeni`, `IptalTarihi`, `IsIptal`, `KaynakDepoId`, `OlusturanKullaniciId`, `Tarih`)
VALUES (@p407, @p408, @p409, @p410, @p411, @p412, @p413, @p414, @p415, @p416, @p417);
SELECT `Id`
FROM `HareketBasliklari`
WHERE ROW_COUNT() = 1 AND `Id` = LAST_INSERT_ID();

INSERT INTO `HareketBasliklari` (`Aciklama`, `CreatedAt`, `FisNo`, `HareketTipi`, `HedefDepoId`, `IptalNedeni`, `IptalTarihi`, `IsIptal`, `KaynakDepoId`, `OlusturanKullaniciId`, `Tarih`)
VALUES (@p418, @p419, @p420, @p421, @p422, @p423, @p424, @p425, @p426, @p427, @p428);
SELECT `Id`
FROM `HareketBasliklari`
WHERE ROW_COUNT() = 1 AND `Id` = LAST_INSERT_ID();

INSERT INTO `HareketBasliklari` (`Aciklama`, `CreatedAt`, `FisNo`, `HareketTipi`, `HedefDepoId`, `IptalNedeni`, `IptalTarihi`, `IsIptal`, `KaynakDepoId`, `OlusturanKullaniciId`, `Tarih`)
VALUES (@p429, @p430, @p431, @p432, @p433, @p434, @p435, @p436, @p437, @p438, @p439);
SELECT `Id`
FROM `HareketBasliklari`
WHERE ROW_COUNT() = 1 AND `Id` = LAST_INSERT_ID();

INSERT INTO `HareketBasliklari` (`Aciklama`, `CreatedAt`, `FisNo`, `HareketTipi`, `HedefDepoId`, `IptalNedeni`, `IptalTarihi`, `IsIptal`, `KaynakDepoId`, `OlusturanKullaniciId`, `Tarih`)
VALUES (@p440, @p441, @p442, @p443, @p444, @p445, @p446, @p447, @p448, @p449, @p450);
SELECT `Id`
FROM `HareketBasliklari`
WHERE ROW_COUNT() = 1 AND `Id` = LAST_INSERT_ID();

INSERT INTO `HareketBasliklari` (`Aciklama`, `CreatedAt`, `FisNo`, `HareketTipi`, `HedefDepoId`, `IptalNedeni`, `IptalTarihi`, `IsIptal`, `KaynakDepoId`, `OlusturanKullaniciId`, `Tarih`)
VALUES (@p451, @p452, @p453, @p454, @p455, @p456, @p457, @p458, @p459, @p460, @p461);
SELECT `Id`
FROM `HareketBasliklari`
WHERE ROW_COUNT() = 1 AND `Id` = LAST_INSERT_ID();
2026-08-13 14:33:49.186 +03:00 [INF] Executed DbCommand (2ms) [Parameters=[@p0='?' (Size = 250), @p1='?' (DbType = DateTime), @p2='?' (Size = 50), @p3='?' (DbType = Int32), @p4='?' (DbType = Int32), @p5='?' (Size = 250), @p6='?' (DbType = DateTime), @p7='?' (DbType = Boolean), @p8='?' (DbType = Int32), @p9='?' (DbType = Int32), @p10='?' (DbType = DateTime), @p11='?' (Size = 250), @p12='?' (DbType = DateTime), @p13='?' (Size = 50), @p14='?' (DbType = Int32), @p15='?' (DbType = Int32), @p16='?' (Size = 250), @p17='?' (DbType = DateTime), @p18='?' (DbType = Boolean), @p19='?' (DbType = Int32), @p20='?' (DbType = Int32), @p21='?' (DbType = DateTime), @p22='?' (Size = 250), @p23='?' (DbType = DateTime), @p24='?' (Size = 50), @p25='?' (DbType = Int32), @p26='?' (DbType = Int32), @p27='?' (Size = 250), @p28='?' (DbType = DateTime), @p29='?' (DbType = Boolean), @p30='?' (DbType = Int32), @p31='?' (DbType = Int32), @p32='?' (DbType = DateTime), @p33='?' (Size = 250), @p34='?' (DbType = DateTime), @p35='?' (Size = 50), @p36='?' (DbType = Int32), @p37='?' (DbType = Int32), @p38='?' (Size = 250), @p39='?' (DbType = DateTime), @p40='?' (DbType = Boolean), @p41='?' (DbType = Int32), @p42='?' (DbType = Int32), @p43='?' (DbType = DateTime), @p44='?' (Size = 250), @p45='?' (DbType = DateTime), @p46='?' (Size = 50), @p47='?' (DbType = Int32), @p48='?' (DbType = Int32), @p49='?' (Size = 250), @p50='?' (DbType = DateTime), @p51='?' (DbType = Boolean), @p52='?' (DbType = Int32), @p53='?' (DbType = Int32), @p54='?' (DbType = DateTime), @p55='?' (Size = 250), @p56='?' (DbType = DateTime), @p57='?' (Size = 50), @p58='?' (DbType = Int32), @p59='?' (DbType = Int32), @p60='?' (Size = 250), @p61='?' (DbType = DateTime), @p62='?' (DbType = Boolean), @p63='?' (DbType = Int32), @p64='?' (DbType = Int32), @p65='?' (DbType = DateTime), @p66='?' (Size = 250), @p67='?' (DbType = DateTime), @p68='?' (Size = 50), @p69='?' (DbType = Int32), @p70='?' (DbType = Int32), @p71='?' (Size = 250), @p72='?' (DbType = DateTime), @p73='?' (DbType = Boolean), @p74='?' (DbType = Int32), @p75='?' (DbType = Int32), @p76='?' (DbType = DateTime), @p77='?' (Size = 250), @p78='?' (DbType = DateTime), @p79='?' (Size = 50), @p80='?' (DbType = Int32), @p81='?' (DbType = Int32), @p82='?' (Size = 250), @p83='?' (DbType = DateTime), @p84='?' (DbType = Boolean), @p85='?' (DbType = Int32), @p86='?' (DbType = Int32), @p87='?' (DbType = DateTime), @p88='?' (Size = 250), @p89='?' (DbType = DateTime), @p90='?' (Size = 50), @p91='?' (DbType = Int32), @p92='?' (DbType = Int32), @p93='?' (Size = 250), @p94='?' (DbType = DateTime), @p95='?' (DbType = Boolean), @p96='?' (DbType = Int32), @p97='?' (DbType = Int32), @p98='?' (DbType = DateTime), @p99='?' (Size = 250), @p100='?' (DbType = DateTime), @p101='?' (Size = 50), @p102='?' (DbType = Int32), @p103='?' (DbType = Int32), @p104='?' (Size = 250), @p105='?' (DbType = DateTime), @p106='?' (DbType = Boolean), @p107='?' (DbType = Int32), @p108='?' (DbType = Int32), @p109='?' (DbType = DateTime), @p110='?' (Size = 250), @p111='?' (DbType = DateTime), @p112='?' (Size = 50), @p113='?' (DbType = Int32), @p114='?' (DbType = Int32), @p115='?' (Size = 250), @p116='?' (DbType = DateTime), @p117='?' (DbType = Boolean), @p118='?' (DbType = Int32), @p119='?' (DbType = Int32), @p120='?' (DbType = DateTime), @p121='?' (Size = 250), @p122='?' (DbType = DateTime), @p123='?' (Size = 50), @p124='?' (DbType = Int32), @p125='?' (DbType = Int32), @p126='?' (Size = 250), @p127='?' (DbType = DateTime), @p128='?' (DbType = Boolean), @p129='?' (DbType = Int32), @p130='?' (DbType = Int32), @p131='?' (DbType = DateTime), @p132='?' (Size = 250), @p133='?' (DbType = DateTime), @p134='?' (Size = 50), @p135='?' (DbType = Int32), @p136='?' (DbType = Int32), @p137='?' (Size = 250), @p138='?' (DbType = DateTime), @p139='?' (DbType = Boolean), @p140='?' (DbType = Int32), @p141='?' (DbType = Int32), @p142='?' (DbType = DateTime), @p143='?' (Size = 250), @p144='?' (DbType = DateTime), @p145='?' (Size = 50), @p146='?' (DbType = Int32), @p147='?' (DbType = Int32), @p148='?' (Size = 250), @p149='?' (DbType = DateTime), @p150='?' (DbType = Boolean), @p151='?' (DbType = Int32), @p152='?' (DbType = Int32), @p153='?' (DbType = DateTime), @p154='?' (Size = 250), @p155='?' (DbType = DateTime), @p156='?' (Size = 50), @p157='?' (DbType = Int32), @p158='?' (DbType = Int32), @p159='?' (Size = 250), @p160='?' (DbType = DateTime), @p161='?' (DbType = Boolean), @p162='?' (DbType = Int32), @p163='?' (DbType = Int32), @p164='?' (DbType = DateTime), @p165='?' (Size = 250), @p166='?' (DbType = DateTime), @p167='?' (Size = 50), @p168='?' (DbType = Int32), @p169='?' (DbType = Int32), @p170='?' (Size = 250), @p171='?' (DbType = DateTime), @p172='?' (DbType = Boolean), @p173='?' (DbType = Int32), @p174='?' (DbType = Int32), @p175='?' (DbType = DateTime), @p176='?' (Size = 250), @p177='?' (DbType = DateTime), @p178='?' (Size = 50), @p179='?' (DbType = Int32), @p180='?' (DbType = Int32), @p181='?' (Size = 250), @p182='?' (DbType = DateTime), @p183='?' (DbType = Boolean), @p184='?' (DbType = Int32), @p185='?' (DbType = Int32), @p186='?' (DbType = DateTime), @p187='?' (Size = 250), @p188='?' (DbType = DateTime), @p189='?' (Size = 50), @p190='?' (DbType = Int32), @p191='?' (DbType = Int32), @p192='?' (Size = 250), @p193='?' (DbType = DateTime), @p194='?' (DbType = Boolean), @p195='?' (DbType = Int32), @p196='?' (DbType = Int32), @p197='?' (DbType = DateTime), @p198='?' (Size = 250), @p199='?' (DbType = DateTime), @p200='?' (Size = 50), @p201='?' (DbType = Int32), @p202='?' (DbType = Int32), @p203='?' (Size = 250), @p204='?' (DbType = DateTime), @p205='?' (DbType = Boolean), @p206='?' (DbType = Int32), @p207='?' (DbType = Int32), @p208='?' (DbType = DateTime), @p209='?' (Size = 250), @p210='?' (DbType = DateTime), @p211='?' (Size = 50), @p212='?' (DbType = Int32), @p213='?' (DbType = Int32), @p214='?' (Size = 250), @p215='?' (DbType = DateTime), @p216='?' (DbType = Boolean), @p217='?' (DbType = Int32), @p218='?' (DbType = Int32), @p219='?' (DbType = DateTime), @p220='?' (Size = 250), @p221='?' (DbType = DateTime), @p222='?' (Size = 50), @p223='?' (DbType = Int32), @p224='?' (DbType = Int32), @p225='?' (Size = 250), @p226='?' (DbType = DateTime), @p227='?' (DbType = Boolean), @p228='?' (DbType = Int32), @p229='?' (DbType = Int32), @p230='?' (DbType = DateTime), @p231='?' (Size = 250), @p232='?' (DbType = DateTime), @p233='?' (Size = 50), @p234='?' (DbType = Int32), @p235='?' (DbType = Int32), @p236='?' (Size = 250), @p237='?' (DbType = DateTime), @p238='?' (DbType = Boolean), @p239='?' (DbType = Int32), @p240='?' (DbType = Int32), @p241='?' (DbType = DateTime), @p242='?' (Size = 250), @p243='?' (DbType = DateTime), @p244='?' (Size = 50), @p245='?' (DbType = Int32), @p246='?' (DbType = Int32), @p247='?' (Size = 250), @p248='?' (DbType = DateTime), @p249='?' (DbType = Boolean), @p250='?' (DbType = Int32), @p251='?' (DbType = Int32), @p252='?' (DbType = DateTime), @p253='?' (Size = 250), @p254='?' (DbType = DateTime), @p255='?' (Size = 50), @p256='?' (DbType = Int32), @p257='?' (DbType = Int32), @p258='?' (Size = 250), @p259='?' (DbType = DateTime), @p260='?' (DbType = Boolean), @p261='?' (DbType = Int32), @p262='?' (DbType = Int32), @p263='?' (DbType = DateTime), @p264='?' (Size = 250), @p265='?' (DbType = DateTime), @p266='?' (Size = 50), @p267='?' (DbType = Int32), @p268='?' (DbType = Int32), @p269='?' (Size = 250), @p270='?' (DbType = DateTime), @p271='?' (DbType = Boolean), @p272='?' (DbType = Int32), @p273='?' (DbType = Int32), @p274='?' (DbType = DateTime), @p275='?' (Size = 250), @p276='?' (DbType = DateTime), @p277='?' (Size = 50), @p278='?' (DbType = Int32), @p279='?' (DbType = Int32), @p280='?' (Size = 250), @p281='?' (DbType = DateTime), @p282='?' (DbType = Boolean), @p283='?' (DbType = Int32), @p284='?' (DbType = Int32), @p285='?' (DbType = DateTime), @p286='?' (Size = 250), @p287='?' (DbType = DateTime), @p288='?' (Size = 50), @p289='?' (DbType = Int32), @p290='?' (DbType = Int32), @p291='?' (Size = 250), @p292='?' (DbType = DateTime), @p293='?' (DbType = Boolean), @p294='?' (DbType = Int32), @p295='?' (DbType = Int32), @p296='?' (DbType = DateTime), @p297='?' (Size = 250), @p298='?' (DbType = DateTime), @p299='?' (Size = 50), @p300='?' (DbType = Int32), @p301='?' (DbType = Int32), @p302='?' (Size = 250), @p303='?' (DbType = DateTime), @p304='?' (DbType = Boolean), @p305='?' (DbType = Int32), @p306='?' (DbType = Int32), @p307='?' (DbType = DateTime), @p308='?' (Size = 250), @p309='?' (DbType = DateTime), @p310='?' (Size = 50), @p311='?' (DbType = Int32), @p312='?' (DbType = Int32), @p313='?' (Size = 250), @p314='?' (DbType = DateTime), @p315='?' (DbType = Boolean), @p316='?' (DbType = Int32), @p317='?' (DbType = Int32), @p318='?' (DbType = DateTime), @p319='?' (Size = 250), @p320='?' (DbType = DateTime), @p321='?' (Size = 50), @p322='?' (DbType = Int32), @p323='?' (DbType = Int32), @p324='?' (Size = 250), @p325='?' (DbType = DateTime), @p326='?' (DbType = Boolean), @p327='?' (DbType = Int32), @p328='?' (DbType = Int32), @p329='?' (DbType = DateTime), @p330='?' (Size = 250), @p331='?' (DbType = DateTime), @p332='?' (Size = 50), @p333='?' (DbType = Int32), @p334='?' (DbType = Int32), @p335='?' (Size = 250), @p336='?' (DbType = DateTime), @p337='?' (DbType = Boolean), @p338='?' (DbType = Int32), @p339='?' (DbType = Int32), @p340='?' (DbType = DateTime), @p341='?' (Size = 250), @p342='?' (DbType = DateTime), @p343='?' (Size = 50), @p344='?' (DbType = Int32), @p345='?' (DbType = Int32), @p346='?' (Size = 250), @p347='?' (DbType = DateTime), @p348='?' (DbType = Boolean), @p349='?' (DbType = Int32), @p350='?' (DbType = Int32), @p351='?' (DbType = DateTime), @p352='?' (Size = 250), @p353='?' (DbType = DateTime), @p354='?' (Size = 50), @p355='?' (DbType = Int32), @p356='?' (DbType = Int32), @p357='?' (Size = 250), @p358='?' (DbType = DateTime), @p359='?' (DbType = Boolean), @p360='?' (DbType = Int32), @p361='?' (DbType = Int32), @p362='?' (DbType = DateTime), @p363='?' (Size = 250), @p364='?' (DbType = DateTime), @p365='?' (Size = 50), @p366='?' (DbType = Int32), @p367='?' (DbType = Int32), @p368='?' (Size = 250), @p369='?' (DbType = DateTime), @p370='?' (DbType = Boolean), @p371='?' (DbType = Int32), @p372='?' (DbType = Int32), @p373='?' (DbType = DateTime), @p374='?' (Size = 250), @p375='?' (DbType = DateTime), @p376='?' (Size = 50), @p377='?' (DbType = Int32), @p378='?' (DbType = Int32), @p379='?' (Size = 250), @p380='?' (DbType = DateTime), @p381='?' (DbType = Boolean), @p382='?' (DbType = Int32), @p383='?' (DbType = Int32), @p384='?' (DbType = DateTime), @p385='?' (Size = 250), @p386='?' (DbType = DateTime), @p387='?' (Size = 50), @p388='?' (DbType = Int32), @p389='?' (DbType = Int32), @p390='?' (Size = 250), @p391='?' (DbType = DateTime), @p392='?' (DbType = Boolean), @p393='?' (DbType = Int32), @p394='?' (DbType = Int32), @p395='?' (DbType = DateTime), @p396='?' (Size = 250), @p397='?' (DbType = DateTime), @p398='?' (Size = 50), @p399='?' (DbType = Int32), @p400='?' (DbType = Int32), @p401='?' (Size = 250), @p402='?' (DbType = DateTime), @p403='?' (DbType = Boolean), @p404='?' (DbType = Int32), @p405='?' (DbType = Int32), @p406='?' (DbType = DateTime), @p407='?' (Size = 250), @p408='?' (DbType = DateTime), @p409='?' (Size = 50), @p410='?' (DbType = Int32), @p411='?' (DbType = Int32), @p412='?' (Size = 250), @p413='?' (DbType = DateTime), @p414='?' (DbType = Boolean), @p415='?' (DbType = Int32), @p416='?' (DbType = Int32), @p417='?' (DbType = DateTime), @p418='?' (Size = 250), @p419='?' (DbType = DateTime), @p420='?' (Size = 50), @p421='?' (DbType = Int32), @p422='?' (DbType = Int32), @p423='?' (Size = 250), @p424='?' (DbType = DateTime), @p425='?' (DbType = Boolean), @p426='?' (DbType = Int32), @p427='?' (DbType = Int32), @p428='?' (DbType = DateTime), @p429='?' (Size = 250), @p430='?' (DbType = DateTime), @p431='?' (Size = 50), @p432='?' (DbType = Int32), @p433='?' (DbType = Int32), @p434='?' (Size = 250), @p435='?' (DbType = DateTime), @p436='?' (DbType = Boolean), @p437='?' (DbType = Int32), @p438='?' (DbType = Int32), @p439='?' (DbType = DateTime), @p440='?' (Size = 250), @p441='?' (DbType = DateTime), @p442='?' (Size = 50), @p443='?' (DbType = Int32), @p444='?' (DbType = Int32), @p445='?' (Size = 250), @p446='?' (DbType = DateTime), @p447='?' (DbType = Boolean), @p448='?' (DbType = Int32), @p449='?' (DbType = Int32), @p450='?' (DbType = DateTime), @p451='?' (Size = 250), @p452='?' (DbType = DateTime), @p453='?' (Size = 50), @p454='?' (DbType = Int32), @p455='?' (DbType = Int32), @p456='?' (Size = 250), @p457='?' (DbType = DateTime), @p458='?' (DbType = Boolean), @p459='?' (DbType = Int32), @p460='?' (DbType = Int32), @p461='?' (DbType = DateTime)], CommandType='"Text"', CommandTimeout='30']
INSERT INTO `HareketBasliklari` (`Aciklama`, `CreatedAt`, `FisNo`, `HareketTipi`, `HedefDepoId`, `IptalNedeni`, `IptalTarihi`, `IsIptal`, `KaynakDepoId`, `OlusturanKullaniciId`, `Tarih`)
VALUES (@p0, @p1, @p2, @p3, @p4, @p5, @p6, @p7, @p8, @p9, @p10);
SELECT `Id`
FROM `HareketBasliklari`
WHERE ROW_COUNT() = 1 AND `Id` = LAST_INSERT_ID();

INSERT INTO `HareketBasliklari` (`Aciklama`, `CreatedAt`, `FisNo`, `HareketTipi`, `HedefDepoId`, `IptalNedeni`, `IptalTarihi`, `IsIptal`, `KaynakDepoId`, `OlusturanKullaniciId`, `Tarih`)
VALUES (@p11, @p12, @p13, @p14, @p15, @p16, @p17, @p18, @p19, @p20, @p21);
SELECT `Id`
FROM `HareketBasliklari`
WHERE ROW_COUNT() = 1 AND `Id` = LAST_INSERT_ID();

INSERT INTO `HareketBasliklari` (`Aciklama`, `CreatedAt`, `FisNo`, `HareketTipi`, `HedefDepoId`, `IptalNedeni`, `IptalTarihi`, `IsIptal`, `KaynakDepoId`, `OlusturanKullaniciId`, `Tarih`)
VALUES (@p22, @p23, @p24, @p25, @p26, @p27, @p28, @p29, @p30, @p31, @p32);
SELECT `Id`
FROM `HareketBasliklari`
WHERE ROW_COUNT() = 1 AND `Id` = LAST_INSERT_ID();

INSERT INTO `HareketBasliklari` (`Aciklama`, `CreatedAt`, `FisNo`, `HareketTipi`, `HedefDepoId`, `IptalNedeni`, `IptalTarihi`, `IsIptal`, `KaynakDepoId`, `OlusturanKullaniciId`, `Tarih`)
VALUES (@p33, @p34, @p35, @p36, @p37, @p38, @p39, @p40, @p41, @p42, @p43);
SELECT `Id`
FROM `HareketBasliklari`
WHERE ROW_COUNT() = 1 AND `Id` = LAST_INSERT_ID();

INSERT INTO `HareketBasliklari` (`Aciklama`, `CreatedAt`, `FisNo`, `HareketTipi`, `HedefDepoId`, `IptalNedeni`, `IptalTarihi`, `IsIptal`, `KaynakDepoId`, `OlusturanKullaniciId`, `Tarih`)
VALUES (@p44, @p45, @p46, @p47, @p48, @p49, @p50, @p51, @p52, @p53, @p54);
SELECT `Id`
FROM `HareketBasliklari`
WHERE ROW_COUNT() = 1 AND `Id` = LAST_INSERT_ID();

INSERT INTO `HareketBasliklari` (`Aciklama`, `CreatedAt`, `FisNo`, `HareketTipi`, `HedefDepoId`, `IptalNedeni`, `IptalTarihi`, `IsIptal`, `KaynakDepoId`, `OlusturanKullaniciId`, `Tarih`)
VALUES (@p55, @p56, @p57, @p58, @p59, @p60, @p61, @p62, @p63, @p64, @p65);
SELECT `Id`
FROM `HareketBasliklari`
WHERE ROW_COUNT() = 1 AND `Id` = LAST_INSERT_ID();

INSERT INTO `HareketBasliklari` (`Aciklama`, `CreatedAt`, `FisNo`, `HareketTipi`, `HedefDepoId`, `IptalNedeni`, `IptalTarihi`, `IsIptal`, `KaynakDepoId`, `OlusturanKullaniciId`, `Tarih`)
VALUES (@p66, @p67, @p68, @p69, @p70, @p71, @p72, @p73, @p74, @p75, @p76);
SELECT `Id`
FROM `HareketBasliklari`
WHERE ROW_COUNT() = 1 AND `Id` = LAST_INSERT_ID();

INSERT INTO `HareketBasliklari` (`Aciklama`, `CreatedAt`, `FisNo`, `HareketTipi`, `HedefDepoId`, `IptalNedeni`, `IptalTarihi`, `IsIptal`, `KaynakDepoId`, `OlusturanKullaniciId`, `Tarih`)
VALUES (@p77, @p78, @p79, @p80, @p81, @p82, @p83, @p84, @p85, @p86, @p87);
SELECT `Id`
FROM `HareketBasliklari`
WHERE ROW_COUNT() = 1 AND `Id` = LAST_INSERT_ID();

INSERT INTO `HareketBasliklari` (`Aciklama`, `CreatedAt`, `FisNo`, `HareketTipi`, `HedefDepoId`, `IptalNedeni`, `IptalTarihi`, `IsIptal`, `KaynakDepoId`, `OlusturanKullaniciId`, `Tarih`)
VALUES (@p88, @p89, @p90, @p91, @p92, @p93, @p94, @p95, @p96, @p97, @p98);
SELECT `Id`
FROM `HareketBasliklari`
WHERE ROW_COUNT() = 1 AND `Id` = LAST_INSERT_ID();

INSERT INTO `HareketBasliklari` (`Aciklama`, `CreatedAt`, `FisNo`, `HareketTipi`, `HedefDepoId`, `IptalNedeni`, `IptalTarihi`, `IsIptal`, `KaynakDepoId`, `OlusturanKullaniciId`, `Tarih`)
VALUES (@p99, @p100, @p101, @p102, @p103, @p104, @p105, @p106, @p107, @p108, @p109);
SELECT `Id`
FROM `HareketBasliklari`
WHERE ROW_COUNT() = 1 AND `Id` = LAST_INSERT_ID();

INSERT INTO `HareketBasliklari` (`Aciklama`, `CreatedAt`, `FisNo`, `HareketTipi`, `HedefDepoId`, `IptalNedeni`, `IptalTarihi`, `IsIptal`, `KaynakDepoId`, `OlusturanKullaniciId`, `Tarih`)
VALUES (@p110, @p111, @p112, @p113, @p114, @p115, @p116, @p117, @p118, @p119, @p120);
SELECT `Id`
FROM `HareketBasliklari`
WHERE ROW_COUNT() = 1 AND `Id` = LAST_INSERT_ID();

INSERT INTO `HareketBasliklari` (`Aciklama`, `CreatedAt`, `FisNo`, `HareketTipi`, `HedefDepoId`, `IptalNedeni`, `IptalTarihi`, `IsIptal`, `KaynakDepoId`, `OlusturanKullaniciId`, `Tarih`)
VALUES (@p121, @p122, @p123, @p124, @p125, @p126, @p127, @p128, @p129, @p130, @p131);
SELECT `Id`
FROM `HareketBasliklari`
WHERE ROW_COUNT() = 1 AND `Id` = LAST_INSERT_ID();

INSERT INTO `HareketBasliklari` (`Aciklama`, `CreatedAt`, `FisNo`, `HareketTipi`, `HedefDepoId`, `IptalNedeni`, `IptalTarihi`, `IsIptal`, `KaynakDepoId`, `OlusturanKullaniciId`, `Tarih`)
VALUES (@p132, @p133, @p134, @p135, @p136, @p137, @p138, @p139, @p140, @p141, @p142);
SELECT `Id`
FROM `HareketBasliklari`
WHERE ROW_COUNT() = 1 AND `Id` = LAST_INSERT_ID();

INSERT INTO `HareketBasliklari` (`Aciklama`, `CreatedAt`, `FisNo`, `HareketTipi`, `HedefDepoId`, `IptalNedeni`, `IptalTarihi`, `IsIptal`, `KaynakDepoId`, `OlusturanKullaniciId`, `Tarih`)
VALUES (@p143, @p144, @p145, @p146, @p147, @p148, @p149, @p150, @p151, @p152, @p153);
SELECT `Id`
FROM `HareketBasliklari`
WHERE ROW_COUNT() = 1 AND `Id` = LAST_INSERT_ID();

INSERT INTO `HareketBasliklari` (`Aciklama`, `CreatedAt`, `FisNo`, `HareketTipi`, `HedefDepoId`, `IptalNedeni`, `IptalTarihi`, `IsIptal`, `KaynakDepoId`, `OlusturanKullaniciId`, `Tarih`)
VALUES (@p154, @p155, @p156, @p157, @p158, @p159, @p160, @p161, @p162, @p163, @p164);
SELECT `Id`
FROM `HareketBasliklari`
WHERE ROW_COUNT() = 1 AND `Id` = LAST_INSERT_ID();

INSERT INTO `HareketBasliklari` (`Aciklama`, `CreatedAt`, `FisNo`, `HareketTipi`, `HedefDepoId`, `IptalNedeni`, `IptalTarihi`, `IsIptal`, `KaynakDepoId`, `OlusturanKullaniciId`, `Tarih`)
VALUES (@p165, @p166, @p167, @p168, @p169, @p170, @p171, @p172, @p173, @p174, @p175);
SELECT `Id`
FROM `HareketBasliklari`
WHERE ROW_COUNT() = 1 AND `Id` = LAST_INSERT_ID();

INSERT INTO `HareketBasliklari` (`Aciklama`, `CreatedAt`, `FisNo`, `HareketTipi`, `HedefDepoId`, `IptalNedeni`, `IptalTarihi`, `IsIptal`, `KaynakDepoId`, `OlusturanKullaniciId`, `Tarih`)
VALUES (@p176, @p177, @p178, @p179, @p180, @p181, @p182, @p183, @p184, @p185, @p186);
SELECT `Id`
FROM `HareketBasliklari`
WHERE ROW_COUNT() = 1 AND `Id` = LAST_INSERT_ID();

INSERT INTO `HareketBasliklari` (`Aciklama`, `CreatedAt`, `FisNo`, `HareketTipi`, `HedefDepoId`, `IptalNedeni`, `IptalTarihi`, `IsIptal`, `KaynakDepoId`, `OlusturanKullaniciId`, `Tarih`)
VALUES (@p187, @p188, @p189, @p190, @p191, @p192, @p193, @p194, @p195, @p196, @p197);
SELECT `Id`
FROM `HareketBasliklari`
WHERE ROW_COUNT() = 1 AND `Id` = LAST_INSERT_ID();

INSERT INTO `HareketBasliklari` (`Aciklama`, `CreatedAt`, `FisNo`, `HareketTipi`, `HedefDepoId`, `IptalNedeni`, `IptalTarihi`, `IsIptal`, `KaynakDepoId`, `OlusturanKullaniciId`, `Tarih`)
VALUES (@p198, @p199, @p200, @p201, @p202, @p203, @p204, @p205, @p206, @p207, @p208);
SELECT `Id`
FROM `HareketBasliklari`
WHERE ROW_COUNT() = 1 AND `Id` = LAST_INSERT_ID();

INSERT INTO `HareketBasliklari` (`Aciklama`, `CreatedAt`, `FisNo`, `HareketTipi`, `HedefDepoId`, `IptalNedeni`, `IptalTarihi`, `IsIptal`, `KaynakDepoId`, `OlusturanKullaniciId`, `Tarih`)
VALUES (@p209, @p210, @p211, @p212, @p213, @p214, @p215, @p216, @p217, @p218, @p219);
SELECT `Id`
FROM `HareketBasliklari`
WHERE ROW_COUNT() = 1 AND `Id` = LAST_INSERT_ID();

INSERT INTO `HareketBasliklari` (`Aciklama`, `CreatedAt`, `FisNo`, `HareketTipi`, `HedefDepoId`, `IptalNedeni`, `IptalTarihi`, `IsIptal`, `KaynakDepoId`, `OlusturanKullaniciId`, `Tarih`)
VALUES (@p220, @p221, @p222, @p223, @p224, @p225, @p226, @p227, @p228, @p229, @p230);
SELECT `Id`
FROM `HareketBasliklari`
WHERE ROW_COUNT() = 1 AND `Id` = LAST_INSERT_ID();

INSERT INTO `HareketBasliklari` (`Aciklama`, `CreatedAt`, `FisNo`, `HareketTipi`, `HedefDepoId`, `IptalNedeni`, `IptalTarihi`, `IsIptal`, `KaynakDepoId`, `OlusturanKullaniciId`, `Tarih`)
VALUES (@p231, @p232, @p233, @p234, @p235, @p236, @p237, @p238, @p239, @p240, @p241);
SELECT `Id`
FROM `HareketBasliklari`
WHERE ROW_COUNT() = 1 AND `Id` = LAST_INSERT_ID();

INSERT INTO `HareketBasliklari` (`Aciklama`, `CreatedAt`, `FisNo`, `HareketTipi`, `HedefDepoId`, `IptalNedeni`, `IptalTarihi`, `IsIptal`, `KaynakDepoId`, `OlusturanKullaniciId`, `Tarih`)
VALUES (@p242, @p243, @p244, @p245, @p246, @p247, @p248, @p249, @p250, @p251, @p252);
SELECT `Id`
FROM `HareketBasliklari`
WHERE ROW_COUNT() = 1 AND `Id` = LAST_INSERT_ID();

INSERT INTO `HareketBasliklari` (`Aciklama`, `CreatedAt`, `FisNo`, `HareketTipi`, `HedefDepoId`, `IptalNedeni`, `IptalTarihi`, `IsIptal`, `KaynakDepoId`, `OlusturanKullaniciId`, `Tarih`)
VALUES (@p253, @p254, @p255, @p256, @p257, @p258, @p259, @p260, @p261, @p262, @p263);
SELECT `Id`
FROM `HareketBasliklari`
WHERE ROW_COUNT() = 1 AND `Id` = LAST_INSERT_ID();

INSERT INTO `HareketBasliklari` (`Aciklama`, `CreatedAt`, `FisNo`, `HareketTipi`, `HedefDepoId`, `IptalNedeni`, `IptalTarihi`, `IsIptal`, `KaynakDepoId`, `OlusturanKullaniciId`, `Tarih`)
VALUES (@p264, @p265, @p266, @p267, @p268, @p269, @p270, @p271, @p272, @p273, @p274);
SELECT `Id`
FROM `HareketBasliklari`
WHERE ROW_COUNT() = 1 AND `Id` = LAST_INSERT_ID();

INSERT INTO `HareketBasliklari` (`Aciklama`, `CreatedAt`, `FisNo`, `HareketTipi`, `HedefDepoId`, `IptalNedeni`, `IptalTarihi`, `IsIptal`, `KaynakDepoId`, `OlusturanKullaniciId`, `Tarih`)
VALUES (@p275, @p276, @p277, @p278, @p279, @p280, @p281, @p282, @p283, @p284, @p285);
SELECT `Id`
FROM `HareketBasliklari`
WHERE ROW_COUNT() = 1 AND `Id` = LAST_INSERT_ID();

INSERT INTO `HareketBasliklari` (`Aciklama`, `CreatedAt`, `FisNo`, `HareketTipi`, `HedefDepoId`, `IptalNedeni`, `IptalTarihi`, `IsIptal`, `KaynakDepoId`, `OlusturanKullaniciId`, `Tarih`)
VALUES (@p286, @p287, @p288, @p289, @p290, @p291, @p292, @p293, @p294, @p295, @p296);
SELECT `Id`
FROM `HareketBasliklari`
WHERE ROW_COUNT() = 1 AND `Id` = LAST_INSERT_ID();

INSERT INTO `HareketBasliklari` (`Aciklama`, `CreatedAt`, `FisNo`, `HareketTipi`, `HedefDepoId`, `IptalNedeni`, `IptalTarihi`, `IsIptal`, `KaynakDepoId`, `OlusturanKullaniciId`, `Tarih`)
VALUES (@p297, @p298, @p299, @p300, @p301, @p302, @p303, @p304, @p305, @p306, @p307);
SELECT `Id`
FROM `HareketBasliklari`
WHERE ROW_COUNT() = 1 AND `Id` = LAST_INSERT_ID();

INSERT INTO `HareketBasliklari` (`Aciklama`, `CreatedAt`, `FisNo`, `HareketTipi`, `HedefDepoId`, `IptalNedeni`, `IptalTarihi`, `IsIptal`, `KaynakDepoId`, `OlusturanKullaniciId`, `Tarih`)
VALUES (@p308, @p309, @p310, @p311, @p312, @p313, @p314, @p315, @p316, @p317, @p318);
SELECT `Id`
FROM `HareketBasliklari`
WHERE ROW_COUNT() = 1 AND `Id` = LAST_INSERT_ID();

INSERT INTO `HareketBasliklari` (`Aciklama`, `CreatedAt`, `FisNo`, `HareketTipi`, `HedefDepoId`, `IptalNedeni`, `IptalTarihi`, `IsIptal`, `KaynakDepoId`, `OlusturanKullaniciId`, `Tarih`)
VALUES (@p319, @p320, @p321, @p322, @p323, @p324, @p325, @p326, @p327, @p328, @p329);
SELECT `Id`
FROM `HareketBasliklari`
WHERE ROW_COUNT() = 1 AND `Id` = LAST_INSERT_ID();

INSERT INTO `HareketBasliklari` (`Aciklama`, `CreatedAt`, `FisNo`, `HareketTipi`, `HedefDepoId`, `IptalNedeni`, `IptalTarihi`, `IsIptal`, `KaynakDepoId`, `OlusturanKullaniciId`, `Tarih`)
VALUES (@p330, @p331, @p332, @p333, @p334, @p335, @p336, @p337, @p338, @p339, @p340);
SELECT `Id`
FROM `HareketBasliklari`
WHERE ROW_COUNT() = 1 AND `Id` = LAST_INSERT_ID();

INSERT INTO `HareketBasliklari` (`Aciklama`, `CreatedAt`, `FisNo`, `HareketTipi`, `HedefDepoId`, `IptalNedeni`, `IptalTarihi`, `IsIptal`, `KaynakDepoId`, `OlusturanKullaniciId`, `Tarih`)
VALUES (@p341, @p342, @p343, @p344, @p345, @p346, @p347, @p348, @p349, @p350, @p351);
SELECT `Id`
FROM `HareketBasliklari`
WHERE ROW_COUNT() = 1 AND `Id` = LAST_INSERT_ID();

INSERT INTO `HareketBasliklari` (`Aciklama`, `CreatedAt`, `FisNo`, `HareketTipi`, `HedefDepoId`, `IptalNedeni`, `IptalTarihi`, `IsIptal`, `KaynakDepoId`, `OlusturanKullaniciId`, `Tarih`)
VALUES (@p352, @p353, @p354, @p355, @p356, @p357, @p358, @p359, @p360, @p361, @p362);
SELECT `Id`
FROM `HareketBasliklari`
WHERE ROW_COUNT() = 1 AND `Id` = LAST_INSERT_ID();

INSERT INTO `HareketBasliklari` (`Aciklama`, `CreatedAt`, `FisNo`, `HareketTipi`, `HedefDepoId`, `IptalNedeni`, `IptalTarihi`, `IsIptal`, `KaynakDepoId`, `OlusturanKullaniciId`, `Tarih`)
VALUES (@p363, @p364, @p365, @p366, @p367, @p368, @p369, @p370, @p371, @p372, @p373);
SELECT `Id`
FROM `HareketBasliklari`
WHERE ROW_COUNT() = 1 AND `Id` = LAST_INSERT_ID();

INSERT INTO `HareketBasliklari` (`Aciklama`, `CreatedAt`, `FisNo`, `HareketTipi`, `HedefDepoId`, `IptalNedeni`, `IptalTarihi`, `IsIptal`, `KaynakDepoId`, `OlusturanKullaniciId`, `Tarih`)
VALUES (@p374, @p375, @p376, @p377, @p378, @p379, @p380, @p381, @p382, @p383, @p384);
SELECT `Id`
FROM `HareketBasliklari`
WHERE ROW_COUNT() = 1 AND `Id` = LAST_INSERT_ID();

INSERT INTO `HareketBasliklari` (`Aciklama`, `CreatedAt`, `FisNo`, `HareketTipi`, `HedefDepoId`, `IptalNedeni`, `IptalTarihi`, `IsIptal`, `KaynakDepoId`, `OlusturanKullaniciId`, `Tarih`)
VALUES (@p385, @p386, @p387, @p388, @p389, @p390, @p391, @p392, @p393, @p394, @p395);
SELECT `Id`
FROM `HareketBasliklari`
WHERE ROW_COUNT() = 1 AND `Id` = LAST_INSERT_ID();

INSERT INTO `HareketBasliklari` (`Aciklama`, `CreatedAt`, `FisNo`, `HareketTipi`, `HedefDepoId`, `IptalNedeni`, `IptalTarihi`, `IsIptal`, `KaynakDepoId`, `OlusturanKullaniciId`, `Tarih`)
VALUES (@p396, @p397, @p398, @p399, @p400, @p401, @p402, @p403, @p404, @p405, @p406);
SELECT `Id`
FROM `HareketBasliklari`
WHERE ROW_COUNT() = 1 AND `Id` = LAST_INSERT_ID();

INSERT INTO `HareketBasliklari` (`Aciklama`, `CreatedAt`, `FisNo`, `HareketTipi`, `HedefDepoId`, `IptalNedeni`, `IptalTarihi`, `IsIptal`, `KaynakDepoId`, `OlusturanKullaniciId`, `Tarih`)
VALUES (@p407, @p408, @p409, @p410, @p411, @p412, @p413, @p414, @p415, @p416, @p417);
SELECT `Id`
FROM `HareketBasliklari`
WHERE ROW_COUNT() = 1 AND `Id` = LAST_INSERT_ID();

INSERT INTO `HareketBasliklari` (`Aciklama`, `CreatedAt`, `FisNo`, `HareketTipi`, `HedefDepoId`, `IptalNedeni`, `IptalTarihi`, `IsIptal`, `KaynakDepoId`, `OlusturanKullaniciId`, `Tarih`)
VALUES (@p418, @p419, @p420, @p421, @p422, @p423, @p424, @p425, @p426, @p427, @p428);
SELECT `Id`
FROM `HareketBasliklari`
WHERE ROW_COUNT() = 1 AND `Id` = LAST_INSERT_ID();

INSERT INTO `HareketBasliklari` (`Aciklama`, `CreatedAt`, `FisNo`, `HareketTipi`, `HedefDepoId`, `IptalNedeni`, `IptalTarihi`, `IsIptal`, `KaynakDepoId`, `OlusturanKullaniciId`, `Tarih`)
VALUES (@p429, @p430, @p431, @p432, @p433, @p434, @p435, @p436, @p437, @p438, @p439);
SELECT `Id`
FROM `HareketBasliklari`
WHERE ROW_COUNT() = 1 AND `Id` = LAST_INSERT_ID();

INSERT INTO `HareketBasliklari` (`Aciklama`, `CreatedAt`, `FisNo`, `HareketTipi`, `HedefDepoId`, `IptalNedeni`, `IptalTarihi`, `IsIptal`, `KaynakDepoId`, `OlusturanKullaniciId`, `Tarih`)
VALUES (@p440, @p441, @p442, @p443, @p444, @p445, @p446, @p447, @p448, @p449, @p450);
SELECT `Id`
FROM `HareketBasliklari`
WHERE ROW_COUNT() = 1 AND `Id` = LAST_INSERT_ID();

INSERT INTO `HareketBasliklari` (`Aciklama`, `CreatedAt`, `FisNo`, `HareketTipi`, `HedefDepoId`, `IptalNedeni`, `IptalTarihi`, `IsIptal`, `KaynakDepoId`, `OlusturanKullaniciId`, `Tarih`)
VALUES (@p451, @p452, @p453, @p454, @p455, @p456, @p457, @p458, @p459, @p460, @p461);
SELECT `Id`
FROM `HareketBasliklari`
WHERE ROW_COUNT() = 1 AND `Id` = LAST_INSERT_ID();
2026-08-13 14:33:49.208 +03:00 [INF] Executed DbCommand (2ms) [Parameters=[@p0='?' (Size = 250), @p1='?' (DbType = DateTime), @p2='?' (Size = 50), @p3='?' (DbType = Int32), @p4='?' (DbType = Int32), @p5='?' (Size = 250), @p6='?' (DbType = DateTime), @p7='?' (DbType = Boolean), @p8='?' (DbType = Int32), @p9='?' (DbType = Int32), @p10='?' (DbType = DateTime), @p11='?' (Size = 250), @p12='?' (DbType = DateTime), @p13='?' (Size = 50), @p14='?' (DbType = Int32), @p15='?' (DbType = Int32), @p16='?' (Size = 250), @p17='?' (DbType = DateTime), @p18='?' (DbType = Boolean), @p19='?' (DbType = Int32), @p20='?' (DbType = Int32), @p21='?' (DbType = DateTime), @p22='?' (Size = 250), @p23='?' (DbType = DateTime), @p24='?' (Size = 50), @p25='?' (DbType = Int32), @p26='?' (DbType = Int32), @p27='?' (Size = 250), @p28='?' (DbType = DateTime), @p29='?' (DbType = Boolean), @p30='?' (DbType = Int32), @p31='?' (DbType = Int32), @p32='?' (DbType = DateTime), @p33='?' (Size = 250), @p34='?' (DbType = DateTime), @p35='?' (Size = 50), @p36='?' (DbType = Int32), @p37='?' (DbType = Int32), @p38='?' (Size = 250), @p39='?' (DbType = DateTime), @p40='?' (DbType = Boolean), @p41='?' (DbType = Int32), @p42='?' (DbType = Int32), @p43='?' (DbType = DateTime), @p44='?' (Size = 250), @p45='?' (DbType = DateTime), @p46='?' (Size = 50), @p47='?' (DbType = Int32), @p48='?' (DbType = Int32), @p49='?' (Size = 250), @p50='?' (DbType = DateTime), @p51='?' (DbType = Boolean), @p52='?' (DbType = Int32), @p53='?' (DbType = Int32), @p54='?' (DbType = DateTime), @p55='?' (Size = 250), @p56='?' (DbType = DateTime), @p57='?' (Size = 50), @p58='?' (DbType = Int32), @p59='?' (DbType = Int32), @p60='?' (Size = 250), @p61='?' (DbType = DateTime), @p62='?' (DbType = Boolean), @p63='?' (DbType = Int32), @p64='?' (DbType = Int32), @p65='?' (DbType = DateTime), @p66='?' (Size = 250), @p67='?' (DbType = DateTime), @p68='?' (Size = 50), @p69='?' (DbType = Int32), @p70='?' (DbType = Int32), @p71='?' (Size = 250), @p72='?' (DbType = DateTime), @p73='?' (DbType = Boolean), @p74='?' (DbType = Int32), @p75='?' (DbType = Int32), @p76='?' (DbType = DateTime), @p77='?' (Size = 250), @p78='?' (DbType = DateTime), @p79='?' (Size = 50), @p80='?' (DbType = Int32), @p81='?' (DbType = Int32), @p82='?' (Size = 250), @p83='?' (DbType = DateTime), @p84='?' (DbType = Boolean), @p85='?' (DbType = Int32), @p86='?' (DbType = Int32), @p87='?' (DbType = DateTime), @p88='?' (Size = 250), @p89='?' (DbType = DateTime), @p90='?' (Size = 50), @p91='?' (DbType = Int32), @p92='?' (DbType = Int32), @p93='?' (Size = 250), @p94='?' (DbType = DateTime), @p95='?' (DbType = Boolean), @p96='?' (DbType = Int32), @p97='?' (DbType = Int32), @p98='?' (DbType = DateTime), @p99='?' (Size = 250), @p100='?' (DbType = DateTime), @p101='?' (Size = 50), @p102='?' (DbType = Int32), @p103='?' (DbType = Int32), @p104='?' (Size = 250), @p105='?' (DbType = DateTime), @p106='?' (DbType = Boolean), @p107='?' (DbType = Int32), @p108='?' (DbType = Int32), @p109='?' (DbType = DateTime), @p110='?' (Size = 250), @p111='?' (DbType = DateTime), @p112='?' (Size = 50), @p113='?' (DbType = Int32), @p114='?' (DbType = Int32), @p115='?' (Size = 250), @p116='?' (DbType = DateTime), @p117='?' (DbType = Boolean), @p118='?' (DbType = Int32), @p119='?' (DbType = Int32), @p120='?' (DbType = DateTime), @p121='?' (Size = 250), @p122='?' (DbType = DateTime), @p123='?' (Size = 50), @p124='?' (DbType = Int32), @p125='?' (DbType = Int32), @p126='?' (Size = 250), @p127='?' (DbType = DateTime), @p128='?' (DbType = Boolean), @p129='?' (DbType = Int32), @p130='?' (DbType = Int32), @p131='?' (DbType = DateTime), @p132='?' (Size = 250), @p133='?' (DbType = DateTime), @p134='?' (Size = 50), @p135='?' (DbType = Int32), @p136='?' (DbType = Int32), @p137='?' (Size = 250), @p138='?' (DbType = DateTime), @p139='?' (DbType = Boolean), @p140='?' (DbType = Int32), @p141='?' (DbType = Int32), @p142='?' (DbType = DateTime), @p143='?' (Size = 250), @p144='?' (DbType = DateTime), @p145='?' (Size = 50), @p146='?' (DbType = Int32), @p147='?' (DbType = Int32), @p148='?' (Size = 250), @p149='?' (DbType = DateTime), @p150='?' (DbType = Boolean), @p151='?' (DbType = Int32), @p152='?' (DbType = Int32), @p153='?' (DbType = DateTime), @p154='?' (Size = 250), @p155='?' (DbType = DateTime), @p156='?' (Size = 50), @p157='?' (DbType = Int32), @p158='?' (DbType = Int32), @p159='?' (Size = 250), @p160='?' (DbType = DateTime), @p161='?' (DbType = Boolean), @p162='?' (DbType = Int32), @p163='?' (DbType = Int32), @p164='?' (DbType = DateTime), @p165='?' (Size = 250), @p166='?' (DbType = DateTime), @p167='?' (Size = 50), @p168='?' (DbType = Int32), @p169='?' (DbType = Int32), @p170='?' (Size = 250), @p171='?' (DbType = DateTime), @p172='?' (DbType = Boolean), @p173='?' (DbType = Int32), @p174='?' (DbType = Int32), @p175='?' (DbType = DateTime), @p176='?' (Size = 250), @p177='?' (DbType = DateTime), @p178='?' (Size = 50), @p179='?' (DbType = Int32), @p180='?' (DbType = Int32), @p181='?' (Size = 250), @p182='?' (DbType = DateTime), @p183='?' (DbType = Boolean), @p184='?' (DbType = Int32), @p185='?' (DbType = Int32), @p186='?' (DbType = DateTime), @p187='?' (Size = 250), @p188='?' (DbType = DateTime), @p189='?' (Size = 50), @p190='?' (DbType = Int32), @p191='?' (DbType = Int32), @p192='?' (Size = 250), @p193='?' (DbType = DateTime), @p194='?' (DbType = Boolean), @p195='?' (DbType = Int32), @p196='?' (DbType = Int32), @p197='?' (DbType = DateTime), @p198='?' (Size = 250), @p199='?' (DbType = DateTime), @p200='?' (Size = 50), @p201='?' (DbType = Int32), @p202='?' (DbType = Int32), @p203='?' (Size = 250), @p204='?' (DbType = DateTime), @p205='?' (DbType = Boolean), @p206='?' (DbType = Int32), @p207='?' (DbType = Int32), @p208='?' (DbType = DateTime), @p209='?' (Size = 250), @p210='?' (DbType = DateTime), @p211='?' (Size = 50), @p212='?' (DbType = Int32), @p213='?' (DbType = Int32), @p214='?' (Size = 250), @p215='?' (DbType = DateTime), @p216='?' (DbType = Boolean), @p217='?' (DbType = Int32), @p218='?' (DbType = Int32), @p219='?' (DbType = DateTime), @p220='?' (Size = 250), @p221='?' (DbType = DateTime), @p222='?' (Size = 50), @p223='?' (DbType = Int32), @p224='?' (DbType = Int32), @p225='?' (Size = 250), @p226='?' (DbType = DateTime), @p227='?' (DbType = Boolean), @p228='?' (DbType = Int32), @p229='?' (DbType = Int32), @p230='?' (DbType = DateTime), @p231='?' (Size = 250), @p232='?' (DbType = DateTime), @p233='?' (Size = 50), @p234='?' (DbType = Int32), @p235='?' (DbType = Int32), @p236='?' (Size = 250), @p237='?' (DbType = DateTime), @p238='?' (DbType = Boolean), @p239='?' (DbType = Int32), @p240='?' (DbType = Int32), @p241='?' (DbType = DateTime), @p242='?' (Size = 250), @p243='?' (DbType = DateTime), @p244='?' (Size = 50), @p245='?' (DbType = Int32), @p246='?' (DbType = Int32), @p247='?' (Size = 250), @p248='?' (DbType = DateTime), @p249='?' (DbType = Boolean), @p250='?' (DbType = Int32), @p251='?' (DbType = Int32), @p252='?' (DbType = DateTime), @p253='?' (Size = 250), @p254='?' (DbType = DateTime), @p255='?' (Size = 50), @p256='?' (DbType = Int32), @p257='?' (DbType = Int32), @p258='?' (Size = 250), @p259='?' (DbType = DateTime), @p260='?' (DbType = Boolean), @p261='?' (DbType = Int32), @p262='?' (DbType = Int32), @p263='?' (DbType = DateTime), @p264='?' (Size = 250), @p265='?' (DbType = DateTime), @p266='?' (Size = 50), @p267='?' (DbType = Int32), @p268='?' (DbType = Int32), @p269='?' (Size = 250), @p270='?' (DbType = DateTime), @p271='?' (DbType = Boolean), @p272='?' (DbType = Int32), @p273='?' (DbType = Int32), @p274='?' (DbType = DateTime), @p275='?' (Size = 250), @p276='?' (DbType = DateTime), @p277='?' (Size = 50), @p278='?' (DbType = Int32), @p279='?' (DbType = Int32), @p280='?' (Size = 250), @p281='?' (DbType = DateTime), @p282='?' (DbType = Boolean), @p283='?' (DbType = Int32), @p284='?' (DbType = Int32), @p285='?' (DbType = DateTime), @p286='?' (Size = 250), @p287='?' (DbType = DateTime), @p288='?' (Size = 50), @p289='?' (DbType = Int32), @p290='?' (DbType = Int32), @p291='?' (Size = 250), @p292='?' (DbType = DateTime), @p293='?' (DbType = Boolean), @p294='?' (DbType = Int32), @p295='?' (DbType = Int32), @p296='?' (DbType = DateTime), @p297='?' (Size = 250), @p298='?' (DbType = DateTime), @p299='?' (Size = 50), @p300='?' (DbType = Int32), @p301='?' (DbType = Int32), @p302='?' (Size = 250), @p303='?' (DbType = DateTime), @p304='?' (DbType = Boolean), @p305='?' (DbType = Int32), @p306='?' (DbType = Int32), @p307='?' (DbType = DateTime), @p308='?' (Size = 250), @p309='?' (DbType = DateTime), @p310='?' (Size = 50), @p311='?' (DbType = Int32), @p312='?' (DbType = Int32), @p313='?' (Size = 250), @p314='?' (DbType = DateTime), @p315='?' (DbType = Boolean), @p316='?' (DbType = Int32), @p317='?' (DbType = Int32), @p318='?' (DbType = DateTime), @p319='?' (Size = 250), @p320='?' (DbType = DateTime), @p321='?' (Size = 50), @p322='?' (DbType = Int32), @p323='?' (DbType = Int32), @p324='?' (Size = 250), @p325='?' (DbType = DateTime), @p326='?' (DbType = Boolean), @p327='?' (DbType = Int32), @p328='?' (DbType = Int32), @p329='?' (DbType = DateTime), @p330='?' (Size = 250), @p331='?' (DbType = DateTime), @p332='?' (Size = 50), @p333='?' (DbType = Int32), @p334='?' (DbType = Int32), @p335='?' (Size = 250), @p336='?' (DbType = DateTime), @p337='?' (DbType = Boolean), @p338='?' (DbType = Int32), @p339='?' (DbType = Int32), @p340='?' (DbType = DateTime), @p341='?' (Size = 250), @p342='?' (DbType = DateTime), @p343='?' (Size = 50), @p344='?' (DbType = Int32), @p345='?' (DbType = Int32), @p346='?' (Size = 250), @p347='?' (DbType = DateTime), @p348='?' (DbType = Boolean), @p349='?' (DbType = Int32), @p350='?' (DbType = Int32), @p351='?' (DbType = DateTime), @p352='?' (Size = 250), @p353='?' (DbType = DateTime), @p354='?' (Size = 50), @p355='?' (DbType = Int32), @p356='?' (DbType = Int32), @p357='?' (Size = 250), @p358='?' (DbType = DateTime), @p359='?' (DbType = Boolean), @p360='?' (DbType = Int32), @p361='?' (DbType = Int32), @p362='?' (DbType = DateTime), @p363='?' (Size = 250), @p364='?' (DbType = DateTime), @p365='?' (Size = 50), @p366='?' (DbType = Int32), @p367='?' (DbType = Int32), @p368='?' (Size = 250), @p369='?' (DbType = DateTime), @p370='?' (DbType = Boolean), @p371='?' (DbType = Int32), @p372='?' (DbType = Int32), @p373='?' (DbType = DateTime), @p374='?' (Size = 250), @p375='?' (DbType = DateTime), @p376='?' (Size = 50), @p377='?' (DbType = Int32), @p378='?' (DbType = Int32), @p379='?' (Size = 250), @p380='?' (DbType = DateTime), @p381='?' (DbType = Boolean), @p382='?' (DbType = Int32), @p383='?' (DbType = Int32), @p384='?' (DbType = DateTime), @p385='?' (Size = 250), @p386='?' (DbType = DateTime), @p387='?' (Size = 50), @p388='?' (DbType = Int32), @p389='?' (DbType = Int32), @p390='?' (Size = 250), @p391='?' (DbType = DateTime), @p392='?' (DbType = Boolean), @p393='?' (DbType = Int32), @p394='?' (DbType = Int32), @p395='?' (DbType = DateTime), @p396='?' (Size = 250), @p397='?' (DbType = DateTime), @p398='?' (Size = 50), @p399='?' (DbType = Int32), @p400='?' (DbType = Int32), @p401='?' (Size = 250), @p402='?' (DbType = DateTime), @p403='?' (DbType = Boolean), @p404='?' (DbType = Int32), @p405='?' (DbType = Int32), @p406='?' (DbType = DateTime), @p407='?' (Size = 250), @p408='?' (DbType = DateTime), @p409='?' (Size = 50), @p410='?' (DbType = Int32), @p411='?' (DbType = Int32), @p412='?' (Size = 250), @p413='?' (DbType = DateTime), @p414='?' (DbType = Boolean), @p415='?' (DbType = Int32), @p416='?' (DbType = Int32), @p417='?' (DbType = DateTime), @p418='?' (Size = 250), @p419='?' (DbType = DateTime), @p420='?' (Size = 50), @p421='?' (DbType = Int32), @p422='?' (DbType = Int32), @p423='?' (Size = 250), @p424='?' (DbType = DateTime), @p425='?' (DbType = Boolean), @p426='?' (DbType = Int32), @p427='?' (DbType = Int32), @p428='?' (DbType = DateTime), @p429='?' (Size = 250), @p430='?' (DbType = DateTime), @p431='?' (Size = 50), @p432='?' (DbType = Int32), @p433='?' (DbType = Int32), @p434='?' (Size = 250), @p435='?' (DbType = DateTime), @p436='?' (DbType = Boolean), @p437='?' (DbType = Int32), @p438='?' (DbType = Int32), @p439='?' (DbType = DateTime), @p440='?' (Size = 250), @p441='?' (DbType = DateTime), @p442='?' (Size = 50), @p443='?' (DbType = Int32), @p444='?' (DbType = Int32), @p445='?' (Size = 250), @p446='?' (DbType = DateTime), @p447='?' (DbType = Boolean), @p448='?' (DbType = Int32), @p449='?' (DbType = Int32), @p450='?' (DbType = DateTime), @p451='?' (Size = 250), @p452='?' (DbType = DateTime), @p453='?' (Size = 50), @p454='?' (DbType = Int32), @p455='?' (DbType = Int32), @p456='?' (Size = 250), @p457='?' (DbType = DateTime), @p458='?' (DbType = Boolean), @p459='?' (DbType = Int32), @p460='?' (DbType = Int32), @p461='?' (DbType = DateTime)], CommandType='"Text"', CommandTimeout='30']
INSERT INTO `HareketBasliklari` (`Aciklama`, `CreatedAt`, `FisNo`, `HareketTipi`, `HedefDepoId`, `IptalNedeni`, `IptalTarihi`, `IsIptal`, `KaynakDepoId`, `OlusturanKullaniciId`, `Tarih`)
VALUES (@p0, @p1, @p2, @p3, @p4, @p5, @p6, @p7, @p8, @p9, @p10);
SELECT `Id`
FROM `HareketBasliklari`
WHERE ROW_COUNT() = 1 AND `Id` = LAST_INSERT_ID();

INSERT INTO `HareketBasliklari` (`Aciklama`, `CreatedAt`, `FisNo`, `HareketTipi`, `HedefDepoId`, `IptalNedeni`, `IptalTarihi`, `IsIptal`, `KaynakDepoId`, `OlusturanKullaniciId`, `Tarih`)
VALUES (@p11, @p12, @p13, @p14, @p15, @p16, @p17, @p18, @p19, @p20, @p21);
SELECT `Id`
FROM `HareketBasliklari`
WHERE ROW_COUNT() = 1 AND `Id` = LAST_INSERT_ID();

INSERT INTO `HareketBasliklari` (`Aciklama`, `CreatedAt`, `FisNo`, `HareketTipi`, `HedefDepoId`, `IptalNedeni`, `IptalTarihi`, `IsIptal`, `KaynakDepoId`, `OlusturanKullaniciId`, `Tarih`)
VALUES (@p22, @p23, @p24, @p25, @p26, @p27, @p28, @p29, @p30, @p31, @p32);
SELECT `Id`
FROM `HareketBasliklari`
WHERE ROW_COUNT() = 1 AND `Id` = LAST_INSERT_ID();

INSERT INTO `HareketBasliklari` (`Aciklama`, `CreatedAt`, `FisNo`, `HareketTipi`, `HedefDepoId`, `IptalNedeni`, `IptalTarihi`, `IsIptal`, `KaynakDepoId`, `OlusturanKullaniciId`, `Tarih`)
VALUES (@p33, @p34, @p35, @p36, @p37, @p38, @p39, @p40, @p41, @p42, @p43);
SELECT `Id`
FROM `HareketBasliklari`
WHERE ROW_COUNT() = 1 AND `Id` = LAST_INSERT_ID();

INSERT INTO `HareketBasliklari` (`Aciklama`, `CreatedAt`, `FisNo`, `HareketTipi`, `HedefDepoId`, `IptalNedeni`, `IptalTarihi`, `IsIptal`, `KaynakDepoId`, `OlusturanKullaniciId`, `Tarih`)
VALUES (@p44, @p45, @p46, @p47, @p48, @p49, @p50, @p51, @p52, @p53, @p54);
SELECT `Id`
FROM `HareketBasliklari`
WHERE ROW_COUNT() = 1 AND `Id` = LAST_INSERT_ID();

INSERT INTO `HareketBasliklari` (`Aciklama`, `CreatedAt`, `FisNo`, `HareketTipi`, `HedefDepoId`, `IptalNedeni`, `IptalTarihi`, `IsIptal`, `KaynakDepoId`, `OlusturanKullaniciId`, `Tarih`)
VALUES (@p55, @p56, @p57, @p58, @p59, @p60, @p61, @p62, @p63, @p64, @p65);
SELECT `Id`
FROM `HareketBasliklari`
WHERE ROW_COUNT() = 1 AND `Id` = LAST_INSERT_ID();

INSERT INTO `HareketBasliklari` (`Aciklama`, `CreatedAt`, `FisNo`, `HareketTipi`, `HedefDepoId`, `IptalNedeni`, `IptalTarihi`, `IsIptal`, `KaynakDepoId`, `OlusturanKullaniciId`, `Tarih`)
VALUES (@p66, @p67, @p68, @p69, @p70, @p71, @p72, @p73, @p74, @p75, @p76);
SELECT `Id`
FROM `HareketBasliklari`
WHERE ROW_COUNT() = 1 AND `Id` = LAST_INSERT_ID();

INSERT INTO `HareketBasliklari` (`Aciklama`, `CreatedAt`, `FisNo`, `HareketTipi`, `HedefDepoId`, `IptalNedeni`, `IptalTarihi`, `IsIptal`, `KaynakDepoId`, `OlusturanKullaniciId`, `Tarih`)
VALUES (@p77, @p78, @p79, @p80, @p81, @p82, @p83, @p84, @p85, @p86, @p87);
SELECT `Id`
FROM `HareketBasliklari`
WHERE ROW_COUNT() = 1 AND `Id` = LAST_INSERT_ID();

INSERT INTO `HareketBasliklari` (`Aciklama`, `CreatedAt`, `FisNo`, `HareketTipi`, `HedefDepoId`, `IptalNedeni`, `IptalTarihi`, `IsIptal`, `KaynakDepoId`, `OlusturanKullaniciId`, `Tarih`)
VALUES (@p88, @p89, @p90, @p91, @p92, @p93, @p94, @p95, @p96, @p97, @p98);
SELECT `Id`
FROM `HareketBasliklari`
WHERE ROW_COUNT() = 1 AND `Id` = LAST_INSERT_ID();

INSERT INTO `HareketBasliklari` (`Aciklama`, `CreatedAt`, `FisNo`, `HareketTipi`, `HedefDepoId`, `IptalNedeni`, `IptalTarihi`, `IsIptal`, `KaynakDepoId`, `OlusturanKullaniciId`, `Tarih`)
VALUES (@p99, @p100, @p101, @p102, @p103, @p104, @p105, @p106, @p107, @p108, @p109);
SELECT `Id`
FROM `HareketBasliklari`
WHERE ROW_COUNT() = 1 AND `Id` = LAST_INSERT_ID();

INSERT INTO `HareketBasliklari` (`Aciklama`, `CreatedAt`, `FisNo`, `HareketTipi`, `HedefDepoId`, `IptalNedeni`, `IptalTarihi`, `IsIptal`, `KaynakDepoId`, `OlusturanKullaniciId`, `Tarih`)
VALUES (@p110, @p111, @p112, @p113, @p114, @p115, @p116, @p117, @p118, @p119, @p120);
SELECT `Id`
FROM `HareketBasliklari`
WHERE ROW_COUNT() = 1 AND `Id` = LAST_INSERT_ID();

INSERT INTO `HareketBasliklari` (`Aciklama`, `CreatedAt`, `FisNo`, `HareketTipi`, `HedefDepoId`, `IptalNedeni`, `IptalTarihi`, `IsIptal`, `KaynakDepoId`, `OlusturanKullaniciId`, `Tarih`)
VALUES (@p121, @p122, @p123, @p124, @p125, @p126, @p127, @p128, @p129, @p130, @p131);
SELECT `Id`
FROM `HareketBasliklari`
WHERE ROW_COUNT() = 1 AND `Id` = LAST_INSERT_ID();

INSERT INTO `HareketBasliklari` (`Aciklama`, `CreatedAt`, `FisNo`, `HareketTipi`, `HedefDepoId`, `IptalNedeni`, `IptalTarihi`, `IsIptal`, `KaynakDepoId`, `OlusturanKullaniciId`, `Tarih`)
VALUES (@p132, @p133, @p134, @p135, @p136, @p137, @p138, @p139, @p140, @p141, @p142);
SELECT `Id`
FROM `HareketBasliklari`
WHERE ROW_COUNT() = 1 AND `Id` = LAST_INSERT_ID();

INSERT INTO `HareketBasliklari` (`Aciklama`, `CreatedAt`, `FisNo`, `HareketTipi`, `HedefDepoId`, `IptalNedeni`, `IptalTarihi`, `IsIptal`, `KaynakDepoId`, `OlusturanKullaniciId`, `Tarih`)
VALUES (@p143, @p144, @p145, @p146, @p147, @p148, @p149, @p150, @p151, @p152, @p153);
SELECT `Id`
FROM `HareketBasliklari`
WHERE ROW_COUNT() = 1 AND `Id` = LAST_INSERT_ID();

INSERT INTO `HareketBasliklari` (`Aciklama`, `CreatedAt`, `FisNo`, `HareketTipi`, `HedefDepoId`, `IptalNedeni`, `IptalTarihi`, `IsIptal`, `KaynakDepoId`, `OlusturanKullaniciId`, `Tarih`)
VALUES (@p154, @p155, @p156, @p157, @p158, @p159, @p160, @p161, @p162, @p163, @p164);
SELECT `Id`
FROM `HareketBasliklari`
WHERE ROW_COUNT() = 1 AND `Id` = LAST_INSERT_ID();

INSERT INTO `HareketBasliklari` (`Aciklama`, `CreatedAt`, `FisNo`, `HareketTipi`, `HedefDepoId`, `IptalNedeni`, `IptalTarihi`, `IsIptal`, `KaynakDepoId`, `OlusturanKullaniciId`, `Tarih`)
VALUES (@p165, @p166, @p167, @p168, @p169, @p170, @p171, @p172, @p173, @p174, @p175);
SELECT `Id`
FROM `HareketBasliklari`
WHERE ROW_COUNT() = 1 AND `Id` = LAST_INSERT_ID();

INSERT INTO `HareketBasliklari` (`Aciklama`, `CreatedAt`, `FisNo`, `HareketTipi`, `HedefDepoId`, `IptalNedeni`, `IptalTarihi`, `IsIptal`, `KaynakDepoId`, `OlusturanKullaniciId`, `Tarih`)
VALUES (@p176, @p177, @p178, @p179, @p180, @p181, @p182, @p183, @p184, @p185, @p186);
SELECT `Id`
FROM `HareketBasliklari`
WHERE ROW_COUNT() = 1 AND `Id` = LAST_INSERT_ID();

INSERT INTO `HareketBasliklari` (`Aciklama`, `CreatedAt`, `FisNo`, `HareketTipi`, `HedefDepoId`, `IptalNedeni`, `IptalTarihi`, `IsIptal`, `KaynakDepoId`, `OlusturanKullaniciId`, `Tarih`)
VALUES (@p187, @p188, @p189, @p190, @p191, @p192, @p193, @p194, @p195, @p196, @p197);
SELECT `Id`
FROM `HareketBasliklari`
WHERE ROW_COUNT() = 1 AND `Id` = LAST_INSERT_ID();

INSERT INTO `HareketBasliklari` (`Aciklama`, `CreatedAt`, `FisNo`, `HareketTipi`, `HedefDepoId`, `IptalNedeni`, `IptalTarihi`, `IsIptal`, `KaynakDepoId`, `OlusturanKullaniciId`, `Tarih`)
VALUES (@p198, @p199, @p200, @p201, @p202, @p203, @p204, @p205, @p206, @p207, @p208);
SELECT `Id`
FROM `HareketBasliklari`
WHERE ROW_COUNT() = 1 AND `Id` = LAST_INSERT_ID();

INSERT INTO `HareketBasliklari` (`Aciklama`, `CreatedAt`, `FisNo`, `HareketTipi`, `HedefDepoId`, `IptalNedeni`, `IptalTarihi`, `IsIptal`, `KaynakDepoId`, `OlusturanKullaniciId`, `Tarih`)
VALUES (@p209, @p210, @p211, @p212, @p213, @p214, @p215, @p216, @p217, @p218, @p219);
SELECT `Id`
FROM `HareketBasliklari`
WHERE ROW_COUNT() = 1 AND `Id` = LAST_INSERT_ID();

INSERT INTO `HareketBasliklari` (`Aciklama`, `CreatedAt`, `FisNo`, `HareketTipi`, `HedefDepoId`, `IptalNedeni`, `IptalTarihi`, `IsIptal`, `KaynakDepoId`, `OlusturanKullaniciId`, `Tarih`)
VALUES (@p220, @p221, @p222, @p223, @p224, @p225, @p226, @p227, @p228, @p229, @p230);
SELECT `Id`
FROM `HareketBasliklari`
WHERE ROW_COUNT() = 1 AND `Id` = LAST_INSERT_ID();

INSERT INTO `HareketBasliklari` (`Aciklama`, `CreatedAt`, `FisNo`, `HareketTipi`, `HedefDepoId`, `IptalNedeni`, `IptalTarihi`, `IsIptal`, `KaynakDepoId`, `OlusturanKullaniciId`, `Tarih`)
VALUES (@p231, @p232, @p233, @p234, @p235, @p236, @p237, @p238, @p239, @p240, @p241);
SELECT `Id`
FROM `HareketBasliklari`
WHERE ROW_COUNT() = 1 AND `Id` = LAST_INSERT_ID();

INSERT INTO `HareketBasliklari` (`Aciklama`, `CreatedAt`, `FisNo`, `HareketTipi`, `HedefDepoId`, `IptalNedeni`, `IptalTarihi`, `IsIptal`, `KaynakDepoId`, `OlusturanKullaniciId`, `Tarih`)
VALUES (@p242, @p243, @p244, @p245, @p246, @p247, @p248, @p249, @p250, @p251, @p252);
SELECT `Id`
FROM `HareketBasliklari`
WHERE ROW_COUNT() = 1 AND `Id` = LAST_INSERT_ID();

INSERT INTO `HareketBasliklari` (`Aciklama`, `CreatedAt`, `FisNo`, `HareketTipi`, `HedefDepoId`, `IptalNedeni`, `IptalTarihi`, `IsIptal`, `KaynakDepoId`, `OlusturanKullaniciId`, `Tarih`)
VALUES (@p253, @p254, @p255, @p256, @p257, @p258, @p259, @p260, @p261, @p262, @p263);
SELECT `Id`
FROM `HareketBasliklari`
WHERE ROW_COUNT() = 1 AND `Id` = LAST_INSERT_ID();

INSERT INTO `HareketBasliklari` (`Aciklama`, `CreatedAt`, `FisNo`, `HareketTipi`, `HedefDepoId`, `IptalNedeni`, `IptalTarihi`, `IsIptal`, `KaynakDepoId`, `OlusturanKullaniciId`, `Tarih`)
VALUES (@p264, @p265, @p266, @p267, @p268, @p269, @p270, @p271, @p272, @p273, @p274);
SELECT `Id`
FROM `HareketBasliklari`
WHERE ROW_COUNT() = 1 AND `Id` = LAST_INSERT_ID();

INSERT INTO `HareketBasliklari` (`Aciklama`, `CreatedAt`, `FisNo`, `HareketTipi`, `HedefDepoId`, `IptalNedeni`, `IptalTarihi`, `IsIptal`, `KaynakDepoId`, `OlusturanKullaniciId`, `Tarih`)
VALUES (@p275, @p276, @p277, @p278, @p279, @p280, @p281, @p282, @p283, @p284, @p285);
SELECT `Id`
FROM `HareketBasliklari`
WHERE ROW_COUNT() = 1 AND `Id` = LAST_INSERT_ID();

INSERT INTO `HareketBasliklari` (`Aciklama`, `CreatedAt`, `FisNo`, `HareketTipi`, `HedefDepoId`, `IptalNedeni`, `IptalTarihi`, `IsIptal`, `KaynakDepoId`, `OlusturanKullaniciId`, `Tarih`)
VALUES (@p286, @p287, @p288, @p289, @p290, @p291, @p292, @p293, @p294, @p295, @p296);
SELECT `Id`
FROM `HareketBasliklari`
WHERE ROW_COUNT() = 1 AND `Id` = LAST_INSERT_ID();

INSERT INTO `HareketBasliklari` (`Aciklama`, `CreatedAt`, `FisNo`, `HareketTipi`, `HedefDepoId`, `IptalNedeni`, `IptalTarihi`, `IsIptal`, `KaynakDepoId`, `OlusturanKullaniciId`, `Tarih`)
VALUES (@p297, @p298, @p299, @p300, @p301, @p302, @p303, @p304, @p305, @p306, @p307);
SELECT `Id`
FROM `HareketBasliklari`
WHERE ROW_COUNT() = 1 AND `Id` = LAST_INSERT_ID();

INSERT INTO `HareketBasliklari` (`Aciklama`, `CreatedAt`, `FisNo`, `HareketTipi`, `HedefDepoId`, `IptalNedeni`, `IptalTarihi`, `IsIptal`, `KaynakDepoId`, `OlusturanKullaniciId`, `Tarih`)
VALUES (@p308, @p309, @p310, @p311, @p312, @p313, @p314, @p315, @p316, @p317, @p318);
SELECT `Id`
FROM `HareketBasliklari`
WHERE ROW_COUNT() = 1 AND `Id` = LAST_INSERT_ID();

INSERT INTO `HareketBasliklari` (`Aciklama`, `CreatedAt`, `FisNo`, `HareketTipi`, `HedefDepoId`, `IptalNedeni`, `IptalTarihi`, `IsIptal`, `KaynakDepoId`, `OlusturanKullaniciId`, `Tarih`)
VALUES (@p319, @p320, @p321, @p322, @p323, @p324, @p325, @p326, @p327, @p328, @p329);
SELECT `Id`
FROM `HareketBasliklari`
WHERE ROW_COUNT() = 1 AND `Id` = LAST_INSERT_ID();

INSERT INTO `HareketBasliklari` (`Aciklama`, `CreatedAt`, `FisNo`, `HareketTipi`, `HedefDepoId`, `IptalNedeni`, `IptalTarihi`, `IsIptal`, `KaynakDepoId`, `OlusturanKullaniciId`, `Tarih`)
VALUES (@p330, @p331, @p332, @p333, @p334, @p335, @p336, @p337, @p338, @p339, @p340);
SELECT `Id`
FROM `HareketBasliklari`
WHERE ROW_COUNT() = 1 AND `Id` = LAST_INSERT_ID();

INSERT INTO `HareketBasliklari` (`Aciklama`, `CreatedAt`, `FisNo`, `HareketTipi`, `HedefDepoId`, `IptalNedeni`, `IptalTarihi`, `IsIptal`, `KaynakDepoId`, `OlusturanKullaniciId`, `Tarih`)
VALUES (@p341, @p342, @p343, @p344, @p345, @p346, @p347, @p348, @p349, @p350, @p351);
SELECT `Id`
FROM `HareketBasliklari`
WHERE ROW_COUNT() = 1 AND `Id` = LAST_INSERT_ID();

INSERT INTO `HareketBasliklari` (`Aciklama`, `CreatedAt`, `FisNo`, `HareketTipi`, `HedefDepoId`, `IptalNedeni`, `IptalTarihi`, `IsIptal`, `KaynakDepoId`, `OlusturanKullaniciId`, `Tarih`)
VALUES (@p352, @p353, @p354, @p355, @p356, @p357, @p358, @p359, @p360, @p361, @p362);
SELECT `Id`
FROM `HareketBasliklari`
WHERE ROW_COUNT() = 1 AND `Id` = LAST_INSERT_ID();

INSERT INTO `HareketBasliklari` (`Aciklama`, `CreatedAt`, `FisNo`, `HareketTipi`, `HedefDepoId`, `IptalNedeni`, `IptalTarihi`, `IsIptal`, `KaynakDepoId`, `OlusturanKullaniciId`, `Tarih`)
VALUES (@p363, @p364, @p365, @p366, @p367, @p368, @p369, @p370, @p371, @p372, @p373);
SELECT `Id`
FROM `HareketBasliklari`
WHERE ROW_COUNT() = 1 AND `Id` = LAST_INSERT_ID();

INSERT INTO `HareketBasliklari` (`Aciklama`, `CreatedAt`, `FisNo`, `HareketTipi`, `HedefDepoId`, `IptalNedeni`, `IptalTarihi`, `IsIptal`, `KaynakDepoId`, `OlusturanKullaniciId`, `Tarih`)
VALUES (@p374, @p375, @p376, @p377, @p378, @p379, @p380, @p381, @p382, @p383, @p384);
SELECT `Id`
FROM `HareketBasliklari`
WHERE ROW_COUNT() = 1 AND `Id` = LAST_INSERT_ID();

INSERT INTO `HareketBasliklari` (`Aciklama`, `CreatedAt`, `FisNo`, `HareketTipi`, `HedefDepoId`, `IptalNedeni`, `IptalTarihi`, `IsIptal`, `KaynakDepoId`, `OlusturanKullaniciId`, `Tarih`)
VALUES (@p385, @p386, @p387, @p388, @p389, @p390, @p391, @p392, @p393, @p394, @p395);
SELECT `Id`
FROM `HareketBasliklari`
WHERE ROW_COUNT() = 1 AND `Id` = LAST_INSERT_ID();

INSERT INTO `HareketBasliklari` (`Aciklama`, `CreatedAt`, `FisNo`, `HareketTipi`, `HedefDepoId`, `IptalNedeni`, `IptalTarihi`, `IsIptal`, `KaynakDepoId`, `OlusturanKullaniciId`, `Tarih`)
VALUES (@p396, @p397, @p398, @p399, @p400, @p401, @p402, @p403, @p404, @p405, @p406);
SELECT `Id`
FROM `HareketBasliklari`
WHERE ROW_COUNT() = 1 AND `Id` = LAST_INSERT_ID();

INSERT INTO `HareketBasliklari` (`Aciklama`, `CreatedAt`, `FisNo`, `HareketTipi`, `HedefDepoId`, `IptalNedeni`, `IptalTarihi`, `IsIptal`, `KaynakDepoId`, `OlusturanKullaniciId`, `Tarih`)
VALUES (@p407, @p408, @p409, @p410, @p411, @p412, @p413, @p414, @p415, @p416, @p417);
SELECT `Id`
FROM `HareketBasliklari`
WHERE ROW_COUNT() = 1 AND `Id` = LAST_INSERT_ID();

INSERT INTO `HareketBasliklari` (`Aciklama`, `CreatedAt`, `FisNo`, `HareketTipi`, `HedefDepoId`, `IptalNedeni`, `IptalTarihi`, `IsIptal`, `KaynakDepoId`, `OlusturanKullaniciId`, `Tarih`)
VALUES (@p418, @p419, @p420, @p421, @p422, @p423, @p424, @p425, @p426, @p427, @p428);
SELECT `Id`
FROM `HareketBasliklari`
WHERE ROW_COUNT() = 1 AND `Id` = LAST_INSERT_ID();

INSERT INTO `HareketBasliklari` (`Aciklama`, `CreatedAt`, `FisNo`, `HareketTipi`, `HedefDepoId`, `IptalNedeni`, `IptalTarihi`, `IsIptal`, `KaynakDepoId`, `OlusturanKullaniciId`, `Tarih`)
VALUES (@p429, @p430, @p431, @p432, @p433, @p434, @p435, @p436, @p437, @p438, @p439);
SELECT `Id`
FROM `HareketBasliklari`
WHERE ROW_COUNT() = 1 AND `Id` = LAST_INSERT_ID();

INSERT INTO `HareketBasliklari` (`Aciklama`, `CreatedAt`, `FisNo`, `HareketTipi`, `HedefDepoId`, `IptalNedeni`, `IptalTarihi`, `IsIptal`, `KaynakDepoId`, `OlusturanKullaniciId`, `Tarih`)
VALUES (@p440, @p441, @p442, @p443, @p444, @p445, @p446, @p447, @p448, @p449, @p450);
SELECT `Id`
FROM `HareketBasliklari`
WHERE ROW_COUNT() = 1 AND `Id` = LAST_INSERT_ID();

INSERT INTO `HareketBasliklari` (`Aciklama`, `CreatedAt`, `FisNo`, `HareketTipi`, `HedefDepoId`, `IptalNedeni`, `IptalTarihi`, `IsIptal`, `KaynakDepoId`, `OlusturanKullaniciId`, `Tarih`)
VALUES (@p451, @p452, @p453, @p454, @p455, @p456, @p457, @p458, @p459, @p460, @p461);
SELECT `Id`
FROM `HareketBasliklari`
WHERE ROW_COUNT() = 1 AND `Id` = LAST_INSERT_ID();
2026-08-13 14:33:49.230 +03:00 [INF] Executed DbCommand (1ms) [Parameters=[@p0='?' (Size = 250), @p1='?' (DbType = DateTime), @p2='?' (Size = 50), @p3='?' (DbType = Int32), @p4='?' (DbType = Int32), @p5='?' (Size = 250), @p6='?' (DbType = DateTime), @p7='?' (DbType = Boolean), @p8='?' (DbType = Int32), @p9='?' (DbType = Int32), @p10='?' (DbType = DateTime), @p11='?' (Size = 250), @p12='?' (DbType = DateTime), @p13='?' (Size = 50), @p14='?' (DbType = Int32), @p15='?' (DbType = Int32), @p16='?' (Size = 250), @p17='?' (DbType = DateTime), @p18='?' (DbType = Boolean), @p19='?' (DbType = Int32), @p20='?' (DbType = Int32), @p21='?' (DbType = DateTime), @p22='?' (Size = 250), @p23='?' (DbType = DateTime), @p24='?' (Size = 50), @p25='?' (DbType = Int32), @p26='?' (DbType = Int32), @p27='?' (Size = 250), @p28='?' (DbType = DateTime), @p29='?' (DbType = Boolean), @p30='?' (DbType = Int32), @p31='?' (DbType = Int32), @p32='?' (DbType = DateTime), @p33='?' (Size = 250), @p34='?' (DbType = DateTime), @p35='?' (Size = 50), @p36='?' (DbType = Int32), @p37='?' (DbType = Int32), @p38='?' (Size = 250), @p39='?' (DbType = DateTime), @p40='?' (DbType = Boolean), @p41='?' (DbType = Int32), @p42='?' (DbType = Int32), @p43='?' (DbType = DateTime), @p44='?' (Size = 250), @p45='?' (DbType = DateTime), @p46='?' (Size = 50), @p47='?' (DbType = Int32), @p48='?' (DbType = Int32), @p49='?' (Size = 250), @p50='?' (DbType = DateTime), @p51='?' (DbType = Boolean), @p52='?' (DbType = Int32), @p53='?' (DbType = Int32), @p54='?' (DbType = DateTime), @p55='?' (Size = 250), @p56='?' (DbType = DateTime), @p57='?' (Size = 50), @p58='?' (DbType = Int32), @p59='?' (DbType = Int32), @p60='?' (Size = 250), @p61='?' (DbType = DateTime), @p62='?' (DbType = Boolean), @p63='?' (DbType = Int32), @p64='?' (DbType = Int32), @p65='?' (DbType = DateTime), @p66='?' (Size = 250), @p67='?' (DbType = DateTime), @p68='?' (Size = 50), @p69='?' (DbType = Int32), @p70='?' (DbType = Int32), @p71='?' (Size = 250), @p72='?' (DbType = DateTime), @p73='?' (DbType = Boolean), @p74='?' (DbType = Int32), @p75='?' (DbType = Int32), @p76='?' (DbType = DateTime), @p77='?' (Size = 250), @p78='?' (DbType = DateTime), @p79='?' (Size = 50), @p80='?' (DbType = Int32), @p81='?' (DbType = Int32), @p82='?' (Size = 250), @p83='?' (DbType = DateTime), @p84='?' (DbType = Boolean), @p85='?' (DbType = Int32), @p86='?' (DbType = Int32), @p87='?' (DbType = DateTime), @p88='?' (Size = 250), @p89='?' (DbType = DateTime), @p90='?' (Size = 50), @p91='?' (DbType = Int32), @p92='?' (DbType = Int32), @p93='?' (Size = 250), @p94='?' (DbType = DateTime), @p95='?' (DbType = Boolean), @p96='?' (DbType = Int32), @p97='?' (DbType = Int32), @p98='?' (DbType = DateTime), @p99='?' (Size = 250), @p100='?' (DbType = DateTime), @p101='?' (Size = 50), @p102='?' (DbType = Int32), @p103='?' (DbType = Int32), @p104='?' (Size = 250), @p105='?' (DbType = DateTime), @p106='?' (DbType = Boolean), @p107='?' (DbType = Int32), @p108='?' (DbType = Int32), @p109='?' (DbType = DateTime), @p110='?' (Size = 250), @p111='?' (DbType = DateTime), @p112='?' (Size = 50), @p113='?' (DbType = Int32), @p114='?' (DbType = Int32), @p115='?' (Size = 250), @p116='?' (DbType = DateTime), @p117='?' (DbType = Boolean), @p118='?' (DbType = Int32), @p119='?' (DbType = Int32), @p120='?' (DbType = DateTime), @p121='?' (Size = 250), @p122='?' (DbType = DateTime), @p123='?' (Size = 50), @p124='?' (DbType = Int32), @p125='?' (DbType = Int32), @p126='?' (Size = 250), @p127='?' (DbType = DateTime), @p128='?' (DbType = Boolean), @p129='?' (DbType = Int32), @p130='?' (DbType = Int32), @p131='?' (DbType = DateTime), @p132='?' (Size = 250), @p133='?' (DbType = DateTime), @p134='?' (Size = 50), @p135='?' (DbType = Int32), @p136='?' (DbType = Int32), @p137='?' (Size = 250), @p138='?' (DbType = DateTime), @p139='?' (DbType = Boolean), @p140='?' (DbType = Int32), @p141='?' (DbType = Int32), @p142='?' (DbType = DateTime), @p143='?' (Size = 250), @p144='?' (DbType = DateTime), @p145='?' (Size = 50), @p146='?' (DbType = Int32), @p147='?' (DbType = Int32), @p148='?' (Size = 250), @p149='?' (DbType = DateTime), @p150='?' (DbType = Boolean), @p151='?' (DbType = Int32), @p152='?' (DbType = Int32), @p153='?' (DbType = DateTime), @p154='?' (Size = 250), @p155='?' (DbType = DateTime), @p156='?' (Size = 50), @p157='?' (DbType = Int32), @p158='?' (DbType = Int32), @p159='?' (Size = 250), @p160='?' (DbType = DateTime), @p161='?' (DbType = Boolean), @p162='?' (DbType = Int32), @p163='?' (DbType = Int32), @p164='?' (DbType = DateTime), @p165='?' (Size = 250), @p166='?' (DbType = DateTime), @p167='?' (Size = 50), @p168='?' (DbType = Int32), @p169='?' (DbType = Int32), @p170='?' (Size = 250), @p171='?' (DbType = DateTime), @p172='?' (DbType = Boolean), @p173='?' (DbType = Int32), @p174='?' (DbType = Int32), @p175='?' (DbType = DateTime), @p176='?' (Size = 250), @p177='?' (DbType = DateTime), @p178='?' (Size = 50), @p179='?' (DbType = Int32), @p180='?' (DbType = Int32), @p181='?' (Size = 250), @p182='?' (DbType = DateTime), @p183='?' (DbType = Boolean), @p184='?' (DbType = Int32), @p185='?' (DbType = Int32), @p186='?' (DbType = DateTime), @p187='?' (Size = 250), @p188='?' (DbType = DateTime), @p189='?' (Size = 50), @p190='?' (DbType = Int32), @p191='?' (DbType = Int32), @p192='?' (Size = 250), @p193='?' (DbType = DateTime), @p194='?' (DbType = Boolean), @p195='?' (DbType = Int32), @p196='?' (DbType = Int32), @p197='?' (DbType = DateTime), @p198='?' (Size = 250), @p199='?' (DbType = DateTime), @p200='?' (Size = 50), @p201='?' (DbType = Int32), @p202='?' (DbType = Int32), @p203='?' (Size = 250), @p204='?' (DbType = DateTime), @p205='?' (DbType = Boolean), @p206='?' (DbType = Int32), @p207='?' (DbType = Int32), @p208='?' (DbType = DateTime), @p209='?' (Size = 250), @p210='?' (DbType = DateTime), @p211='?' (Size = 50), @p212='?' (DbType = Int32), @p213='?' (DbType = Int32), @p214='?' (Size = 250), @p215='?' (DbType = DateTime), @p216='?' (DbType = Boolean), @p217='?' (DbType = Int32), @p218='?' (DbType = Int32), @p219='?' (DbType = DateTime), @p220='?' (Size = 250), @p221='?' (DbType = DateTime), @p222='?' (Size = 50), @p223='?' (DbType = Int32), @p224='?' (DbType = Int32), @p225='?' (Size = 250), @p226='?' (DbType = DateTime), @p227='?' (DbType = Boolean), @p228='?' (DbType = Int32), @p229='?' (DbType = Int32), @p230='?' (DbType = DateTime), @p231='?' (Size = 250), @p232='?' (DbType = DateTime), @p233='?' (Size = 50), @p234='?' (DbType = Int32), @p235='?' (DbType = Int32), @p236='?' (Size = 250), @p237='?' (DbType = DateTime), @p238='?' (DbType = Boolean), @p239='?' (DbType = Int32), @p240='?' (DbType = Int32), @p241='?' (DbType = DateTime), @p242='?' (Size = 250), @p243='?' (DbType = DateTime), @p244='?' (Size = 50), @p245='?' (DbType = Int32), @p246='?' (DbType = Int32), @p247='?' (Size = 250), @p248='?' (DbType = DateTime), @p249='?' (DbType = Boolean), @p250='?' (DbType = Int32), @p251='?' (DbType = Int32), @p252='?' (DbType = DateTime), @p253='?' (Size = 250), @p254='?' (DbType = DateTime), @p255='?' (Size = 50), @p256='?' (DbType = Int32), @p257='?' (DbType = Int32), @p258='?' (Size = 250), @p259='?' (DbType = DateTime), @p260='?' (DbType = Boolean), @p261='?' (DbType = Int32), @p262='?' (DbType = Int32), @p263='?' (DbType = DateTime), @p264='?' (Size = 250), @p265='?' (DbType = DateTime), @p266='?' (Size = 50), @p267='?' (DbType = Int32), @p268='?' (DbType = Int32), @p269='?' (Size = 250), @p270='?' (DbType = DateTime), @p271='?' (DbType = Boolean), @p272='?' (DbType = Int32), @p273='?' (DbType = Int32), @p274='?' (DbType = DateTime), @p275='?' (Size = 250), @p276='?' (DbType = DateTime), @p277='?' (Size = 50), @p278='?' (DbType = Int32), @p279='?' (DbType = Int32), @p280='?' (Size = 250), @p281='?' (DbType = DateTime), @p282='?' (DbType = Boolean), @p283='?' (DbType = Int32), @p284='?' (DbType = Int32), @p285='?' (DbType = DateTime), @p286='?' (Size = 250), @p287='?' (DbType = DateTime), @p288='?' (Size = 50), @p289='?' (DbType = Int32), @p290='?' (DbType = Int32), @p291='?' (Size = 250), @p292='?' (DbType = DateTime), @p293='?' (DbType = Boolean), @p294='?' (DbType = Int32), @p295='?' (DbType = Int32), @p296='?' (DbType = DateTime), @p297='?' (Size = 250), @p298='?' (DbType = DateTime), @p299='?' (Size = 50), @p300='?' (DbType = Int32), @p301='?' (DbType = Int32), @p302='?' (Size = 250), @p303='?' (DbType = DateTime), @p304='?' (DbType = Boolean), @p305='?' (DbType = Int32), @p306='?' (DbType = Int32), @p307='?' (DbType = DateTime), @p308='?' (Size = 250), @p309='?' (DbType = DateTime), @p310='?' (Size = 50), @p311='?' (DbType = Int32), @p312='?' (DbType = Int32), @p313='?' (Size = 250), @p314='?' (DbType = DateTime), @p315='?' (DbType = Boolean), @p316='?' (DbType = Int32), @p317='?' (DbType = Int32), @p318='?' (DbType = DateTime), @p319='?' (Size = 250), @p320='?' (DbType = DateTime), @p321='?' (Size = 50), @p322='?' (DbType = Int32), @p323='?' (DbType = Int32), @p324='?' (Size = 250), @p325='?' (DbType = DateTime), @p326='?' (DbType = Boolean), @p327='?' (DbType = Int32), @p328='?' (DbType = Int32), @p329='?' (DbType = DateTime), @p330='?' (Size = 250), @p331='?' (DbType = DateTime), @p332='?' (Size = 50), @p333='?' (DbType = Int32), @p334='?' (DbType = Int32), @p335='?' (Size = 250), @p336='?' (DbType = DateTime), @p337='?' (DbType = Boolean), @p338='?' (DbType = Int32), @p339='?' (DbType = Int32), @p340='?' (DbType = DateTime), @p341='?' (Size = 250), @p342='?' (DbType = DateTime), @p343='?' (Size = 50), @p344='?' (DbType = Int32), @p345='?' (DbType = Int32), @p346='?' (Size = 250), @p347='?' (DbType = DateTime), @p348='?' (DbType = Boolean), @p349='?' (DbType = Int32), @p350='?' (DbType = Int32), @p351='?' (DbType = DateTime), @p352='?' (Size = 250), @p353='?' (DbType = DateTime), @p354='?' (Size = 50), @p355='?' (DbType = Int32), @p356='?' (DbType = Int32), @p357='?' (Size = 250), @p358='?' (DbType = DateTime), @p359='?' (DbType = Boolean), @p360='?' (DbType = Int32), @p361='?' (DbType = Int32), @p362='?' (DbType = DateTime), @p363='?' (Size = 250), @p364='?' (DbType = DateTime), @p365='?' (Size = 50), @p366='?' (DbType = Int32), @p367='?' (DbType = Int32), @p368='?' (Size = 250), @p369='?' (DbType = DateTime), @p370='?' (DbType = Boolean), @p371='?' (DbType = Int32), @p372='?' (DbType = Int32), @p373='?' (DbType = DateTime), @p374='?' (Size = 250), @p375='?' (DbType = DateTime), @p376='?' (Size = 50), @p377='?' (DbType = Int32), @p378='?' (DbType = Int32), @p379='?' (Size = 250), @p380='?' (DbType = DateTime), @p381='?' (DbType = Boolean), @p382='?' (DbType = Int32), @p383='?' (DbType = Int32), @p384='?' (DbType = DateTime), @p385='?' (Size = 250), @p386='?' (DbType = DateTime), @p387='?' (Size = 50), @p388='?' (DbType = Int32), @p389='?' (DbType = Int32), @p390='?' (Size = 250), @p391='?' (DbType = DateTime), @p392='?' (DbType = Boolean), @p393='?' (DbType = Int32), @p394='?' (DbType = Int32), @p395='?' (DbType = DateTime), @p396='?' (Size = 250), @p397='?' (DbType = DateTime), @p398='?' (Size = 50), @p399='?' (DbType = Int32), @p400='?' (DbType = Int32), @p401='?' (Size = 250), @p402='?' (DbType = DateTime), @p403='?' (DbType = Boolean), @p404='?' (DbType = Int32), @p405='?' (DbType = Int32), @p406='?' (DbType = DateTime), @p407='?' (Size = 250), @p408='?' (DbType = DateTime), @p409='?' (Size = 50), @p410='?' (DbType = Int32), @p411='?' (DbType = Int32), @p412='?' (Size = 250), @p413='?' (DbType = DateTime), @p414='?' (DbType = Boolean), @p415='?' (DbType = Int32), @p416='?' (DbType = Int32), @p417='?' (DbType = DateTime), @p418='?' (Size = 250), @p419='?' (DbType = DateTime), @p420='?' (Size = 50), @p421='?' (DbType = Int32), @p422='?' (DbType = Int32), @p423='?' (Size = 250), @p424='?' (DbType = DateTime), @p425='?' (DbType = Boolean), @p426='?' (DbType = Int32), @p427='?' (DbType = Int32), @p428='?' (DbType = DateTime), @p429='?' (Size = 250), @p430='?' (DbType = DateTime), @p431='?' (Size = 50), @p432='?' (DbType = Int32), @p433='?' (DbType = Int32), @p434='?' (Size = 250), @p435='?' (DbType = DateTime), @p436='?' (DbType = Boolean), @p437='?' (DbType = Int32), @p438='?' (DbType = Int32), @p439='?' (DbType = DateTime)], CommandType='"Text"', CommandTimeout='30']
INSERT INTO `HareketBasliklari` (`Aciklama`, `CreatedAt`, `FisNo`, `HareketTipi`, `HedefDepoId`, `IptalNedeni`, `IptalTarihi`, `IsIptal`, `KaynakDepoId`, `OlusturanKullaniciId`, `Tarih`)
VALUES (@p0, @p1, @p2, @p3, @p4, @p5, @p6, @p7, @p8, @p9, @p10);
SELECT `Id`
FROM `HareketBasliklari`
WHERE ROW_COUNT() = 1 AND `Id` = LAST_INSERT_ID();

INSERT INTO `HareketBasliklari` (`Aciklama`, `CreatedAt`, `FisNo`, `HareketTipi`, `HedefDepoId`, `IptalNedeni`, `IptalTarihi`, `IsIptal`, `KaynakDepoId`, `OlusturanKullaniciId`, `Tarih`)
VALUES (@p11, @p12, @p13, @p14, @p15, @p16, @p17, @p18, @p19, @p20, @p21);
SELECT `Id`
FROM `HareketBasliklari`
WHERE ROW_COUNT() = 1 AND `Id` = LAST_INSERT_ID();

INSERT INTO `HareketBasliklari` (`Aciklama`, `CreatedAt`, `FisNo`, `HareketTipi`, `HedefDepoId`, `IptalNedeni`, `IptalTarihi`, `IsIptal`, `KaynakDepoId`, `OlusturanKullaniciId`, `Tarih`)
VALUES (@p22, @p23, @p24, @p25, @p26, @p27, @p28, @p29, @p30, @p31, @p32);
SELECT `Id`
FROM `HareketBasliklari`
WHERE ROW_COUNT() = 1 AND `Id` = LAST_INSERT_ID();

INSERT INTO `HareketBasliklari` (`Aciklama`, `CreatedAt`, `FisNo`, `HareketTipi`, `HedefDepoId`, `IptalNedeni`, `IptalTarihi`, `IsIptal`, `KaynakDepoId`, `OlusturanKullaniciId`, `Tarih`)
VALUES (@p33, @p34, @p35, @p36, @p37, @p38, @p39, @p40, @p41, @p42, @p43);
SELECT `Id`
FROM `HareketBasliklari`
WHERE ROW_COUNT() = 1 AND `Id` = LAST_INSERT_ID();

INSERT INTO `HareketBasliklari` (`Aciklama`, `CreatedAt`, `FisNo`, `HareketTipi`, `HedefDepoId`, `IptalNedeni`, `IptalTarihi`, `IsIptal`, `KaynakDepoId`, `OlusturanKullaniciId`, `Tarih`)
VALUES (@p44, @p45, @p46, @p47, @p48, @p49, @p50, @p51, @p52, @p53, @p54);
SELECT `Id`
FROM `HareketBasliklari`
WHERE ROW_COUNT() = 1 AND `Id` = LAST_INSERT_ID();

INSERT INTO `HareketBasliklari` (`Aciklama`, `CreatedAt`, `FisNo`, `HareketTipi`, `HedefDepoId`, `IptalNedeni`, `IptalTarihi`, `IsIptal`, `KaynakDepoId`, `OlusturanKullaniciId`, `Tarih`)
VALUES (@p55, @p56, @p57, @p58, @p59, @p60, @p61, @p62, @p63, @p64, @p65);
SELECT `Id`
FROM `HareketBasliklari`
WHERE ROW_COUNT() = 1 AND `Id` = LAST_INSERT_ID();

INSERT INTO `HareketBasliklari` (`Aciklama`, `CreatedAt`, `FisNo`, `HareketTipi`, `HedefDepoId`, `IptalNedeni`, `IptalTarihi`, `IsIptal`, `KaynakDepoId`, `OlusturanKullaniciId`, `Tarih`)
VALUES (@p66, @p67, @p68, @p69, @p70, @p71, @p72, @p73, @p74, @p75, @p76);
SELECT `Id`
FROM `HareketBasliklari`
WHERE ROW_COUNT() = 1 AND `Id` = LAST_INSERT_ID();

INSERT INTO `HareketBasliklari` (`Aciklama`, `CreatedAt`, `FisNo`, `HareketTipi`, `HedefDepoId`, `IptalNedeni`, `IptalTarihi`, `IsIptal`, `KaynakDepoId`, `OlusturanKullaniciId`, `Tarih`)
VALUES (@p77, @p78, @p79, @p80, @p81, @p82, @p83, @p84, @p85, @p86, @p87);
SELECT `Id`
FROM `HareketBasliklari`
WHERE ROW_COUNT() = 1 AND `Id` = LAST_INSERT_ID();

INSERT INTO `HareketBasliklari` (`Aciklama`, `CreatedAt`, `FisNo`, `HareketTipi`, `HedefDepoId`, `IptalNedeni`, `IptalTarihi`, `IsIptal`, `KaynakDepoId`, `OlusturanKullaniciId`, `Tarih`)
VALUES (@p88, @p89, @p90, @p91, @p92, @p93, @p94, @p95, @p96, @p97, @p98);
SELECT `Id`
FROM `HareketBasliklari`
WHERE ROW_COUNT() = 1 AND `Id` = LAST_INSERT_ID();

INSERT INTO `HareketBasliklari` (`Aciklama`, `CreatedAt`, `FisNo`, `HareketTipi`, `HedefDepoId`, `IptalNedeni`, `IptalTarihi`, `IsIptal`, `KaynakDepoId`, `OlusturanKullaniciId`, `Tarih`)
VALUES (@p99, @p100, @p101, @p102, @p103, @p104, @p105, @p106, @p107, @p108, @p109);
SELECT `Id`
FROM `HareketBasliklari`
WHERE ROW_COUNT() = 1 AND `Id` = LAST_INSERT_ID();

INSERT INTO `HareketBasliklari` (`Aciklama`, `CreatedAt`, `FisNo`, `HareketTipi`, `HedefDepoId`, `IptalNedeni`, `IptalTarihi`, `IsIptal`, `KaynakDepoId`, `OlusturanKullaniciId`, `Tarih`)
VALUES (@p110, @p111, @p112, @p113, @p114, @p115, @p116, @p117, @p118, @p119, @p120);
SELECT `Id`
FROM `HareketBasliklari`
WHERE ROW_COUNT() = 1 AND `Id` = LAST_INSERT_ID();

INSERT INTO `HareketBasliklari` (`Aciklama`, `CreatedAt`, `FisNo`, `HareketTipi`, `HedefDepoId`, `IptalNedeni`, `IptalTarihi`, `IsIptal`, `KaynakDepoId`, `OlusturanKullaniciId`, `Tarih`)
VALUES (@p121, @p122, @p123, @p124, @p125, @p126, @p127, @p128, @p129, @p130, @p131);
SELECT `Id`
FROM `HareketBasliklari`
WHERE ROW_COUNT() = 1 AND `Id` = LAST_INSERT_ID();

INSERT INTO `HareketBasliklari` (`Aciklama`, `CreatedAt`, `FisNo`, `HareketTipi`, `HedefDepoId`, `IptalNedeni`, `IptalTarihi`, `IsIptal`, `KaynakDepoId`, `OlusturanKullaniciId`, `Tarih`)
VALUES (@p132, @p133, @p134, @p135, @p136, @p137, @p138, @p139, @p140, @p141, @p142);
SELECT `Id`
FROM `HareketBasliklari`
WHERE ROW_COUNT() = 1 AND `Id` = LAST_INSERT_ID();

INSERT INTO `HareketBasliklari` (`Aciklama`, `CreatedAt`, `FisNo`, `HareketTipi`, `HedefDepoId`, `IptalNedeni`, `IptalTarihi`, `IsIptal`, `KaynakDepoId`, `OlusturanKullaniciId`, `Tarih`)
VALUES (@p143, @p144, @p145, @p146, @p147, @p148, @p149, @p150, @p151, @p152, @p153);
SELECT `Id`
FROM `HareketBasliklari`
WHERE ROW_COUNT() = 1 AND `Id` = LAST_INSERT_ID();

INSERT INTO `HareketBasliklari` (`Aciklama`, `CreatedAt`, `FisNo`, `HareketTipi`, `HedefDepoId`, `IptalNedeni`, `IptalTarihi`, `IsIptal`, `KaynakDepoId`, `OlusturanKullaniciId`, `Tarih`)
VALUES (@p154, @p155, @p156, @p157, @p158, @p159, @p160, @p161, @p162, @p163, @p164);
SELECT `Id`
FROM `HareketBasliklari`
WHERE ROW_COUNT() = 1 AND `Id` = LAST_INSERT_ID();

INSERT INTO `HareketBasliklari` (`Aciklama`, `CreatedAt`, `FisNo`, `HareketTipi`, `HedefDepoId`, `IptalNedeni`, `IptalTarihi`, `IsIptal`, `KaynakDepoId`, `OlusturanKullaniciId`, `Tarih`)
VALUES (@p165, @p166, @p167, @p168, @p169, @p170, @p171, @p172, @p173, @p174, @p175);
SELECT `Id`
FROM `HareketBasliklari`
WHERE ROW_COUNT() = 1 AND `Id` = LAST_INSERT_ID();

INSERT INTO `HareketBasliklari` (`Aciklama`, `CreatedAt`, `FisNo`, `HareketTipi`, `HedefDepoId`, `IptalNedeni`, `IptalTarihi`, `IsIptal`, `KaynakDepoId`, `OlusturanKullaniciId`, `Tarih`)
VALUES (@p176, @p177, @p178, @p179, @p180, @p181, @p182, @p183, @p184, @p185, @p186);
SELECT `Id`
FROM `HareketBasliklari`
WHERE ROW_COUNT() = 1 AND `Id` = LAST_INSERT_ID();

INSERT INTO `HareketBasliklari` (`Aciklama`, `CreatedAt`, `FisNo`, `HareketTipi`, `HedefDepoId`, `IptalNedeni`, `IptalTarihi`, `IsIptal`, `KaynakDepoId`, `OlusturanKullaniciId`, `Tarih`)
VALUES (@p187, @p188, @p189, @p190, @p191, @p192, @p193, @p194, @p195, @p196, @p197);
SELECT `Id`
FROM `HareketBasliklari`
WHERE ROW_COUNT() = 1 AND `Id` = LAST_INSERT_ID();

INSERT INTO `HareketBasliklari` (`Aciklama`, `CreatedAt`, `FisNo`, `HareketTipi`, `HedefDepoId`, `IptalNedeni`, `IptalTarihi`, `IsIptal`, `KaynakDepoId`, `OlusturanKullaniciId`, `Tarih`)
VALUES (@p198, @p199, @p200, @p201, @p202, @p203, @p204, @p205, @p206, @p207, @p208);
SELECT `Id`
FROM `HareketBasliklari`
WHERE ROW_COUNT() = 1 AND `Id` = LAST_INSERT_ID();

INSERT INTO `HareketBasliklari` (`Aciklama`, `CreatedAt`, `FisNo`, `HareketTipi`, `HedefDepoId`, `IptalNedeni`, `IptalTarihi`, `IsIptal`, `KaynakDepoId`, `OlusturanKullaniciId`, `Tarih`)
VALUES (@p209, @p210, @p211, @p212, @p213, @p214, @p215, @p216, @p217, @p218, @p219);
SELECT `Id`
FROM `HareketBasliklari`
WHERE ROW_COUNT() = 1 AND `Id` = LAST_INSERT_ID();

INSERT INTO `HareketBasliklari` (`Aciklama`, `CreatedAt`, `FisNo`, `HareketTipi`, `HedefDepoId`, `IptalNedeni`, `IptalTarihi`, `IsIptal`, `KaynakDepoId`, `OlusturanKullaniciId`, `Tarih`)
VALUES (@p220, @p221, @p222, @p223, @p224, @p225, @p226, @p227, @p228, @p229, @p230);
SELECT `Id`
FROM `HareketBasliklari`
WHERE ROW_COUNT() = 1 AND `Id` = LAST_INSERT_ID();

INSERT INTO `HareketBasliklari` (`Aciklama`, `CreatedAt`, `FisNo`, `HareketTipi`, `HedefDepoId`, `IptalNedeni`, `IptalTarihi`, `IsIptal`, `KaynakDepoId`, `OlusturanKullaniciId`, `Tarih`)
VALUES (@p231, @p232, @p233, @p234, @p235, @p236, @p237, @p238, @p239, @p240, @p241);
SELECT `Id`
FROM `HareketBasliklari`
WHERE ROW_COUNT() = 1 AND `Id` = LAST_INSERT_ID();

INSERT INTO `HareketBasliklari` (`Aciklama`, `CreatedAt`, `FisNo`, `HareketTipi`, `HedefDepoId`, `IptalNedeni`, `IptalTarihi`, `IsIptal`, `KaynakDepoId`, `OlusturanKullaniciId`, `Tarih`)
VALUES (@p242, @p243, @p244, @p245, @p246, @p247, @p248, @p249, @p250, @p251, @p252);
SELECT `Id`
FROM `HareketBasliklari`
WHERE ROW_COUNT() = 1 AND `Id` = LAST_INSERT_ID();

INSERT INTO `HareketBasliklari` (`Aciklama`, `CreatedAt`, `FisNo`, `HareketTipi`, `HedefDepoId`, `IptalNedeni`, `IptalTarihi`, `IsIptal`, `KaynakDepoId`, `OlusturanKullaniciId`, `Tarih`)
VALUES (@p253, @p254, @p255, @p256, @p257, @p258, @p259, @p260, @p261, @p262, @p263);
SELECT `Id`
FROM `HareketBasliklari`
WHERE ROW_COUNT() = 1 AND `Id` = LAST_INSERT_ID();

INSERT INTO `HareketBasliklari` (`Aciklama`, `CreatedAt`, `FisNo`, `HareketTipi`, `HedefDepoId`, `IptalNedeni`, `IptalTarihi`, `IsIptal`, `KaynakDepoId`, `OlusturanKullaniciId`, `Tarih`)
VALUES (@p264, @p265, @p266, @p267, @p268, @p269, @p270, @p271, @p272, @p273, @p274);
SELECT `Id`
FROM `HareketBasliklari`
WHERE ROW_COUNT() = 1 AND `Id` = LAST_INSERT_ID();

INSERT INTO `HareketBasliklari` (`Aciklama`, `CreatedAt`, `FisNo`, `HareketTipi`, `HedefDepoId`, `IptalNedeni`, `IptalTarihi`, `IsIptal`, `KaynakDepoId`, `OlusturanKullaniciId`, `Tarih`)
VALUES (@p275, @p276, @p277, @p278, @p279, @p280, @p281, @p282, @p283, @p284, @p285);
SELECT `Id`
FROM `HareketBasliklari`
WHERE ROW_COUNT() = 1 AND `Id` = LAST_INSERT_ID();

INSERT INTO `HareketBasliklari` (`Aciklama`, `CreatedAt`, `FisNo`, `HareketTipi`, `HedefDepoId`, `IptalNedeni`, `IptalTarihi`, `IsIptal`, `KaynakDepoId`, `OlusturanKullaniciId`, `Tarih`)
VALUES (@p286, @p287, @p288, @p289, @p290, @p291, @p292, @p293, @p294, @p295, @p296);
SELECT `Id`
FROM `HareketBasliklari`
WHERE ROW_COUNT() = 1 AND `Id` = LAST_INSERT_ID();

INSERT INTO `HareketBasliklari` (`Aciklama`, `CreatedAt`, `FisNo`, `HareketTipi`, `HedefDepoId`, `IptalNedeni`, `IptalTarihi`, `IsIptal`, `KaynakDepoId`, `OlusturanKullaniciId`, `Tarih`)
VALUES (@p297, @p298, @p299, @p300, @p301, @p302, @p303, @p304, @p305, @p306, @p307);
SELECT `Id`
FROM `HareketBasliklari`
WHERE ROW_COUNT() = 1 AND `Id` = LAST_INSERT_ID();

INSERT INTO `HareketBasliklari` (`Aciklama`, `CreatedAt`, `FisNo`, `HareketTipi`, `HedefDepoId`, `IptalNedeni`, `IptalTarihi`, `IsIptal`, `KaynakDepoId`, `OlusturanKullaniciId`, `Tarih`)
VALUES (@p308, @p309, @p310, @p311, @p312, @p313, @p314, @p315, @p316, @p317, @p318);
SELECT `Id`
FROM `HareketBasliklari`
WHERE ROW_COUNT() = 1 AND `Id` = LAST_INSERT_ID();

INSERT INTO `HareketBasliklari` (`Aciklama`, `CreatedAt`, `FisNo`, `HareketTipi`, `HedefDepoId`, `IptalNedeni`, `IptalTarihi`, `IsIptal`, `KaynakDepoId`, `OlusturanKullaniciId`, `Tarih`)
VALUES (@p319, @p320, @p321, @p322, @p323, @p324, @p325, @p326, @p327, @p328, @p329);
SELECT `Id`
FROM `HareketBasliklari`
WHERE ROW_COUNT() = 1 AND `Id` = LAST_INSERT_ID();

INSERT INTO `HareketBasliklari` (`Aciklama`, `CreatedAt`, `FisNo`, `HareketTipi`, `HedefDepoId`, `IptalNedeni`, `IptalTarihi`, `IsIptal`, `KaynakDepoId`, `OlusturanKullaniciId`, `Tarih`)
VALUES (@p330, @p331, @p332, @p333, @p334, @p335, @p336, @p337, @p338, @p339, @p340);
SELECT `Id`
FROM `HareketBasliklari`
WHERE ROW_COUNT() = 1 AND `Id` = LAST_INSERT_ID();

INSERT INTO `HareketBasliklari` (`Aciklama`, `CreatedAt`, `FisNo`, `HareketTipi`, `HedefDepoId`, `IptalNedeni`, `IptalTarihi`, `IsIptal`, `KaynakDepoId`, `OlusturanKullaniciId`, `Tarih`)
VALUES (@p341, @p342, @p343, @p344, @p345, @p346, @p347, @p348, @p349, @p350, @p351);
SELECT `Id`
FROM `HareketBasliklari`
WHERE ROW_COUNT() = 1 AND `Id` = LAST_INSERT_ID();

INSERT INTO `HareketBasliklari` (`Aciklama`, `CreatedAt`, `FisNo`, `HareketTipi`, `HedefDepoId`, `IptalNedeni`, `IptalTarihi`, `IsIptal`, `KaynakDepoId`, `OlusturanKullaniciId`, `Tarih`)
VALUES (@p352, @p353, @p354, @p355, @p356, @p357, @p358, @p359, @p360, @p361, @p362);
SELECT `Id`
FROM `HareketBasliklari`
WHERE ROW_COUNT() = 1 AND `Id` = LAST_INSERT_ID();

INSERT INTO `HareketBasliklari` (`Aciklama`, `CreatedAt`, `FisNo`, `HareketTipi`, `HedefDepoId`, `IptalNedeni`, `IptalTarihi`, `IsIptal`, `KaynakDepoId`, `OlusturanKullaniciId`, `Tarih`)
VALUES (@p363, @p364, @p365, @p366, @p367, @p368, @p369, @p370, @p371, @p372, @p373);
SELECT `Id`
FROM `HareketBasliklari`
WHERE ROW_COUNT() = 1 AND `Id` = LAST_INSERT_ID();

INSERT INTO `HareketBasliklari` (`Aciklama`, `CreatedAt`, `FisNo`, `HareketTipi`, `HedefDepoId`, `IptalNedeni`, `IptalTarihi`, `IsIptal`, `KaynakDepoId`, `OlusturanKullaniciId`, `Tarih`)
VALUES (@p374, @p375, @p376, @p377, @p378, @p379, @p380, @p381, @p382, @p383, @p384);
SELECT `Id`
FROM `HareketBasliklari`
WHERE ROW_COUNT() = 1 AND `Id` = LAST_INSERT_ID();

INSERT INTO `HareketBasliklari` (`Aciklama`, `CreatedAt`, `FisNo`, `HareketTipi`, `HedefDepoId`, `IptalNedeni`, `IptalTarihi`, `IsIptal`, `KaynakDepoId`, `OlusturanKullaniciId`, `Tarih`)
VALUES (@p385, @p386, @p387, @p388, @p389, @p390, @p391, @p392, @p393, @p394, @p395);
SELECT `Id`
FROM `HareketBasliklari`
WHERE ROW_COUNT() = 1 AND `Id` = LAST_INSERT_ID();

INSERT INTO `HareketBasliklari` (`Aciklama`, `CreatedAt`, `FisNo`, `HareketTipi`, `HedefDepoId`, `IptalNedeni`, `IptalTarihi`, `IsIptal`, `KaynakDepoId`, `OlusturanKullaniciId`, `Tarih`)
VALUES (@p396, @p397, @p398, @p399, @p400, @p401, @p402, @p403, @p404, @p405, @p406);
SELECT `Id`
FROM `HareketBasliklari`
WHERE ROW_COUNT() = 1 AND `Id` = LAST_INSERT_ID();

INSERT INTO `HareketBasliklari` (`Aciklama`, `CreatedAt`, `FisNo`, `HareketTipi`, `HedefDepoId`, `IptalNedeni`, `IptalTarihi`, `IsIptal`, `KaynakDepoId`, `OlusturanKullaniciId`, `Tarih`)
VALUES (@p407, @p408, @p409, @p410, @p411, @p412, @p413, @p414, @p415, @p416, @p417);
SELECT `Id`
FROM `HareketBasliklari`
WHERE ROW_COUNT() = 1 AND `Id` = LAST_INSERT_ID();

INSERT INTO `HareketBasliklari` (`Aciklama`, `CreatedAt`, `FisNo`, `HareketTipi`, `HedefDepoId`, `IptalNedeni`, `IptalTarihi`, `IsIptal`, `KaynakDepoId`, `OlusturanKullaniciId`, `Tarih`)
VALUES (@p418, @p419, @p420, @p421, @p422, @p423, @p424, @p425, @p426, @p427, @p428);
SELECT `Id`
FROM `HareketBasliklari`
WHERE ROW_COUNT() = 1 AND `Id` = LAST_INSERT_ID();

INSERT INTO `HareketBasliklari` (`Aciklama`, `CreatedAt`, `FisNo`, `HareketTipi`, `HedefDepoId`, `IptalNedeni`, `IptalTarihi`, `IsIptal`, `KaynakDepoId`, `OlusturanKullaniciId`, `Tarih`)
VALUES (@p429, @p430, @p431, @p432, @p433, @p434, @p435, @p436, @p437, @p438, @p439);
SELECT `Id`
FROM `HareketBasliklari`
WHERE ROW_COUNT() = 1 AND `Id` = LAST_INSERT_ID();
2026-08-13 14:33:49.249 +03:00 [INF] Executed DbCommand (2ms) [Parameters=[@p440='?' (DbType = Decimal), @p441='?' (DbType = Int32), @p442='?' (DbType = Int32), @p443='?' (DbType = Decimal), @p444='?' (Size = 150), @p445='?' (DbType = Decimal), @p446='?' (DbType = Int32), @p447='?' (DbType = Int32), @p448='?' (DbType = Decimal), @p449='?' (Size = 150), @p450='?' (DbType = Decimal), @p451='?' (DbType = Int32), @p452='?' (DbType = Int32), @p453='?' (DbType = Decimal), @p454='?' (Size = 150), @p455='?' (DbType = Decimal), @p456='?' (DbType = Int32), @p457='?' (DbType = Int32), @p458='?' (DbType = Decimal), @p459='?' (Size = 150), @p460='?' (DbType = Decimal), @p461='?' (DbType = Int32), @p462='?' (DbType = Int32), @p463='?' (DbType = Decimal), @p464='?' (Size = 150), @p465='?' (DbType = Decimal), @p466='?' (DbType = Int32), @p467='?' (DbType = Int32), @p468='?' (DbType = Decimal), @p469='?' (Size = 150), @p470='?' (DbType = Decimal), @p471='?' (DbType = Int32), @p472='?' (DbType = Int32), @p473='?' (DbType = Decimal), @p474='?' (Size = 150), @p475='?' (DbType = Decimal), @p476='?' (DbType = Int32), @p477='?' (DbType = Int32), @p478='?' (DbType = Decimal), @p479='?' (Size = 150), @p480='?' (DbType = Decimal), @p481='?' (DbType = Int32), @p482='?' (DbType = Int32), @p483='?' (DbType = Decimal), @p484='?' (Size = 150), @p485='?' (DbType = Decimal), @p486='?' (DbType = Int32), @p487='?' (DbType = Int32), @p488='?' (DbType = Decimal), @p489='?' (Size = 150), @p490='?' (DbType = Decimal), @p491='?' (DbType = Int32), @p492='?' (DbType = Int32), @p493='?' (DbType = Decimal), @p494='?' (Size = 150), @p495='?' (DbType = Decimal), @p496='?' (DbType = Int32), @p497='?' (DbType = Int32), @p498='?' (DbType = Decimal), @p499='?' (Size = 150), @p500='?' (DbType = Decimal), @p501='?' (DbType = Int32), @p502='?' (DbType = Int32), @p503='?' (DbType = Decimal), @p504='?' (Size = 150), @p505='?' (DbType = Decimal), @p506='?' (DbType = Int32), @p507='?' (DbType = Int32), @p508='?' (DbType = Decimal), @p509='?' (Size = 150), @p510='?' (DbType = Decimal), @p511='?' (DbType = Int32), @p512='?' (DbType = Int32), @p513='?' (DbType = Decimal), @p514='?' (Size = 150), @p515='?' (DbType = Decimal), @p516='?' (DbType = Int32), @p517='?' (DbType = Int32), @p518='?' (DbType = Decimal), @p519='?' (Size = 150), @p520='?' (DbType = Decimal), @p521='?' (DbType = Int32), @p522='?' (DbType = Int32), @p523='?' (DbType = Decimal), @p524='?' (Size = 150), @p525='?' (DbType = Decimal), @p526='?' (DbType = Int32), @p527='?' (DbType = Int32), @p528='?' (DbType = Decimal), @p529='?' (Size = 150), @p530='?' (DbType = Decimal), @p531='?' (DbType = Int32), @p532='?' (DbType = Int32), @p533='?' (DbType = Decimal), @p534='?' (Size = 150), @p535='?' (DbType = Decimal), @p536='?' (DbType = Int32), @p537='?' (DbType = Int32), @p538='?' (DbType = Decimal), @p539='?' (Size = 150), @p540='?' (DbType = Decimal), @p541='?' (DbType = Int32), @p542='?' (DbType = Int32), @p543='?' (DbType = Decimal), @p544='?' (Size = 150), @p545='?' (DbType = Decimal), @p546='?' (DbType = Int32), @p547='?' (DbType = Int32), @p548='?' (DbType = Decimal), @p549='?' (Size = 150), @p550='?' (DbType = Decimal), @p551='?' (DbType = Int32), @p552='?' (DbType = Int32), @p553='?' (DbType = Decimal), @p554='?' (Size = 150), @p555='?' (DbType = Decimal), @p556='?' (DbType = Int32), @p557='?' (DbType = Int32), @p558='?' (DbType = Decimal), @p559='?' (Size = 150), @p560='?' (DbType = Decimal), @p561='?' (DbType = Int32), @p562='?' (DbType = Int32), @p563='?' (DbType = Decimal), @p564='?' (Size = 150), @p565='?' (DbType = Decimal), @p566='?' (DbType = Int32), @p567='?' (DbType = Int32), @p568='?' (DbType = Decimal), @p569='?' (Size = 150), @p570='?' (DbType = Decimal), @p571='?' (DbType = Int32), @p572='?' (DbType = Int32), @p573='?' (DbType = Decimal), @p574='?' (Size = 150), @p575='?' (DbType = Decimal), @p576='?' (DbType = Int32), @p577='?' (DbType = Int32), @p578='?' (DbType = Decimal), @p579='?' (Size = 150), @p580='?' (DbType = Decimal), @p581='?' (DbType = Int32), @p582='?' (DbType = Int32), @p583='?' (DbType = Decimal), @p584='?' (Size = 150), @p585='?' (DbType = Decimal), @p586='?' (DbType = Int32), @p587='?' (DbType = Int32), @p588='?' (DbType = Decimal), @p589='?' (Size = 150), @p590='?' (DbType = Decimal), @p591='?' (DbType = Int32), @p592='?' (DbType = Int32), @p593='?' (DbType = Decimal), @p594='?' (Size = 150), @p595='?' (DbType = Decimal), @p596='?' (DbType = Int32), @p597='?' (DbType = Int32), @p598='?' (DbType = Decimal), @p599='?' (Size = 150), @p600='?' (DbType = Decimal), @p601='?' (DbType = Int32), @p602='?' (DbType = Int32), @p603='?' (DbType = Decimal), @p604='?' (Size = 150), @p605='?' (DbType = Decimal), @p606='?' (DbType = Int32), @p607='?' (DbType = Int32), @p608='?' (DbType = Decimal), @p609='?' (Size = 150), @p610='?' (DbType = Decimal), @p611='?' (DbType = Int32), @p612='?' (DbType = Int32), @p613='?' (DbType = Decimal), @p614='?' (Size = 150), @p615='?' (DbType = Decimal), @p616='?' (DbType = Int32), @p617='?' (DbType = Int32), @p618='?' (DbType = Decimal), @p619='?' (Size = 150), @p620='?' (DbType = Decimal), @p621='?' (DbType = Int32), @p622='?' (DbType = Int32), @p623='?' (DbType = Decimal), @p624='?' (Size = 150), @p625='?' (DbType = Decimal), @p626='?' (DbType = Int32), @p627='?' (DbType = Int32), @p628='?' (DbType = Decimal), @p629='?' (Size = 150), @p630='?' (DbType = Decimal), @p631='?' (DbType = Int32), @p632='?' (DbType = Int32), @p633='?' (DbType = Decimal), @p634='?' (Size = 150), @p635='?' (DbType = Decimal), @p636='?' (DbType = Int32), @p637='?' (DbType = Int32), @p638='?' (DbType = Decimal), @p639='?' (Size = 150), @p640='?' (DbType = Decimal), @p641='?' (DbType = Int32), @p642='?' (DbType = Int32), @p643='?' (DbType = Decimal), @p644='?' (Size = 150), @p645='?' (DbType = Decimal), @p646='?' (DbType = Int32), @p647='?' (DbType = Int32), @p648='?' (DbType = Decimal), @p649='?' (Size = 150)], CommandType='"Text"', CommandTimeout='30']
INSERT INTO `HareketKalemleri` (`BirimFiyat`, `HareketBaslikId`, `MalzemeId`, `Miktar`, `SatirAciklamasi`)
VALUES (@p440, @p441, @p442, @p443, @p444);
SELECT `Id`
FROM `HareketKalemleri`
WHERE ROW_COUNT() = 1 AND `Id` = LAST_INSERT_ID();

INSERT INTO `HareketKalemleri` (`BirimFiyat`, `HareketBaslikId`, `MalzemeId`, `Miktar`, `SatirAciklamasi`)
VALUES (@p445, @p446, @p447, @p448, @p449);
SELECT `Id`
FROM `HareketKalemleri`
WHERE ROW_COUNT() = 1 AND `Id` = LAST_INSERT_ID();

INSERT INTO `HareketKalemleri` (`BirimFiyat`, `HareketBaslikId`, `MalzemeId`, `Miktar`, `SatirAciklamasi`)
VALUES (@p450, @p451, @p452, @p453, @p454);
SELECT `Id`
FROM `HareketKalemleri`
WHERE ROW_COUNT() = 1 AND `Id` = LAST_INSERT_ID();

INSERT INTO `HareketKalemleri` (`BirimFiyat`, `HareketBaslikId`, `MalzemeId`, `Miktar`, `SatirAciklamasi`)
VALUES (@p455, @p456, @p457, @p458, @p459);
SELECT `Id`
FROM `HareketKalemleri`
WHERE ROW_COUNT() = 1 AND `Id` = LAST_INSERT_ID();

INSERT INTO `HareketKalemleri` (`BirimFiyat`, `HareketBaslikId`, `MalzemeId`, `Miktar`, `SatirAciklamasi`)
VALUES (@p460, @p461, @p462, @p463, @p464);
SELECT `Id`
FROM `HareketKalemleri`
WHERE ROW_COUNT() = 1 AND `Id` = LAST_INSERT_ID();

INSERT INTO `HareketKalemleri` (`BirimFiyat`, `HareketBaslikId`, `MalzemeId`, `Miktar`, `SatirAciklamasi`)
VALUES (@p465, @p466, @p467, @p468, @p469);
SELECT `Id`
FROM `HareketKalemleri`
WHERE ROW_COUNT() = 1 AND `Id` = LAST_INSERT_ID();

INSERT INTO `HareketKalemleri` (`BirimFiyat`, `HareketBaslikId`, `MalzemeId`, `Miktar`, `SatirAciklamasi`)
VALUES (@p470, @p471, @p472, @p473, @p474);
SELECT `Id`
FROM `HareketKalemleri`
WHERE ROW_COUNT() = 1 AND `Id` = LAST_INSERT_ID();

INSERT INTO `HareketKalemleri` (`BirimFiyat`, `HareketBaslikId`, `MalzemeId`, `Miktar`, `SatirAciklamasi`)
VALUES (@p475, @p476, @p477, @p478, @p479);
SELECT `Id`
FROM `HareketKalemleri`
WHERE ROW_COUNT() = 1 AND `Id` = LAST_INSERT_ID();

INSERT INTO `HareketKalemleri` (`BirimFiyat`, `HareketBaslikId`, `MalzemeId`, `Miktar`, `SatirAciklamasi`)
VALUES (@p480, @p481, @p482, @p483, @p484);
SELECT `Id`
FROM `HareketKalemleri`
WHERE ROW_COUNT() = 1 AND `Id` = LAST_INSERT_ID();

INSERT INTO `HareketKalemleri` (`BirimFiyat`, `HareketBaslikId`, `MalzemeId`, `Miktar`, `SatirAciklamasi`)
VALUES (@p485, @p486, @p487, @p488, @p489);
SELECT `Id`
FROM `HareketKalemleri`
WHERE ROW_COUNT() = 1 AND `Id` = LAST_INSERT_ID();

INSERT INTO `HareketKalemleri` (`BirimFiyat`, `HareketBaslikId`, `MalzemeId`, `Miktar`, `SatirAciklamasi`)
VALUES (@p490, @p491, @p492, @p493, @p494);
SELECT `Id`
FROM `HareketKalemleri`
WHERE ROW_COUNT() = 1 AND `Id` = LAST_INSERT_ID();

INSERT INTO `HareketKalemleri` (`BirimFiyat`, `HareketBaslikId`, `MalzemeId`, `Miktar`, `SatirAciklamasi`)
VALUES (@p495, @p496, @p497, @p498, @p499);
SELECT `Id`
FROM `HareketKalemleri`
WHERE ROW_COUNT() = 1 AND `Id` = LAST_INSERT_ID();

INSERT INTO `HareketKalemleri` (`BirimFiyat`, `HareketBaslikId`, `MalzemeId`, `Miktar`, `SatirAciklamasi`)
VALUES (@p500, @p501, @p502, @p503, @p504);
SELECT `Id`
FROM `HareketKalemleri`
WHERE ROW_COUNT() = 1 AND `Id` = LAST_INSERT_ID();

INSERT INTO `HareketKalemleri` (`BirimFiyat`, `HareketBaslikId`, `MalzemeId`, `Miktar`, `SatirAciklamasi`)
VALUES (@p505, @p506, @p507, @p508, @p509);
SELECT `Id`
FROM `HareketKalemleri`
WHERE ROW_COUNT() = 1 AND `Id` = LAST_INSERT_ID();

INSERT INTO `HareketKalemleri` (`BirimFiyat`, `HareketBaslikId`, `MalzemeId`, `Miktar`, `SatirAciklamasi`)
VALUES (@p510, @p511, @p512, @p513, @p514);
SELECT `Id`
FROM `HareketKalemleri`
WHERE ROW_COUNT() = 1 AND `Id` = LAST_INSERT_ID();

INSERT INTO `HareketKalemleri` (`BirimFiyat`, `HareketBaslikId`, `MalzemeId`, `Miktar`, `SatirAciklamasi`)
VALUES (@p515, @p516, @p517, @p518, @p519);
SELECT `Id`
FROM `HareketKalemleri`
WHERE ROW_COUNT() = 1 AND `Id` = LAST_INSERT_ID();

INSERT INTO `HareketKalemleri` (`BirimFiyat`, `HareketBaslikId`, `MalzemeId`, `Miktar`, `SatirAciklamasi`)
VALUES (@p520, @p521, @p522, @p523, @p524);
SELECT `Id`
FROM `HareketKalemleri`
WHERE ROW_COUNT() = 1 AND `Id` = LAST_INSERT_ID();

INSERT INTO `HareketKalemleri` (`BirimFiyat`, `HareketBaslikId`, `MalzemeId`, `Miktar`, `SatirAciklamasi`)
VALUES (@p525, @p526, @p527, @p528, @p529);
SELECT `Id`
FROM `HareketKalemleri`
WHERE ROW_COUNT() = 1 AND `Id` = LAST_INSERT_ID();

INSERT INTO `HareketKalemleri` (`BirimFiyat`, `HareketBaslikId`, `MalzemeId`, `Miktar`, `SatirAciklamasi`)
VALUES (@p530, @p531, @p532, @p533, @p534);
SELECT `Id`
FROM `HareketKalemleri`
WHERE ROW_COUNT() = 1 AND `Id` = LAST_INSERT_ID();

INSERT INTO `HareketKalemleri` (`BirimFiyat`, `HareketBaslikId`, `MalzemeId`, `Miktar`, `SatirAciklamasi`)
VALUES (@p535, @p536, @p537, @p538, @p539);
SELECT `Id`
FROM `HareketKalemleri`
WHERE ROW_COUNT() = 1 AND `Id` = LAST_INSERT_ID();

INSERT INTO `HareketKalemleri` (`BirimFiyat`, `HareketBaslikId`, `MalzemeId`, `Miktar`, `SatirAciklamasi`)
VALUES (@p540, @p541, @p542, @p543, @p544);
SELECT `Id`
FROM `HareketKalemleri`
WHERE ROW_COUNT() = 1 AND `Id` = LAST_INSERT_ID();

INSERT INTO `HareketKalemleri` (`BirimFiyat`, `HareketBaslikId`, `MalzemeId`, `Miktar`, `SatirAciklamasi`)
VALUES (@p545, @p546, @p547, @p548, @p549);
SELECT `Id`
FROM `HareketKalemleri`
WHERE ROW_COUNT() = 1 AND `Id` = LAST_INSERT_ID();

INSERT INTO `HareketKalemleri` (`BirimFiyat`, `HareketBaslikId`, `MalzemeId`, `Miktar`, `SatirAciklamasi`)
VALUES (@p550, @p551, @p552, @p553, @p554);
SELECT `Id`
FROM `HareketKalemleri`
WHERE ROW_COUNT() = 1 AND `Id` = LAST_INSERT_ID();

INSERT INTO `HareketKalemleri` (`BirimFiyat`, `HareketBaslikId`, `MalzemeId`, `Miktar`, `SatirAciklamasi`)
VALUES (@p555, @p556, @p557, @p558, @p559);
SELECT `Id`
FROM `HareketKalemleri`
WHERE ROW_COUNT() = 1 AND `Id` = LAST_INSERT_ID();

INSERT INTO `HareketKalemleri` (`BirimFiyat`, `HareketBaslikId`, `MalzemeId`, `Miktar`, `SatirAciklamasi`)
VALUES (@p560, @p561, @p562, @p563, @p564);
SELECT `Id`
FROM `HareketKalemleri`
WHERE ROW_COUNT() = 1 AND `Id` = LAST_INSERT_ID();

INSERT INTO `HareketKalemleri` (`BirimFiyat`, `HareketBaslikId`, `MalzemeId`, `Miktar`, `SatirAciklamasi`)
VALUES (@p565, @p566, @p567, @p568, @p569);
SELECT `Id`
FROM `HareketKalemleri`
WHERE ROW_COUNT() = 1 AND `Id` = LAST_INSERT_ID();

INSERT INTO `HareketKalemleri` (`BirimFiyat`, `HareketBaslikId`, `MalzemeId`, `Miktar`, `SatirAciklamasi`)
VALUES (@p570, @p571, @p572, @p573, @p574);
SELECT `Id`
FROM `HareketKalemleri`
WHERE ROW_COUNT() = 1 AND `Id` = LAST_INSERT_ID();

INSERT INTO `HareketKalemleri` (`BirimFiyat`, `HareketBaslikId`, `MalzemeId`, `Miktar`, `SatirAciklamasi`)
VALUES (@p575, @p576, @p577, @p578, @p579);
SELECT `Id`
FROM `HareketKalemleri`
WHERE ROW_COUNT() = 1 AND `Id` = LAST_INSERT_ID();

INSERT INTO `HareketKalemleri` (`BirimFiyat`, `HareketBaslikId`, `MalzemeId`, `Miktar`, `SatirAciklamasi`)
VALUES (@p580, @p581, @p582, @p583, @p584);
SELECT `Id`
FROM `HareketKalemleri`
WHERE ROW_COUNT() = 1 AND `Id` = LAST_INSERT_ID();

INSERT INTO `HareketKalemleri` (`BirimFiyat`, `HareketBaslikId`, `MalzemeId`, `Miktar`, `SatirAciklamasi`)
VALUES (@p585, @p586, @p587, @p588, @p589);
SELECT `Id`
FROM `HareketKalemleri`
WHERE ROW_COUNT() = 1 AND `Id` = LAST_INSERT_ID();

INSERT INTO `HareketKalemleri` (`BirimFiyat`, `HareketBaslikId`, `MalzemeId`, `Miktar`, `SatirAciklamasi`)
VALUES (@p590, @p591, @p592, @p593, @p594);
SELECT `Id`
FROM `HareketKalemleri`
WHERE ROW_COUNT() = 1 AND `Id` = LAST_INSERT_ID();

INSERT INTO `HareketKalemleri` (`BirimFiyat`, `HareketBaslikId`, `MalzemeId`, `Miktar`, `SatirAciklamasi`)
VALUES (@p595, @p596, @p597, @p598, @p599);
SELECT `Id`
FROM `HareketKalemleri`
WHERE ROW_COUNT() = 1 AND `Id` = LAST_INSERT_ID();

INSERT INTO `HareketKalemleri` (`BirimFiyat`, `HareketBaslikId`, `MalzemeId`, `Miktar`, `SatirAciklamasi`)
VALUES (@p600, @p601, @p602, @p603, @p604);
SELECT `Id`
FROM `HareketKalemleri`
WHERE ROW_COUNT() = 1 AND `Id` = LAST_INSERT_ID();

INSERT INTO `HareketKalemleri` (`BirimFiyat`, `HareketBaslikId`, `MalzemeId`, `Miktar`, `SatirAciklamasi`)
VALUES (@p605, @p606, @p607, @p608, @p609);
SELECT `Id`
FROM `HareketKalemleri`
WHERE ROW_COUNT() = 1 AND `Id` = LAST_INSERT_ID();

INSERT INTO `HareketKalemleri` (`BirimFiyat`, `HareketBaslikId`, `MalzemeId`, `Miktar`, `SatirAciklamasi`)
VALUES (@p610, @p611, @p612, @p613, @p614);
SELECT `Id`
FROM `HareketKalemleri`
WHERE ROW_COUNT() = 1 AND `Id` = LAST_INSERT_ID();

INSERT INTO `HareketKalemleri` (`BirimFiyat`, `HareketBaslikId`, `MalzemeId`, `Miktar`, `SatirAciklamasi`)
VALUES (@p615, @p616, @p617, @p618, @p619);
SELECT `Id`
FROM `HareketKalemleri`
WHERE ROW_COUNT() = 1 AND `Id` = LAST_INSERT_ID();

INSERT INTO `HareketKalemleri` (`BirimFiyat`, `HareketBaslikId`, `MalzemeId`, `Miktar`, `SatirAciklamasi`)
VALUES (@p620, @p621, @p622, @p623, @p624);
SELECT `Id`
FROM `HareketKalemleri`
WHERE ROW_COUNT() = 1 AND `Id` = LAST_INSERT_ID();

INSERT INTO `HareketKalemleri` (`BirimFiyat`, `HareketBaslikId`, `MalzemeId`, `Miktar`, `SatirAciklamasi`)
VALUES (@p625, @p626, @p627, @p628, @p629);
SELECT `Id`
FROM `HareketKalemleri`
WHERE ROW_COUNT() = 1 AND `Id` = LAST_INSERT_ID();

INSERT INTO `HareketKalemleri` (`BirimFiyat`, `HareketBaslikId`, `MalzemeId`, `Miktar`, `SatirAciklamasi`)
VALUES (@p630, @p631, @p632, @p633, @p634);
SELECT `Id`
FROM `HareketKalemleri`
WHERE ROW_COUNT() = 1 AND `Id` = LAST_INSERT_ID();

INSERT INTO `HareketKalemleri` (`BirimFiyat`, `HareketBaslikId`, `MalzemeId`, `Miktar`, `SatirAciklamasi`)
VALUES (@p635, @p636, @p637, @p638, @p639);
SELECT `Id`
FROM `HareketKalemleri`
WHERE ROW_COUNT() = 1 AND `Id` = LAST_INSERT_ID();

INSERT INTO `HareketKalemleri` (`BirimFiyat`, `HareketBaslikId`, `MalzemeId`, `Miktar`, `SatirAciklamasi`)
VALUES (@p640, @p641, @p642, @p643, @p644);
SELECT `Id`
FROM `HareketKalemleri`
WHERE ROW_COUNT() = 1 AND `Id` = LAST_INSERT_ID();

INSERT INTO `HareketKalemleri` (`BirimFiyat`, `HareketBaslikId`, `MalzemeId`, `Miktar`, `SatirAciklamasi`)
VALUES (@p645, @p646, @p647, @p648, @p649);
SELECT `Id`
FROM `HareketKalemleri`
WHERE ROW_COUNT() = 1 AND `Id` = LAST_INSERT_ID();
2026-08-13 14:33:49.267 +03:00 [INF] Executed DbCommand (1ms) [Parameters=[@p0='?' (DbType = Decimal), @p1='?' (DbType = Int32), @p2='?' (DbType = Int32), @p3='?' (DbType = Decimal), @p4='?' (Size = 150), @p5='?' (DbType = Decimal), @p6='?' (DbType = Int32), @p7='?' (DbType = Int32), @p8='?' (DbType = Decimal), @p9='?' (Size = 150), @p10='?' (DbType = Decimal), @p11='?' (DbType = Int32), @p12='?' (DbType = Int32), @p13='?' (DbType = Decimal), @p14='?' (Size = 150), @p15='?' (DbType = Decimal), @p16='?' (DbType = Int32), @p17='?' (DbType = Int32), @p18='?' (DbType = Decimal), @p19='?' (Size = 150), @p20='?' (DbType = Decimal), @p21='?' (DbType = Int32), @p22='?' (DbType = Int32), @p23='?' (DbType = Decimal), @p24='?' (Size = 150), @p25='?' (DbType = Decimal), @p26='?' (DbType = Int32), @p27='?' (DbType = Int32), @p28='?' (DbType = Decimal), @p29='?' (Size = 150), @p30='?' (DbType = Decimal), @p31='?' (DbType = Int32), @p32='?' (DbType = Int32), @p33='?' (DbType = Decimal), @p34='?' (Size = 150), @p35='?' (DbType = Decimal), @p36='?' (DbType = Int32), @p37='?' (DbType = Int32), @p38='?' (DbType = Decimal), @p39='?' (Size = 150), @p40='?' (DbType = Decimal), @p41='?' (DbType = Int32), @p42='?' (DbType = Int32), @p43='?' (DbType = Decimal), @p44='?' (Size = 150), @p45='?' (DbType = Decimal), @p46='?' (DbType = Int32), @p47='?' (DbType = Int32), @p48='?' (DbType = Decimal), @p49='?' (Size = 150), @p50='?' (DbType = Decimal), @p51='?' (DbType = Int32), @p52='?' (DbType = Int32), @p53='?' (DbType = Decimal), @p54='?' (Size = 150), @p55='?' (DbType = Decimal), @p56='?' (DbType = Int32), @p57='?' (DbType = Int32), @p58='?' (DbType = Decimal), @p59='?' (Size = 150), @p60='?' (DbType = Decimal), @p61='?' (DbType = Int32), @p62='?' (DbType = Int32), @p63='?' (DbType = Decimal), @p64='?' (Size = 150), @p65='?' (DbType = Decimal), @p66='?' (DbType = Int32), @p67='?' (DbType = Int32), @p68='?' (DbType = Decimal), @p69='?' (Size = 150), @p70='?' (DbType = Decimal), @p71='?' (DbType = Int32), @p72='?' (DbType = Int32), @p73='?' (DbType = Decimal), @p74='?' (Size = 150), @p75='?' (DbType = Decimal), @p76='?' (DbType = Int32), @p77='?' (DbType = Int32), @p78='?' (DbType = Decimal), @p79='?' (Size = 150), @p80='?' (DbType = Decimal), @p81='?' (DbType = Int32), @p82='?' (DbType = Int32), @p83='?' (DbType = Decimal), @p84='?' (Size = 150), @p85='?' (DbType = Decimal), @p86='?' (DbType = Int32), @p87='?' (DbType = Int32), @p88='?' (DbType = Decimal), @p89='?' (Size = 150), @p90='?' (DbType = Decimal), @p91='?' (DbType = Int32), @p92='?' (DbType = Int32), @p93='?' (DbType = Decimal), @p94='?' (Size = 150), @p95='?' (DbType = Decimal), @p96='?' (DbType = Int32), @p97='?' (DbType = Int32), @p98='?' (DbType = Decimal), @p99='?' (Size = 150), @p100='?' (DbType = Decimal), @p101='?' (DbType = Int32), @p102='?' (DbType = Int32), @p103='?' (DbType = Decimal), @p104='?' (Size = 150), @p105='?' (DbType = Decimal), @p106='?' (DbType = Int32), @p107='?' (DbType = Int32), @p108='?' (DbType = Decimal), @p109='?' (Size = 150), @p110='?' (DbType = Decimal), @p111='?' (DbType = Int32), @p112='?' (DbType = Int32), @p113='?' (DbType = Decimal), @p114='?' (Size = 150), @p115='?' (DbType = Decimal), @p116='?' (DbType = Int32), @p117='?' (DbType = Int32), @p118='?' (DbType = Decimal), @p119='?' (Size = 150), @p120='?' (DbType = Decimal), @p121='?' (DbType = Int32), @p122='?' (DbType = Int32), @p123='?' (DbType = Decimal), @p124='?' (Size = 150), @p125='?' (DbType = Decimal), @p126='?' (DbType = Int32), @p127='?' (DbType = Int32), @p128='?' (DbType = Decimal), @p129='?' (Size = 150), @p130='?' (DbType = Decimal), @p131='?' (DbType = Int32), @p132='?' (DbType = Int32), @p133='?' (DbType = Decimal), @p134='?' (Size = 150), @p135='?' (DbType = Decimal), @p136='?' (DbType = Int32), @p137='?' (DbType = Int32), @p138='?' (DbType = Decimal), @p139='?' (Size = 150), @p140='?' (DbType = Decimal), @p141='?' (DbType = Int32), @p142='?' (DbType = Int32), @p143='?' (DbType = Decimal), @p144='?' (Size = 150), @p145='?' (DbType = Decimal), @p146='?' (DbType = Int32), @p147='?' (DbType = Int32), @p148='?' (DbType = Decimal), @p149='?' (Size = 150), @p150='?' (DbType = Decimal), @p151='?' (DbType = Int32), @p152='?' (DbType = Int32), @p153='?' (DbType = Decimal), @p154='?' (Size = 150), @p155='?' (DbType = Decimal), @p156='?' (DbType = Int32), @p157='?' (DbType = Int32), @p158='?' (DbType = Decimal), @p159='?' (Size = 150), @p160='?' (DbType = Decimal), @p161='?' (DbType = Int32), @p162='?' (DbType = Int32), @p163='?' (DbType = Decimal), @p164='?' (Size = 150), @p165='?' (DbType = Decimal), @p166='?' (DbType = Int32), @p167='?' (DbType = Int32), @p168='?' (DbType = Decimal), @p169='?' (Size = 150), @p170='?' (DbType = Decimal), @p171='?' (DbType = Int32), @p172='?' (DbType = Int32), @p173='?' (DbType = Decimal), @p174='?' (Size = 150), @p175='?' (DbType = Decimal), @p176='?' (DbType = Int32), @p177='?' (DbType = Int32), @p178='?' (DbType = Decimal), @p179='?' (Size = 150), @p180='?' (DbType = Decimal), @p181='?' (DbType = Int32), @p182='?' (DbType = Int32), @p183='?' (DbType = Decimal), @p184='?' (Size = 150), @p185='?' (DbType = Decimal), @p186='?' (DbType = Int32), @p187='?' (DbType = Int32), @p188='?' (DbType = Decimal), @p189='?' (Size = 150), @p190='?' (DbType = Decimal), @p191='?' (DbType = Int32), @p192='?' (DbType = Int32), @p193='?' (DbType = Decimal), @p194='?' (Size = 150), @p195='?' (DbType = Decimal), @p196='?' (DbType = Int32), @p197='?' (DbType = Int32), @p198='?' (DbType = Decimal), @p199='?' (Size = 150), @p200='?' (DbType = Decimal), @p201='?' (DbType = Int32), @p202='?' (DbType = Int32), @p203='?' (DbType = Decimal), @p204='?' (Size = 150), @p205='?' (DbType = Decimal), @p206='?' (DbType = Int32), @p207='?' (DbType = Int32), @p208='?' (DbType = Decimal), @p209='?' (Size = 150)], CommandType='"Text"', CommandTimeout='30']
INSERT INTO `HareketKalemleri` (`BirimFiyat`, `HareketBaslikId`, `MalzemeId`, `Miktar`, `SatirAciklamasi`)
VALUES (@p0, @p1, @p2, @p3, @p4);
SELECT `Id`
FROM `HareketKalemleri`
WHERE ROW_COUNT() = 1 AND `Id` = LAST_INSERT_ID();

INSERT INTO `HareketKalemleri` (`BirimFiyat`, `HareketBaslikId`, `MalzemeId`, `Miktar`, `SatirAciklamasi`)
VALUES (@p5, @p6, @p7, @p8, @p9);
SELECT `Id`
FROM `HareketKalemleri`
WHERE ROW_COUNT() = 1 AND `Id` = LAST_INSERT_ID();

INSERT INTO `HareketKalemleri` (`BirimFiyat`, `HareketBaslikId`, `MalzemeId`, `Miktar`, `SatirAciklamasi`)
VALUES (@p10, @p11, @p12, @p13, @p14);
SELECT `Id`
FROM `HareketKalemleri`
WHERE ROW_COUNT() = 1 AND `Id` = LAST_INSERT_ID();

INSERT INTO `HareketKalemleri` (`BirimFiyat`, `HareketBaslikId`, `MalzemeId`, `Miktar`, `SatirAciklamasi`)
VALUES (@p15, @p16, @p17, @p18, @p19);
SELECT `Id`
FROM `HareketKalemleri`
WHERE ROW_COUNT() = 1 AND `Id` = LAST_INSERT_ID();

INSERT INTO `HareketKalemleri` (`BirimFiyat`, `HareketBaslikId`, `MalzemeId`, `Miktar`, `SatirAciklamasi`)
VALUES (@p20, @p21, @p22, @p23, @p24);
SELECT `Id`
FROM `HareketKalemleri`
WHERE ROW_COUNT() = 1 AND `Id` = LAST_INSERT_ID();

INSERT INTO `HareketKalemleri` (`BirimFiyat`, `HareketBaslikId`, `MalzemeId`, `Miktar`, `SatirAciklamasi`)
VALUES (@p25, @p26, @p27, @p28, @p29);
SELECT `Id`
FROM `HareketKalemleri`
WHERE ROW_COUNT() = 1 AND `Id` = LAST_INSERT_ID();

INSERT INTO `HareketKalemleri` (`BirimFiyat`, `HareketBaslikId`, `MalzemeId`, `Miktar`, `SatirAciklamasi`)
VALUES (@p30, @p31, @p32, @p33, @p34);
SELECT `Id`
FROM `HareketKalemleri`
WHERE ROW_COUNT() = 1 AND `Id` = LAST_INSERT_ID();

INSERT INTO `HareketKalemleri` (`BirimFiyat`, `HareketBaslikId`, `MalzemeId`, `Miktar`, `SatirAciklamasi`)
VALUES (@p35, @p36, @p37, @p38, @p39);
SELECT `Id`
FROM `HareketKalemleri`
WHERE ROW_COUNT() = 1 AND `Id` = LAST_INSERT_ID();

INSERT INTO `HareketKalemleri` (`BirimFiyat`, `HareketBaslikId`, `MalzemeId`, `Miktar`, `SatirAciklamasi`)
VALUES (@p40, @p41, @p42, @p43, @p44);
SELECT `Id`
FROM `HareketKalemleri`
WHERE ROW_COUNT() = 1 AND `Id` = LAST_INSERT_ID();

INSERT INTO `HareketKalemleri` (`BirimFiyat`, `HareketBaslikId`, `MalzemeId`, `Miktar`, `SatirAciklamasi`)
VALUES (@p45, @p46, @p47, @p48, @p49);
SELECT `Id`
FROM `HareketKalemleri`
WHERE ROW_COUNT() = 1 AND `Id` = LAST_INSERT_ID();

INSERT INTO `HareketKalemleri` (`BirimFiyat`, `HareketBaslikId`, `MalzemeId`, `Miktar`, `SatirAciklamasi`)
VALUES (@p50, @p51, @p52, @p53, @p54);
SELECT `Id`
FROM `HareketKalemleri`
WHERE ROW_COUNT() = 1 AND `Id` = LAST_INSERT_ID();

INSERT INTO `HareketKalemleri` (`BirimFiyat`, `HareketBaslikId`, `MalzemeId`, `Miktar`, `SatirAciklamasi`)
VALUES (@p55, @p56, @p57, @p58, @p59);
SELECT `Id`
FROM `HareketKalemleri`
WHERE ROW_COUNT() = 1 AND `Id` = LAST_INSERT_ID();

INSERT INTO `HareketKalemleri` (`BirimFiyat`, `HareketBaslikId`, `MalzemeId`, `Miktar`, `SatirAciklamasi`)
VALUES (@p60, @p61, @p62, @p63, @p64);
SELECT `Id`
FROM `HareketKalemleri`
WHERE ROW_COUNT() = 1 AND `Id` = LAST_INSERT_ID();

INSERT INTO `HareketKalemleri` (`BirimFiyat`, `HareketBaslikId`, `MalzemeId`, `Miktar`, `SatirAciklamasi`)
VALUES (@p65, @p66, @p67, @p68, @p69);
SELECT `Id`
FROM `HareketKalemleri`
WHERE ROW_COUNT() = 1 AND `Id` = LAST_INSERT_ID();

INSERT INTO `HareketKalemleri` (`BirimFiyat`, `HareketBaslikId`, `MalzemeId`, `Miktar`, `SatirAciklamasi`)
VALUES (@p70, @p71, @p72, @p73, @p74);
SELECT `Id`
FROM `HareketKalemleri`
WHERE ROW_COUNT() = 1 AND `Id` = LAST_INSERT_ID();

INSERT INTO `HareketKalemleri` (`BirimFiyat`, `HareketBaslikId`, `MalzemeId`, `Miktar`, `SatirAciklamasi`)
VALUES (@p75, @p76, @p77, @p78, @p79);
SELECT `Id`
FROM `HareketKalemleri`
WHERE ROW_COUNT() = 1 AND `Id` = LAST_INSERT_ID();

INSERT INTO `HareketKalemleri` (`BirimFiyat`, `HareketBaslikId`, `MalzemeId`, `Miktar`, `SatirAciklamasi`)
VALUES (@p80, @p81, @p82, @p83, @p84);
SELECT `Id`
FROM `HareketKalemleri`
WHERE ROW_COUNT() = 1 AND `Id` = LAST_INSERT_ID();

INSERT INTO `HareketKalemleri` (`BirimFiyat`, `HareketBaslikId`, `MalzemeId`, `Miktar`, `SatirAciklamasi`)
VALUES (@p85, @p86, @p87, @p88, @p89);
SELECT `Id`
FROM `HareketKalemleri`
WHERE ROW_COUNT() = 1 AND `Id` = LAST_INSERT_ID();

INSERT INTO `HareketKalemleri` (`BirimFiyat`, `HareketBaslikId`, `MalzemeId`, `Miktar`, `SatirAciklamasi`)
VALUES (@p90, @p91, @p92, @p93, @p94);
SELECT `Id`
FROM `HareketKalemleri`
WHERE ROW_COUNT() = 1 AND `Id` = LAST_INSERT_ID();

INSERT INTO `HareketKalemleri` (`BirimFiyat`, `HareketBaslikId`, `MalzemeId`, `Miktar`, `SatirAciklamasi`)
VALUES (@p95, @p96, @p97, @p98, @p99);
SELECT `Id`
FROM `HareketKalemleri`
WHERE ROW_COUNT() = 1 AND `Id` = LAST_INSERT_ID();

INSERT INTO `HareketKalemleri` (`BirimFiyat`, `HareketBaslikId`, `MalzemeId`, `Miktar`, `SatirAciklamasi`)
VALUES (@p100, @p101, @p102, @p103, @p104);
SELECT `Id`
FROM `HareketKalemleri`
WHERE ROW_COUNT() = 1 AND `Id` = LAST_INSERT_ID();

INSERT INTO `HareketKalemleri` (`BirimFiyat`, `HareketBaslikId`, `MalzemeId`, `Miktar`, `SatirAciklamasi`)
VALUES (@p105, @p106, @p107, @p108, @p109);
SELECT `Id`
FROM `HareketKalemleri`
WHERE ROW_COUNT() = 1 AND `Id` = LAST_INSERT_ID();

INSERT INTO `HareketKalemleri` (`BirimFiyat`, `HareketBaslikId`, `MalzemeId`, `Miktar`, `SatirAciklamasi`)
VALUES (@p110, @p111, @p112, @p113, @p114);
SELECT `Id`
FROM `HareketKalemleri`
WHERE ROW_COUNT() = 1 AND `Id` = LAST_INSERT_ID();

INSERT INTO `HareketKalemleri` (`BirimFiyat`, `HareketBaslikId`, `MalzemeId`, `Miktar`, `SatirAciklamasi`)
VALUES (@p115, @p116, @p117, @p118, @p119);
SELECT `Id`
FROM `HareketKalemleri`
WHERE ROW_COUNT() = 1 AND `Id` = LAST_INSERT_ID();

INSERT INTO `HareketKalemleri` (`BirimFiyat`, `HareketBaslikId`, `MalzemeId`, `Miktar`, `SatirAciklamasi`)
VALUES (@p120, @p121, @p122, @p123, @p124);
SELECT `Id`
FROM `HareketKalemleri`
WHERE ROW_COUNT() = 1 AND `Id` = LAST_INSERT_ID();

INSERT INTO `HareketKalemleri` (`BirimFiyat`, `HareketBaslikId`, `MalzemeId`, `Miktar`, `SatirAciklamasi`)
VALUES (@p125, @p126, @p127, @p128, @p129);
SELECT `Id`
FROM `HareketKalemleri`
WHERE ROW_COUNT() = 1 AND `Id` = LAST_INSERT_ID();

INSERT INTO `HareketKalemleri` (`BirimFiyat`, `HareketBaslikId`, `MalzemeId`, `Miktar`, `SatirAciklamasi`)
VALUES (@p130, @p131, @p132, @p133, @p134);
SELECT `Id`
FROM `HareketKalemleri`
WHERE ROW_COUNT() = 1 AND `Id` = LAST_INSERT_ID();

INSERT INTO `HareketKalemleri` (`BirimFiyat`, `HareketBaslikId`, `MalzemeId`, `Miktar`, `SatirAciklamasi`)
VALUES (@p135, @p136, @p137, @p138, @p139);
SELECT `Id`
FROM `HareketKalemleri`
WHERE ROW_COUNT() = 1 AND `Id` = LAST_INSERT_ID();

INSERT INTO `HareketKalemleri` (`BirimFiyat`, `HareketBaslikId`, `MalzemeId`, `Miktar`, `SatirAciklamasi`)
VALUES (@p140, @p141, @p142, @p143, @p144);
SELECT `Id`
FROM `HareketKalemleri`
WHERE ROW_COUNT() = 1 AND `Id` = LAST_INSERT_ID();

INSERT INTO `HareketKalemleri` (`BirimFiyat`, `HareketBaslikId`, `MalzemeId`, `Miktar`, `SatirAciklamasi`)
VALUES (@p145, @p146, @p147, @p148, @p149);
SELECT `Id`
FROM `HareketKalemleri`
WHERE ROW_COUNT() = 1 AND `Id` = LAST_INSERT_ID();

INSERT INTO `HareketKalemleri` (`BirimFiyat`, `HareketBaslikId`, `MalzemeId`, `Miktar`, `SatirAciklamasi`)
VALUES (@p150, @p151, @p152, @p153, @p154);
SELECT `Id`
FROM `HareketKalemleri`
WHERE ROW_COUNT() = 1 AND `Id` = LAST_INSERT_ID();

INSERT INTO `HareketKalemleri` (`BirimFiyat`, `HareketBaslikId`, `MalzemeId`, `Miktar`, `SatirAciklamasi`)
VALUES (@p155, @p156, @p157, @p158, @p159);
SELECT `Id`
FROM `HareketKalemleri`
WHERE ROW_COUNT() = 1 AND `Id` = LAST_INSERT_ID();

INSERT INTO `HareketKalemleri` (`BirimFiyat`, `HareketBaslikId`, `MalzemeId`, `Miktar`, `SatirAciklamasi`)
VALUES (@p160, @p161, @p162, @p163, @p164);
SELECT `Id`
FROM `HareketKalemleri`
WHERE ROW_COUNT() = 1 AND `Id` = LAST_INSERT_ID();

INSERT INTO `HareketKalemleri` (`BirimFiyat`, `HareketBaslikId`, `MalzemeId`, `Miktar`, `SatirAciklamasi`)
VALUES (@p165, @p166, @p167, @p168, @p169);
SELECT `Id`
FROM `HareketKalemleri`
WHERE ROW_COUNT() = 1 AND `Id` = LAST_INSERT_ID();

INSERT INTO `HareketKalemleri` (`BirimFiyat`, `HareketBaslikId`, `MalzemeId`, `Miktar`, `SatirAciklamasi`)
VALUES (@p170, @p171, @p172, @p173, @p174);
SELECT `Id`
FROM `HareketKalemleri`
WHERE ROW_COUNT() = 1 AND `Id` = LAST_INSERT_ID();

INSERT INTO `HareketKalemleri` (`BirimFiyat`, `HareketBaslikId`, `MalzemeId`, `Miktar`, `SatirAciklamasi`)
VALUES (@p175, @p176, @p177, @p178, @p179);
SELECT `Id`
FROM `HareketKalemleri`
WHERE ROW_COUNT() = 1 AND `Id` = LAST_INSERT_ID();

INSERT INTO `HareketKalemleri` (`BirimFiyat`, `HareketBaslikId`, `MalzemeId`, `Miktar`, `SatirAciklamasi`)
VALUES (@p180, @p181, @p182, @p183, @p184);
SELECT `Id`
FROM `HareketKalemleri`
WHERE ROW_COUNT() = 1 AND `Id` = LAST_INSERT_ID();

INSERT INTO `HareketKalemleri` (`BirimFiyat`, `HareketBaslikId`, `MalzemeId`, `Miktar`, `SatirAciklamasi`)
VALUES (@p185, @p186, @p187, @p188, @p189);
SELECT `Id`
FROM `HareketKalemleri`
WHERE ROW_COUNT() = 1 AND `Id` = LAST_INSERT_ID();

INSERT INTO `HareketKalemleri` (`BirimFiyat`, `HareketBaslikId`, `MalzemeId`, `Miktar`, `SatirAciklamasi`)
VALUES (@p190, @p191, @p192, @p193, @p194);
SELECT `Id`
FROM `HareketKalemleri`
WHERE ROW_COUNT() = 1 AND `Id` = LAST_INSERT_ID();

INSERT INTO `HareketKalemleri` (`BirimFiyat`, `HareketBaslikId`, `MalzemeId`, `Miktar`, `SatirAciklamasi`)
VALUES (@p195, @p196, @p197, @p198, @p199);
SELECT `Id`
FROM `HareketKalemleri`
WHERE ROW_COUNT() = 1 AND `Id` = LAST_INSERT_ID();

INSERT INTO `HareketKalemleri` (`BirimFiyat`, `HareketBaslikId`, `MalzemeId`, `Miktar`, `SatirAciklamasi`)
VALUES (@p200, @p201, @p202, @p203, @p204);
SELECT `Id`
FROM `HareketKalemleri`
WHERE ROW_COUNT() = 1 AND `Id` = LAST_INSERT_ID();

INSERT INTO `HareketKalemleri` (`BirimFiyat`, `HareketBaslikId`, `MalzemeId`, `Miktar`, `SatirAciklamasi`)
VALUES (@p205, @p206, @p207, @p208, @p209);
SELECT `Id`
FROM `HareketKalemleri`
WHERE ROW_COUNT() = 1 AND `Id` = LAST_INSERT_ID();
2026-08-13 14:33:49.284 +03:00 [INF] Executed DbCommand (1ms) [Parameters=[@p0='?' (DbType = Decimal), @p1='?' (DbType = Int32), @p2='?' (DbType = Int32), @p3='?' (DbType = Decimal), @p4='?' (Size = 150), @p5='?' (DbType = Decimal), @p6='?' (DbType = Int32), @p7='?' (DbType = Int32), @p8='?' (DbType = Decimal), @p9='?' (Size = 150), @p10='?' (DbType = Decimal), @p11='?' (DbType = Int32), @p12='?' (DbType = Int32), @p13='?' (DbType = Decimal), @p14='?' (Size = 150), @p15='?' (DbType = Decimal), @p16='?' (DbType = Int32), @p17='?' (DbType = Int32), @p18='?' (DbType = Decimal), @p19='?' (Size = 150), @p20='?' (DbType = Decimal), @p21='?' (DbType = Int32), @p22='?' (DbType = Int32), @p23='?' (DbType = Decimal), @p24='?' (Size = 150), @p25='?' (DbType = Decimal), @p26='?' (DbType = Int32), @p27='?' (DbType = Int32), @p28='?' (DbType = Decimal), @p29='?' (Size = 150), @p30='?' (DbType = Decimal), @p31='?' (DbType = Int32), @p32='?' (DbType = Int32), @p33='?' (DbType = Decimal), @p34='?' (Size = 150), @p35='?' (DbType = Decimal), @p36='?' (DbType = Int32), @p37='?' (DbType = Int32), @p38='?' (DbType = Decimal), @p39='?' (Size = 150), @p40='?' (DbType = Decimal), @p41='?' (DbType = Int32), @p42='?' (DbType = Int32), @p43='?' (DbType = Decimal), @p44='?' (Size = 150), @p45='?' (DbType = Decimal), @p46='?' (DbType = Int32), @p47='?' (DbType = Int32), @p48='?' (DbType = Decimal), @p49='?' (Size = 150), @p50='?' (DbType = Decimal), @p51='?' (DbType = Int32), @p52='?' (DbType = Int32), @p53='?' (DbType = Decimal), @p54='?' (Size = 150), @p55='?' (DbType = Decimal), @p56='?' (DbType = Int32), @p57='?' (DbType = Int32), @p58='?' (DbType = Decimal), @p59='?' (Size = 150), @p60='?' (DbType = Decimal), @p61='?' (DbType = Int32), @p62='?' (DbType = Int32), @p63='?' (DbType = Decimal), @p64='?' (Size = 150), @p65='?' (DbType = Decimal), @p66='?' (DbType = Int32), @p67='?' (DbType = Int32), @p68='?' (DbType = Decimal), @p69='?' (Size = 150), @p70='?' (DbType = Decimal), @p71='?' (DbType = Int32), @p72='?' (DbType = Int32), @p73='?' (DbType = Decimal), @p74='?' (Size = 150), @p75='?' (DbType = Decimal), @p76='?' (DbType = Int32), @p77='?' (DbType = Int32), @p78='?' (DbType = Decimal), @p79='?' (Size = 150), @p80='?' (DbType = Decimal), @p81='?' (DbType = Int32), @p82='?' (DbType = Int32), @p83='?' (DbType = Decimal), @p84='?' (Size = 150), @p85='?' (DbType = Decimal), @p86='?' (DbType = Int32), @p87='?' (DbType = Int32), @p88='?' (DbType = Decimal), @p89='?' (Size = 150), @p90='?' (DbType = Decimal), @p91='?' (DbType = Int32), @p92='?' (DbType = Int32), @p93='?' (DbType = Decimal), @p94='?' (Size = 150), @p95='?' (DbType = Decimal), @p96='?' (DbType = Int32), @p97='?' (DbType = Int32), @p98='?' (DbType = Decimal), @p99='?' (Size = 150), @p100='?' (DbType = Decimal), @p101='?' (DbType = Int32), @p102='?' (DbType = Int32), @p103='?' (DbType = Decimal), @p104='?' (Size = 150), @p105='?' (DbType = Decimal), @p106='?' (DbType = Int32), @p107='?' (DbType = Int32), @p108='?' (DbType = Decimal), @p109='?' (Size = 150), @p110='?' (DbType = Decimal), @p111='?' (DbType = Int32), @p112='?' (DbType = Int32), @p113='?' (DbType = Decimal), @p114='?' (Size = 150), @p115='?' (DbType = Decimal), @p116='?' (DbType = Int32), @p117='?' (DbType = Int32), @p118='?' (DbType = Decimal), @p119='?' (Size = 150), @p120='?' (DbType = Decimal), @p121='?' (DbType = Int32), @p122='?' (DbType = Int32), @p123='?' (DbType = Decimal), @p124='?' (Size = 150), @p125='?' (DbType = Decimal), @p126='?' (DbType = Int32), @p127='?' (DbType = Int32), @p128='?' (DbType = Decimal), @p129='?' (Size = 150), @p130='?' (DbType = Decimal), @p131='?' (DbType = Int32), @p132='?' (DbType = Int32), @p133='?' (DbType = Decimal), @p134='?' (Size = 150), @p135='?' (DbType = Decimal), @p136='?' (DbType = Int32), @p137='?' (DbType = Int32), @p138='?' (DbType = Decimal), @p139='?' (Size = 150), @p140='?' (DbType = Decimal), @p141='?' (DbType = Int32), @p142='?' (DbType = Int32), @p143='?' (DbType = Decimal), @p144='?' (Size = 150), @p145='?' (DbType = Decimal), @p146='?' (DbType = Int32), @p147='?' (DbType = Int32), @p148='?' (DbType = Decimal), @p149='?' (Size = 150), @p150='?' (DbType = Decimal), @p151='?' (DbType = Int32), @p152='?' (DbType = Int32), @p153='?' (DbType = Decimal), @p154='?' (Size = 150), @p155='?' (DbType = Decimal), @p156='?' (DbType = Int32), @p157='?' (DbType = Int32), @p158='?' (DbType = Decimal), @p159='?' (Size = 150), @p160='?' (DbType = Decimal), @p161='?' (DbType = Int32), @p162='?' (DbType = Int32), @p163='?' (DbType = Decimal), @p164='?' (Size = 150), @p165='?' (DbType = Decimal), @p166='?' (DbType = Int32), @p167='?' (DbType = Int32), @p168='?' (DbType = Decimal), @p169='?' (Size = 150), @p170='?' (DbType = Decimal), @p171='?' (DbType = Int32), @p172='?' (DbType = Int32), @p173='?' (DbType = Decimal), @p174='?' (Size = 150), @p175='?' (DbType = Decimal), @p176='?' (DbType = Int32), @p177='?' (DbType = Int32), @p178='?' (DbType = Decimal), @p179='?' (Size = 150), @p180='?' (DbType = Decimal), @p181='?' (DbType = Int32), @p182='?' (DbType = Int32), @p183='?' (DbType = Decimal), @p184='?' (Size = 150), @p185='?' (DbType = Decimal), @p186='?' (DbType = Int32), @p187='?' (DbType = Int32), @p188='?' (DbType = Decimal), @p189='?' (Size = 150), @p190='?' (DbType = Decimal), @p191='?' (DbType = Int32), @p192='?' (DbType = Int32), @p193='?' (DbType = Decimal), @p194='?' (Size = 150), @p195='?' (DbType = Decimal), @p196='?' (DbType = Int32), @p197='?' (DbType = Int32), @p198='?' (DbType = Decimal), @p199='?' (Size = 150), @p200='?' (DbType = Decimal), @p201='?' (DbType = Int32), @p202='?' (DbType = Int32), @p203='?' (DbType = Decimal), @p204='?' (Size = 150), @p205='?' (DbType = Decimal), @p206='?' (DbType = Int32), @p207='?' (DbType = Int32), @p208='?' (DbType = Decimal), @p209='?' (Size = 150)], CommandType='"Text"', CommandTimeout='30']
INSERT INTO `HareketKalemleri` (`BirimFiyat`, `HareketBaslikId`, `MalzemeId`, `Miktar`, `SatirAciklamasi`)
VALUES (@p0, @p1, @p2, @p3, @p4);
SELECT `Id`
FROM `HareketKalemleri`
WHERE ROW_COUNT() = 1 AND `Id` = LAST_INSERT_ID();

INSERT INTO `HareketKalemleri` (`BirimFiyat`, `HareketBaslikId`, `MalzemeId`, `Miktar`, `SatirAciklamasi`)
VALUES (@p5, @p6, @p7, @p8, @p9);
SELECT `Id`
FROM `HareketKalemleri`
WHERE ROW_COUNT() = 1 AND `Id` = LAST_INSERT_ID();

INSERT INTO `HareketKalemleri` (`BirimFiyat`, `HareketBaslikId`, `MalzemeId`, `Miktar`, `SatirAciklamasi`)
VALUES (@p10, @p11, @p12, @p13, @p14);
SELECT `Id`
FROM `HareketKalemleri`
WHERE ROW_COUNT() = 1 AND `Id` = LAST_INSERT_ID();

INSERT INTO `HareketKalemleri` (`BirimFiyat`, `HareketBaslikId`, `MalzemeId`, `Miktar`, `SatirAciklamasi`)
VALUES (@p15, @p16, @p17, @p18, @p19);
SELECT `Id`
FROM `HareketKalemleri`
WHERE ROW_COUNT() = 1 AND `Id` = LAST_INSERT_ID();

INSERT INTO `HareketKalemleri` (`BirimFiyat`, `HareketBaslikId`, `MalzemeId`, `Miktar`, `SatirAciklamasi`)
VALUES (@p20, @p21, @p22, @p23, @p24);
SELECT `Id`
FROM `HareketKalemleri`
WHERE ROW_COUNT() = 1 AND `Id` = LAST_INSERT_ID();

INSERT INTO `HareketKalemleri` (`BirimFiyat`, `HareketBaslikId`, `MalzemeId`, `Miktar`, `SatirAciklamasi`)
VALUES (@p25, @p26, @p27, @p28, @p29);
SELECT `Id`
FROM `HareketKalemleri`
WHERE ROW_COUNT() = 1 AND `Id` = LAST_INSERT_ID();

INSERT INTO `HareketKalemleri` (`BirimFiyat`, `HareketBaslikId`, `MalzemeId`, `Miktar`, `SatirAciklamasi`)
VALUES (@p30, @p31, @p32, @p33, @p34);
SELECT `Id`
FROM `HareketKalemleri`
WHERE ROW_COUNT() = 1 AND `Id` = LAST_INSERT_ID();

INSERT INTO `HareketKalemleri` (`BirimFiyat`, `HareketBaslikId`, `MalzemeId`, `Miktar`, `SatirAciklamasi`)
VALUES (@p35, @p36, @p37, @p38, @p39);
SELECT `Id`
FROM `HareketKalemleri`
WHERE ROW_COUNT() = 1 AND `Id` = LAST_INSERT_ID();

INSERT INTO `HareketKalemleri` (`BirimFiyat`, `HareketBaslikId`, `MalzemeId`, `Miktar`, `SatirAciklamasi`)
VALUES (@p40, @p41, @p42, @p43, @p44);
SELECT `Id`
FROM `HareketKalemleri`
WHERE ROW_COUNT() = 1 AND `Id` = LAST_INSERT_ID();

INSERT INTO `HareketKalemleri` (`BirimFiyat`, `HareketBaslikId`, `MalzemeId`, `Miktar`, `SatirAciklamasi`)
VALUES (@p45, @p46, @p47, @p48, @p49);
SELECT `Id`
FROM `HareketKalemleri`
WHERE ROW_COUNT() = 1 AND `Id` = LAST_INSERT_ID();

INSERT INTO `HareketKalemleri` (`BirimFiyat`, `HareketBaslikId`, `MalzemeId`, `Miktar`, `SatirAciklamasi`)
VALUES (@p50, @p51, @p52, @p53, @p54);
SELECT `Id`
FROM `HareketKalemleri`
WHERE ROW_COUNT() = 1 AND `Id` = LAST_INSERT_ID();

INSERT INTO `HareketKalemleri` (`BirimFiyat`, `HareketBaslikId`, `MalzemeId`, `Miktar`, `SatirAciklamasi`)
VALUES (@p55, @p56, @p57, @p58, @p59);
SELECT `Id`
FROM `HareketKalemleri`
WHERE ROW_COUNT() = 1 AND `Id` = LAST_INSERT_ID();

INSERT INTO `HareketKalemleri` (`BirimFiyat`, `HareketBaslikId`, `MalzemeId`, `Miktar`, `SatirAciklamasi`)
VALUES (@p60, @p61, @p62, @p63, @p64);
SELECT `Id`
FROM `HareketKalemleri`
WHERE ROW_COUNT() = 1 AND `Id` = LAST_INSERT_ID();

INSERT INTO `HareketKalemleri` (`BirimFiyat`, `HareketBaslikId`, `MalzemeId`, `Miktar`, `SatirAciklamasi`)
VALUES (@p65, @p66, @p67, @p68, @p69);
SELECT `Id`
FROM `HareketKalemleri`
WHERE ROW_COUNT() = 1 AND `Id` = LAST_INSERT_ID();

INSERT INTO `HareketKalemleri` (`BirimFiyat`, `HareketBaslikId`, `MalzemeId`, `Miktar`, `SatirAciklamasi`)
VALUES (@p70, @p71, @p72, @p73, @p74);
SELECT `Id`
FROM `HareketKalemleri`
WHERE ROW_COUNT() = 1 AND `Id` = LAST_INSERT_ID();

INSERT INTO `HareketKalemleri` (`BirimFiyat`, `HareketBaslikId`, `MalzemeId`, `Miktar`, `SatirAciklamasi`)
VALUES (@p75, @p76, @p77, @p78, @p79);
SELECT `Id`
FROM `HareketKalemleri`
WHERE ROW_COUNT() = 1 AND `Id` = LAST_INSERT_ID();

INSERT INTO `HareketKalemleri` (`BirimFiyat`, `HareketBaslikId`, `MalzemeId`, `Miktar`, `SatirAciklamasi`)
VALUES (@p80, @p81, @p82, @p83, @p84);
SELECT `Id`
FROM `HareketKalemleri`
WHERE ROW_COUNT() = 1 AND `Id` = LAST_INSERT_ID();

INSERT INTO `HareketKalemleri` (`BirimFiyat`, `HareketBaslikId`, `MalzemeId`, `Miktar`, `SatirAciklamasi`)
VALUES (@p85, @p86, @p87, @p88, @p89);
SELECT `Id`
FROM `HareketKalemleri`
WHERE ROW_COUNT() = 1 AND `Id` = LAST_INSERT_ID();

INSERT INTO `HareketKalemleri` (`BirimFiyat`, `HareketBaslikId`, `MalzemeId`, `Miktar`, `SatirAciklamasi`)
VALUES (@p90, @p91, @p92, @p93, @p94);
SELECT `Id`
FROM `HareketKalemleri`
WHERE ROW_COUNT() = 1 AND `Id` = LAST_INSERT_ID();

INSERT INTO `HareketKalemleri` (`BirimFiyat`, `HareketBaslikId`, `MalzemeId`, `Miktar`, `SatirAciklamasi`)
VALUES (@p95, @p96, @p97, @p98, @p99);
SELECT `Id`
FROM `HareketKalemleri`
WHERE ROW_COUNT() = 1 AND `Id` = LAST_INSERT_ID();

INSERT INTO `HareketKalemleri` (`BirimFiyat`, `HareketBaslikId`, `MalzemeId`, `Miktar`, `SatirAciklamasi`)
VALUES (@p100, @p101, @p102, @p103, @p104);
SELECT `Id`
FROM `HareketKalemleri`
WHERE ROW_COUNT() = 1 AND `Id` = LAST_INSERT_ID();

INSERT INTO `HareketKalemleri` (`BirimFiyat`, `HareketBaslikId`, `MalzemeId`, `Miktar`, `SatirAciklamasi`)
VALUES (@p105, @p106, @p107, @p108, @p109);
SELECT `Id`
FROM `HareketKalemleri`
WHERE ROW_COUNT() = 1 AND `Id` = LAST_INSERT_ID();

INSERT INTO `HareketKalemleri` (`BirimFiyat`, `HareketBaslikId`, `MalzemeId`, `Miktar`, `SatirAciklamasi`)
VALUES (@p110, @p111, @p112, @p113, @p114);
SELECT `Id`
FROM `HareketKalemleri`
WHERE ROW_COUNT() = 1 AND `Id` = LAST_INSERT_ID();

INSERT INTO `HareketKalemleri` (`BirimFiyat`, `HareketBaslikId`, `MalzemeId`, `Miktar`, `SatirAciklamasi`)
VALUES (@p115, @p116, @p117, @p118, @p119);
SELECT `Id`
FROM `HareketKalemleri`
WHERE ROW_COUNT() = 1 AND `Id` = LAST_INSERT_ID();

INSERT INTO `HareketKalemleri` (`BirimFiyat`, `HareketBaslikId`, `MalzemeId`, `Miktar`, `SatirAciklamasi`)
VALUES (@p120, @p121, @p122, @p123, @p124);
SELECT `Id`
FROM `HareketKalemleri`
WHERE ROW_COUNT() = 1 AND `Id` = LAST_INSERT_ID();

INSERT INTO `HareketKalemleri` (`BirimFiyat`, `HareketBaslikId`, `MalzemeId`, `Miktar`, `SatirAciklamasi`)
VALUES (@p125, @p126, @p127, @p128, @p129);
SELECT `Id`
FROM `HareketKalemleri`
WHERE ROW_COUNT() = 1 AND `Id` = LAST_INSERT_ID();

INSERT INTO `HareketKalemleri` (`BirimFiyat`, `HareketBaslikId`, `MalzemeId`, `Miktar`, `SatirAciklamasi`)
VALUES (@p130, @p131, @p132, @p133, @p134);
SELECT `Id`
FROM `HareketKalemleri`
WHERE ROW_COUNT() = 1 AND `Id` = LAST_INSERT_ID();

INSERT INTO `HareketKalemleri` (`BirimFiyat`, `HareketBaslikId`, `MalzemeId`, `Miktar`, `SatirAciklamasi`)
VALUES (@p135, @p136, @p137, @p138, @p139);
SELECT `Id`
FROM `HareketKalemleri`
WHERE ROW_COUNT() = 1 AND `Id` = LAST_INSERT_ID();

INSERT INTO `HareketKalemleri` (`BirimFiyat`, `HareketBaslikId`, `MalzemeId`, `Miktar`, `SatirAciklamasi`)
VALUES (@p140, @p141, @p142, @p143, @p144);
SELECT `Id`
FROM `HareketKalemleri`
WHERE ROW_COUNT() = 1 AND `Id` = LAST_INSERT_ID();

INSERT INTO `HareketKalemleri` (`BirimFiyat`, `HareketBaslikId`, `MalzemeId`, `Miktar`, `SatirAciklamasi`)
VALUES (@p145, @p146, @p147, @p148, @p149);
SELECT `Id`
FROM `HareketKalemleri`
WHERE ROW_COUNT() = 1 AND `Id` = LAST_INSERT_ID();

INSERT INTO `HareketKalemleri` (`BirimFiyat`, `HareketBaslikId`, `MalzemeId`, `Miktar`, `SatirAciklamasi`)
VALUES (@p150, @p151, @p152, @p153, @p154);
SELECT `Id`
FROM `HareketKalemleri`
WHERE ROW_COUNT() = 1 AND `Id` = LAST_INSERT_ID();

INSERT INTO `HareketKalemleri` (`BirimFiyat`, `HareketBaslikId`, `MalzemeId`, `Miktar`, `SatirAciklamasi`)
VALUES (@p155, @p156, @p157, @p158, @p159);
SELECT `Id`
FROM `HareketKalemleri`
WHERE ROW_COUNT() = 1 AND `Id` = LAST_INSERT_ID();

INSERT INTO `HareketKalemleri` (`BirimFiyat`, `HareketBaslikId`, `MalzemeId`, `Miktar`, `SatirAciklamasi`)
VALUES (@p160, @p161, @p162, @p163, @p164);
SELECT `Id`
FROM `HareketKalemleri`
WHERE ROW_COUNT() = 1 AND `Id` = LAST_INSERT_ID();

INSERT INTO `HareketKalemleri` (`BirimFiyat`, `HareketBaslikId`, `MalzemeId`, `Miktar`, `SatirAciklamasi`)
VALUES (@p165, @p166, @p167, @p168, @p169);
SELECT `Id`
FROM `HareketKalemleri`
WHERE ROW_COUNT() = 1 AND `Id` = LAST_INSERT_ID();

INSERT INTO `HareketKalemleri` (`BirimFiyat`, `HareketBaslikId`, `MalzemeId`, `Miktar`, `SatirAciklamasi`)
VALUES (@p170, @p171, @p172, @p173, @p174);
SELECT `Id`
FROM `HareketKalemleri`
WHERE ROW_COUNT() = 1 AND `Id` = LAST_INSERT_ID();

INSERT INTO `HareketKalemleri` (`BirimFiyat`, `HareketBaslikId`, `MalzemeId`, `Miktar`, `SatirAciklamasi`)
VALUES (@p175, @p176, @p177, @p178, @p179);
SELECT `Id`
FROM `HareketKalemleri`
WHERE ROW_COUNT() = 1 AND `Id` = LAST_INSERT_ID();

INSERT INTO `HareketKalemleri` (`BirimFiyat`, `HareketBaslikId`, `MalzemeId`, `Miktar`, `SatirAciklamasi`)
VALUES (@p180, @p181, @p182, @p183, @p184);
SELECT `Id`
FROM `HareketKalemleri`
WHERE ROW_COUNT() = 1 AND `Id` = LAST_INSERT_ID();

INSERT INTO `HareketKalemleri` (`BirimFiyat`, `HareketBaslikId`, `MalzemeId`, `Miktar`, `SatirAciklamasi`)
VALUES (@p185, @p186, @p187, @p188, @p189);
SELECT `Id`
FROM `HareketKalemleri`
WHERE ROW_COUNT() = 1 AND `Id` = LAST_INSERT_ID();

INSERT INTO `HareketKalemleri` (`BirimFiyat`, `HareketBaslikId`, `MalzemeId`, `Miktar`, `SatirAciklamasi`)
VALUES (@p190, @p191, @p192, @p193, @p194);
SELECT `Id`
FROM `HareketKalemleri`
WHERE ROW_COUNT() = 1 AND `Id` = LAST_INSERT_ID();

INSERT INTO `HareketKalemleri` (`BirimFiyat`, `HareketBaslikId`, `MalzemeId`, `Miktar`, `SatirAciklamasi`)
VALUES (@p195, @p196, @p197, @p198, @p199);
SELECT `Id`
FROM `HareketKalemleri`
WHERE ROW_COUNT() = 1 AND `Id` = LAST_INSERT_ID();

INSERT INTO `HareketKalemleri` (`BirimFiyat`, `HareketBaslikId`, `MalzemeId`, `Miktar`, `SatirAciklamasi`)
VALUES (@p200, @p201, @p202, @p203, @p204);
SELECT `Id`
FROM `HareketKalemleri`
WHERE ROW_COUNT() = 1 AND `Id` = LAST_INSERT_ID();

INSERT INTO `HareketKalemleri` (`BirimFiyat`, `HareketBaslikId`, `MalzemeId`, `Miktar`, `SatirAciklamasi`)
VALUES (@p205, @p206, @p207, @p208, @p209);
SELECT `Id`
FROM `HareketKalemleri`
WHERE ROW_COUNT() = 1 AND `Id` = LAST_INSERT_ID();
2026-08-13 14:33:49.302 +03:00 [INF] Executed DbCommand (1ms) [Parameters=[@p0='?' (DbType = Decimal), @p1='?' (DbType = Int32), @p2='?' (DbType = Int32), @p3='?' (DbType = Decimal), @p4='?' (Size = 150), @p5='?' (DbType = Decimal), @p6='?' (DbType = Int32), @p7='?' (DbType = Int32), @p8='?' (DbType = Decimal), @p9='?' (Size = 150), @p10='?' (DbType = Decimal), @p11='?' (DbType = Int32), @p12='?' (DbType = Int32), @p13='?' (DbType = Decimal), @p14='?' (Size = 150), @p15='?' (DbType = Decimal), @p16='?' (DbType = Int32), @p17='?' (DbType = Int32), @p18='?' (DbType = Decimal), @p19='?' (Size = 150), @p20='?' (DbType = Decimal), @p21='?' (DbType = Int32), @p22='?' (DbType = Int32), @p23='?' (DbType = Decimal), @p24='?' (Size = 150), @p25='?' (DbType = Decimal), @p26='?' (DbType = Int32), @p27='?' (DbType = Int32), @p28='?' (DbType = Decimal), @p29='?' (Size = 150), @p30='?' (DbType = Decimal), @p31='?' (DbType = Int32), @p32='?' (DbType = Int32), @p33='?' (DbType = Decimal), @p34='?' (Size = 150), @p35='?' (DbType = Decimal), @p36='?' (DbType = Int32), @p37='?' (DbType = Int32), @p38='?' (DbType = Decimal), @p39='?' (Size = 150), @p40='?' (DbType = Decimal), @p41='?' (DbType = Int32), @p42='?' (DbType = Int32), @p43='?' (DbType = Decimal), @p44='?' (Size = 150), @p45='?' (DbType = Decimal), @p46='?' (DbType = Int32), @p47='?' (DbType = Int32), @p48='?' (DbType = Decimal), @p49='?' (Size = 150), @p50='?' (DbType = Decimal), @p51='?' (DbType = Int32), @p52='?' (DbType = Int32), @p53='?' (DbType = Decimal), @p54='?' (Size = 150), @p55='?' (DbType = Decimal), @p56='?' (DbType = Int32), @p57='?' (DbType = Int32), @p58='?' (DbType = Decimal), @p59='?' (Size = 150), @p60='?' (DbType = Decimal), @p61='?' (DbType = Int32), @p62='?' (DbType = Int32), @p63='?' (DbType = Decimal), @p64='?' (Size = 150), @p65='?' (DbType = Decimal), @p66='?' (DbType = Int32), @p67='?' (DbType = Int32), @p68='?' (DbType = Decimal), @p69='?' (Size = 150), @p70='?' (DbType = Decimal), @p71='?' (DbType = Int32), @p72='?' (DbType = Int32), @p73='?' (DbType = Decimal), @p74='?' (Size = 150), @p75='?' (DbType = Decimal), @p76='?' (DbType = Int32), @p77='?' (DbType = Int32), @p78='?' (DbType = Decimal), @p79='?' (Size = 150), @p80='?' (DbType = Decimal), @p81='?' (DbType = Int32), @p82='?' (DbType = Int32), @p83='?' (DbType = Decimal), @p84='?' (Size = 150), @p85='?' (DbType = Decimal), @p86='?' (DbType = Int32), @p87='?' (DbType = Int32), @p88='?' (DbType = Decimal), @p89='?' (Size = 150), @p90='?' (DbType = Decimal), @p91='?' (DbType = Int32), @p92='?' (DbType = Int32), @p93='?' (DbType = Decimal), @p94='?' (Size = 150), @p95='?' (DbType = Decimal), @p96='?' (DbType = Int32), @p97='?' (DbType = Int32), @p98='?' (DbType = Decimal), @p99='?' (Size = 150), @p100='?' (DbType = Decimal), @p101='?' (DbType = Int32), @p102='?' (DbType = Int32), @p103='?' (DbType = Decimal), @p104='?' (Size = 150), @p105='?' (DbType = Decimal), @p106='?' (DbType = Int32), @p107='?' (DbType = Int32), @p108='?' (DbType = Decimal), @p109='?' (Size = 150), @p110='?' (DbType = Decimal), @p111='?' (DbType = Int32), @p112='?' (DbType = Int32), @p113='?' (DbType = Decimal), @p114='?' (Size = 150), @p115='?' (DbType = Decimal), @p116='?' (DbType = Int32), @p117='?' (DbType = Int32), @p118='?' (DbType = Decimal), @p119='?' (Size = 150), @p120='?' (DbType = Decimal), @p121='?' (DbType = Int32), @p122='?' (DbType = Int32), @p123='?' (DbType = Decimal), @p124='?' (Size = 150), @p125='?' (DbType = Decimal), @p126='?' (DbType = Int32), @p127='?' (DbType = Int32), @p128='?' (DbType = Decimal), @p129='?' (Size = 150), @p130='?' (DbType = Decimal), @p131='?' (DbType = Int32), @p132='?' (DbType = Int32), @p133='?' (DbType = Decimal), @p134='?' (Size = 150), @p135='?' (DbType = Decimal), @p136='?' (DbType = Int32), @p137='?' (DbType = Int32), @p138='?' (DbType = Decimal), @p139='?' (Size = 150), @p140='?' (DbType = Decimal), @p141='?' (DbType = Int32), @p142='?' (DbType = Int32), @p143='?' (DbType = Decimal), @p144='?' (Size = 150), @p145='?' (DbType = Decimal), @p146='?' (DbType = Int32), @p147='?' (DbType = Int32), @p148='?' (DbType = Decimal), @p149='?' (Size = 150), @p150='?' (DbType = Decimal), @p151='?' (DbType = Int32), @p152='?' (DbType = Int32), @p153='?' (DbType = Decimal), @p154='?' (Size = 150), @p155='?' (DbType = Decimal), @p156='?' (DbType = Int32), @p157='?' (DbType = Int32), @p158='?' (DbType = Decimal), @p159='?' (Size = 150), @p160='?' (DbType = Decimal), @p161='?' (DbType = Int32), @p162='?' (DbType = Int32), @p163='?' (DbType = Decimal), @p164='?' (Size = 150), @p165='?' (DbType = Decimal), @p166='?' (DbType = Int32), @p167='?' (DbType = Int32), @p168='?' (DbType = Decimal), @p169='?' (Size = 150), @p170='?' (DbType = Decimal), @p171='?' (DbType = Int32), @p172='?' (DbType = Int32), @p173='?' (DbType = Decimal), @p174='?' (Size = 150), @p175='?' (DbType = Decimal), @p176='?' (DbType = Int32), @p177='?' (DbType = Int32), @p178='?' (DbType = Decimal), @p179='?' (Size = 150), @p180='?' (DbType = Decimal), @p181='?' (DbType = Int32), @p182='?' (DbType = Int32), @p183='?' (DbType = Decimal), @p184='?' (Size = 150), @p185='?' (DbType = Decimal), @p186='?' (DbType = Int32), @p187='?' (DbType = Int32), @p188='?' (DbType = Decimal), @p189='?' (Size = 150), @p190='?' (DbType = Decimal), @p191='?' (DbType = Int32), @p192='?' (DbType = Int32), @p193='?' (DbType = Decimal), @p194='?' (Size = 150), @p195='?' (DbType = Decimal), @p196='?' (DbType = Int32), @p197='?' (DbType = Int32), @p198='?' (DbType = Decimal), @p199='?' (Size = 150), @p200='?' (DbType = Decimal), @p201='?' (DbType = Int32), @p202='?' (DbType = Int32), @p203='?' (DbType = Decimal), @p204='?' (Size = 150), @p205='?' (DbType = Decimal), @p206='?' (DbType = Int32), @p207='?' (DbType = Int32), @p208='?' (DbType = Decimal), @p209='?' (Size = 150)], CommandType='"Text"', CommandTimeout='30']
INSERT INTO `HareketKalemleri` (`BirimFiyat`, `HareketBaslikId`, `MalzemeId`, `Miktar`, `SatirAciklamasi`)
VALUES (@p0, @p1, @p2, @p3, @p4);
SELECT `Id`
FROM `HareketKalemleri`
WHERE ROW_COUNT() = 1 AND `Id` = LAST_INSERT_ID();

INSERT INTO `HareketKalemleri` (`BirimFiyat`, `HareketBaslikId`, `MalzemeId`, `Miktar`, `SatirAciklamasi`)
VALUES (@p5, @p6, @p7, @p8, @p9);
SELECT `Id`
FROM `HareketKalemleri`
WHERE ROW_COUNT() = 1 AND `Id` = LAST_INSERT_ID();

INSERT INTO `HareketKalemleri` (`BirimFiyat`, `HareketBaslikId`, `MalzemeId`, `Miktar`, `SatirAciklamasi`)
VALUES (@p10, @p11, @p12, @p13, @p14);
SELECT `Id`
FROM `HareketKalemleri`
WHERE ROW_COUNT() = 1 AND `Id` = LAST_INSERT_ID();

INSERT INTO `HareketKalemleri` (`BirimFiyat`, `HareketBaslikId`, `MalzemeId`, `Miktar`, `SatirAciklamasi`)
VALUES (@p15, @p16, @p17, @p18, @p19);
SELECT `Id`
FROM `HareketKalemleri`
WHERE ROW_COUNT() = 1 AND `Id` = LAST_INSERT_ID();

INSERT INTO `HareketKalemleri` (`BirimFiyat`, `HareketBaslikId`, `MalzemeId`, `Miktar`, `SatirAciklamasi`)
VALUES (@p20, @p21, @p22, @p23, @p24);
SELECT `Id`
FROM `HareketKalemleri`
WHERE ROW_COUNT() = 1 AND `Id` = LAST_INSERT_ID();

INSERT INTO `HareketKalemleri` (`BirimFiyat`, `HareketBaslikId`, `MalzemeId`, `Miktar`, `SatirAciklamasi`)
VALUES (@p25, @p26, @p27, @p28, @p29);
SELECT `Id`
FROM `HareketKalemleri`
WHERE ROW_COUNT() = 1 AND `Id` = LAST_INSERT_ID();

INSERT INTO `HareketKalemleri` (`BirimFiyat`, `HareketBaslikId`, `MalzemeId`, `Miktar`, `SatirAciklamasi`)
VALUES (@p30, @p31, @p32, @p33, @p34);
SELECT `Id`
FROM `HareketKalemleri`
WHERE ROW_COUNT() = 1 AND `Id` = LAST_INSERT_ID();

INSERT INTO `HareketKalemleri` (`BirimFiyat`, `HareketBaslikId`, `MalzemeId`, `Miktar`, `SatirAciklamasi`)
VALUES (@p35, @p36, @p37, @p38, @p39);
SELECT `Id`
FROM `HareketKalemleri`
WHERE ROW_COUNT() = 1 AND `Id` = LAST_INSERT_ID();

INSERT INTO `HareketKalemleri` (`BirimFiyat`, `HareketBaslikId`, `MalzemeId`, `Miktar`, `SatirAciklamasi`)
VALUES (@p40, @p41, @p42, @p43, @p44);
SELECT `Id`
FROM `HareketKalemleri`
WHERE ROW_COUNT() = 1 AND `Id` = LAST_INSERT_ID();

INSERT INTO `HareketKalemleri` (`BirimFiyat`, `HareketBaslikId`, `MalzemeId`, `Miktar`, `SatirAciklamasi`)
VALUES (@p45, @p46, @p47, @p48, @p49);
SELECT `Id`
FROM `HareketKalemleri`
WHERE ROW_COUNT() = 1 AND `Id` = LAST_INSERT_ID();

INSERT INTO `HareketKalemleri` (`BirimFiyat`, `HareketBaslikId`, `MalzemeId`, `Miktar`, `SatirAciklamasi`)
VALUES (@p50, @p51, @p52, @p53, @p54);
SELECT `Id`
FROM `HareketKalemleri`
WHERE ROW_COUNT() = 1 AND `Id` = LAST_INSERT_ID();

INSERT INTO `HareketKalemleri` (`BirimFiyat`, `HareketBaslikId`, `MalzemeId`, `Miktar`, `SatirAciklamasi`)
VALUES (@p55, @p56, @p57, @p58, @p59);
SELECT `Id`
FROM `HareketKalemleri`
WHERE ROW_COUNT() = 1 AND `Id` = LAST_INSERT_ID();

INSERT INTO `HareketKalemleri` (`BirimFiyat`, `HareketBaslikId`, `MalzemeId`, `Miktar`, `SatirAciklamasi`)
VALUES (@p60, @p61, @p62, @p63, @p64);
SELECT `Id`
FROM `HareketKalemleri`
WHERE ROW_COUNT() = 1 AND `Id` = LAST_INSERT_ID();

INSERT INTO `HareketKalemleri` (`BirimFiyat`, `HareketBaslikId`, `MalzemeId`, `Miktar`, `SatirAciklamasi`)
VALUES (@p65, @p66, @p67, @p68, @p69);
SELECT `Id`
FROM `HareketKalemleri`
WHERE ROW_COUNT() = 1 AND `Id` = LAST_INSERT_ID();

INSERT INTO `HareketKalemleri` (`BirimFiyat`, `HareketBaslikId`, `MalzemeId`, `Miktar`, `SatirAciklamasi`)
VALUES (@p70, @p71, @p72, @p73, @p74);
SELECT `Id`
FROM `HareketKalemleri`
WHERE ROW_COUNT() = 1 AND `Id` = LAST_INSERT_ID();

INSERT INTO `HareketKalemleri` (`BirimFiyat`, `HareketBaslikId`, `MalzemeId`, `Miktar`, `SatirAciklamasi`)
VALUES (@p75, @p76, @p77, @p78, @p79);
SELECT `Id`
FROM `HareketKalemleri`
WHERE ROW_COUNT() = 1 AND `Id` = LAST_INSERT_ID();

INSERT INTO `HareketKalemleri` (`BirimFiyat`, `HareketBaslikId`, `MalzemeId`, `Miktar`, `SatirAciklamasi`)
VALUES (@p80, @p81, @p82, @p83, @p84);
SELECT `Id`
FROM `HareketKalemleri`
WHERE ROW_COUNT() = 1 AND `Id` = LAST_INSERT_ID();

INSERT INTO `HareketKalemleri` (`BirimFiyat`, `HareketBaslikId`, `MalzemeId`, `Miktar`, `SatirAciklamasi`)
VALUES (@p85, @p86, @p87, @p88, @p89);
SELECT `Id`
FROM `HareketKalemleri`
WHERE ROW_COUNT() = 1 AND `Id` = LAST_INSERT_ID();

INSERT INTO `HareketKalemleri` (`BirimFiyat`, `HareketBaslikId`, `MalzemeId`, `Miktar`, `SatirAciklamasi`)
VALUES (@p90, @p91, @p92, @p93, @p94);
SELECT `Id`
FROM `HareketKalemleri`
WHERE ROW_COUNT() = 1 AND `Id` = LAST_INSERT_ID();

INSERT INTO `HareketKalemleri` (`BirimFiyat`, `HareketBaslikId`, `MalzemeId`, `Miktar`, `SatirAciklamasi`)
VALUES (@p95, @p96, @p97, @p98, @p99);
SELECT `Id`
FROM `HareketKalemleri`
WHERE ROW_COUNT() = 1 AND `Id` = LAST_INSERT_ID();

INSERT INTO `HareketKalemleri` (`BirimFiyat`, `HareketBaslikId`, `MalzemeId`, `Miktar`, `SatirAciklamasi`)
VALUES (@p100, @p101, @p102, @p103, @p104);
SELECT `Id`
FROM `HareketKalemleri`
WHERE ROW_COUNT() = 1 AND `Id` = LAST_INSERT_ID();

INSERT INTO `HareketKalemleri` (`BirimFiyat`, `HareketBaslikId`, `MalzemeId`, `Miktar`, `SatirAciklamasi`)
VALUES (@p105, @p106, @p107, @p108, @p109);
SELECT `Id`
FROM `HareketKalemleri`
WHERE ROW_COUNT() = 1 AND `Id` = LAST_INSERT_ID();

INSERT INTO `HareketKalemleri` (`BirimFiyat`, `HareketBaslikId`, `MalzemeId`, `Miktar`, `SatirAciklamasi`)
VALUES (@p110, @p111, @p112, @p113, @p114);
SELECT `Id`
FROM `HareketKalemleri`
WHERE ROW_COUNT() = 1 AND `Id` = LAST_INSERT_ID();

INSERT INTO `HareketKalemleri` (`BirimFiyat`, `HareketBaslikId`, `MalzemeId`, `Miktar`, `SatirAciklamasi`)
VALUES (@p115, @p116, @p117, @p118, @p119);
SELECT `Id`
FROM `HareketKalemleri`
WHERE ROW_COUNT() = 1 AND `Id` = LAST_INSERT_ID();

INSERT INTO `HareketKalemleri` (`BirimFiyat`, `HareketBaslikId`, `MalzemeId`, `Miktar`, `SatirAciklamasi`)
VALUES (@p120, @p121, @p122, @p123, @p124);
SELECT `Id`
FROM `HareketKalemleri`
WHERE ROW_COUNT() = 1 AND `Id` = LAST_INSERT_ID();

INSERT INTO `HareketKalemleri` (`BirimFiyat`, `HareketBaslikId`, `MalzemeId`, `Miktar`, `SatirAciklamasi`)
VALUES (@p125, @p126, @p127, @p128, @p129);
SELECT `Id`
FROM `HareketKalemleri`
WHERE ROW_COUNT() = 1 AND `Id` = LAST_INSERT_ID();

INSERT INTO `HareketKalemleri` (`BirimFiyat`, `HareketBaslikId`, `MalzemeId`, `Miktar`, `SatirAciklamasi`)
VALUES (@p130, @p131, @p132, @p133, @p134);
SELECT `Id`
FROM `HareketKalemleri`
WHERE ROW_COUNT() = 1 AND `Id` = LAST_INSERT_ID();

INSERT INTO `HareketKalemleri` (`BirimFiyat`, `HareketBaslikId`, `MalzemeId`, `Miktar`, `SatirAciklamasi`)
VALUES (@p135, @p136, @p137, @p138, @p139);
SELECT `Id`
FROM `HareketKalemleri`
WHERE ROW_COUNT() = 1 AND `Id` = LAST_INSERT_ID();

INSERT INTO `HareketKalemleri` (`BirimFiyat`, `HareketBaslikId`, `MalzemeId`, `Miktar`, `SatirAciklamasi`)
VALUES (@p140, @p141, @p142, @p143, @p144);
SELECT `Id`
FROM `HareketKalemleri`
WHERE ROW_COUNT() = 1 AND `Id` = LAST_INSERT_ID();

INSERT INTO `HareketKalemleri` (`BirimFiyat`, `HareketBaslikId`, `MalzemeId`, `Miktar`, `SatirAciklamasi`)
VALUES (@p145, @p146, @p147, @p148, @p149);
SELECT `Id`
FROM `HareketKalemleri`
WHERE ROW_COUNT() = 1 AND `Id` = LAST_INSERT_ID();

INSERT INTO `HareketKalemleri` (`BirimFiyat`, `HareketBaslikId`, `MalzemeId`, `Miktar`, `SatirAciklamasi`)
VALUES (@p150, @p151, @p152, @p153, @p154);
SELECT `Id`
FROM `HareketKalemleri`
WHERE ROW_COUNT() = 1 AND `Id` = LAST_INSERT_ID();

INSERT INTO `HareketKalemleri` (`BirimFiyat`, `HareketBaslikId`, `MalzemeId`, `Miktar`, `SatirAciklamasi`)
VALUES (@p155, @p156, @p157, @p158, @p159);
SELECT `Id`
FROM `HareketKalemleri`
WHERE ROW_COUNT() = 1 AND `Id` = LAST_INSERT_ID();

INSERT INTO `HareketKalemleri` (`BirimFiyat`, `HareketBaslikId`, `MalzemeId`, `Miktar`, `SatirAciklamasi`)
VALUES (@p160, @p161, @p162, @p163, @p164);
SELECT `Id`
FROM `HareketKalemleri`
WHERE ROW_COUNT() = 1 AND `Id` = LAST_INSERT_ID();

INSERT INTO `HareketKalemleri` (`BirimFiyat`, `HareketBaslikId`, `MalzemeId`, `Miktar`, `SatirAciklamasi`)
VALUES (@p165, @p166, @p167, @p168, @p169);
SELECT `Id`
FROM `HareketKalemleri`
WHERE ROW_COUNT() = 1 AND `Id` = LAST_INSERT_ID();

INSERT INTO `HareketKalemleri` (`BirimFiyat`, `HareketBaslikId`, `MalzemeId`, `Miktar`, `SatirAciklamasi`)
VALUES (@p170, @p171, @p172, @p173, @p174);
SELECT `Id`
FROM `HareketKalemleri`
WHERE ROW_COUNT() = 1 AND `Id` = LAST_INSERT_ID();

INSERT INTO `HareketKalemleri` (`BirimFiyat`, `HareketBaslikId`, `MalzemeId`, `Miktar`, `SatirAciklamasi`)
VALUES (@p175, @p176, @p177, @p178, @p179);
SELECT `Id`
FROM `HareketKalemleri`
WHERE ROW_COUNT() = 1 AND `Id` = LAST_INSERT_ID();

INSERT INTO `HareketKalemleri` (`BirimFiyat`, `HareketBaslikId`, `MalzemeId`, `Miktar`, `SatirAciklamasi`)
VALUES (@p180, @p181, @p182, @p183, @p184);
SELECT `Id`
FROM `HareketKalemleri`
WHERE ROW_COUNT() = 1 AND `Id` = LAST_INSERT_ID();

INSERT INTO `HareketKalemleri` (`BirimFiyat`, `HareketBaslikId`, `MalzemeId`, `Miktar`, `SatirAciklamasi`)
VALUES (@p185, @p186, @p187, @p188, @p189);
SELECT `Id`
FROM `HareketKalemleri`
WHERE ROW_COUNT() = 1 AND `Id` = LAST_INSERT_ID();

INSERT INTO `HareketKalemleri` (`BirimFiyat`, `HareketBaslikId`, `MalzemeId`, `Miktar`, `SatirAciklamasi`)
VALUES (@p190, @p191, @p192, @p193, @p194);
SELECT `Id`
FROM `HareketKalemleri`
WHERE ROW_COUNT() = 1 AND `Id` = LAST_INSERT_ID();

INSERT INTO `HareketKalemleri` (`BirimFiyat`, `HareketBaslikId`, `MalzemeId`, `Miktar`, `SatirAciklamasi`)
VALUES (@p195, @p196, @p197, @p198, @p199);
SELECT `Id`
FROM `HareketKalemleri`
WHERE ROW_COUNT() = 1 AND `Id` = LAST_INSERT_ID();

INSERT INTO `HareketKalemleri` (`BirimFiyat`, `HareketBaslikId`, `MalzemeId`, `Miktar`, `SatirAciklamasi`)
VALUES (@p200, @p201, @p202, @p203, @p204);
SELECT `Id`
FROM `HareketKalemleri`
WHERE ROW_COUNT() = 1 AND `Id` = LAST_INSERT_ID();

INSERT INTO `HareketKalemleri` (`BirimFiyat`, `HareketBaslikId`, `MalzemeId`, `Miktar`, `SatirAciklamasi`)
VALUES (@p205, @p206, @p207, @p208, @p209);
SELECT `Id`
FROM `HareketKalemleri`
WHERE ROW_COUNT() = 1 AND `Id` = LAST_INSERT_ID();
2026-08-13 14:33:49.319 +03:00 [INF] Executed DbCommand (1ms) [Parameters=[@p0='?' (DbType = Decimal), @p1='?' (DbType = Int32), @p2='?' (DbType = Int32), @p3='?' (DbType = Decimal), @p4='?' (Size = 150), @p5='?' (DbType = Decimal), @p6='?' (DbType = Int32), @p7='?' (DbType = Int32), @p8='?' (DbType = Decimal), @p9='?' (Size = 150), @p10='?' (DbType = Decimal), @p11='?' (DbType = Int32), @p12='?' (DbType = Int32), @p13='?' (DbType = Decimal), @p14='?' (Size = 150), @p15='?' (DbType = Decimal), @p16='?' (DbType = Int32), @p17='?' (DbType = Int32), @p18='?' (DbType = Decimal), @p19='?' (Size = 150), @p20='?' (DbType = Decimal), @p21='?' (DbType = Int32), @p22='?' (DbType = Int32), @p23='?' (DbType = Decimal), @p24='?' (Size = 150), @p25='?' (DbType = Decimal), @p26='?' (DbType = Int32), @p27='?' (DbType = Int32), @p28='?' (DbType = Decimal), @p29='?' (Size = 150), @p30='?' (DbType = Decimal), @p31='?' (DbType = Int32), @p32='?' (DbType = Int32), @p33='?' (DbType = Decimal), @p34='?' (Size = 150), @p35='?' (DbType = Decimal), @p36='?' (DbType = Int32), @p37='?' (DbType = Int32), @p38='?' (DbType = Decimal), @p39='?' (Size = 150), @p40='?' (DbType = Decimal), @p41='?' (DbType = Int32), @p42='?' (DbType = Int32), @p43='?' (DbType = Decimal), @p44='?' (Size = 150), @p45='?' (DbType = Decimal), @p46='?' (DbType = Int32), @p47='?' (DbType = Int32), @p48='?' (DbType = Decimal), @p49='?' (Size = 150), @p50='?' (DbType = Decimal), @p51='?' (DbType = Int32), @p52='?' (DbType = Int32), @p53='?' (DbType = Decimal), @p54='?' (Size = 150), @p55='?' (DbType = Decimal), @p56='?' (DbType = Int32), @p57='?' (DbType = Int32), @p58='?' (DbType = Decimal), @p59='?' (Size = 150), @p60='?' (DbType = Decimal), @p61='?' (DbType = Int32), @p62='?' (DbType = Int32), @p63='?' (DbType = Decimal), @p64='?' (Size = 150), @p65='?' (DbType = Decimal), @p66='?' (DbType = Int32), @p67='?' (DbType = Int32), @p68='?' (DbType = Decimal), @p69='?' (Size = 150), @p70='?' (DbType = Decimal), @p71='?' (DbType = Int32), @p72='?' (DbType = Int32), @p73='?' (DbType = Decimal), @p74='?' (Size = 150), @p75='?' (DbType = Decimal), @p76='?' (DbType = Int32), @p77='?' (DbType = Int32), @p78='?' (DbType = Decimal), @p79='?' (Size = 150), @p80='?' (DbType = Decimal), @p81='?' (DbType = Int32), @p82='?' (DbType = Int32), @p83='?' (DbType = Decimal), @p84='?' (Size = 150), @p85='?' (DbType = Decimal), @p86='?' (DbType = Int32), @p87='?' (DbType = Int32), @p88='?' (DbType = Decimal), @p89='?' (Size = 150), @p90='?' (DbType = Decimal), @p91='?' (DbType = Int32), @p92='?' (DbType = Int32), @p93='?' (DbType = Decimal), @p94='?' (Size = 150), @p95='?' (DbType = Decimal), @p96='?' (DbType = Int32), @p97='?' (DbType = Int32), @p98='?' (DbType = Decimal), @p99='?' (Size = 150), @p100='?' (DbType = Decimal), @p101='?' (DbType = Int32), @p102='?' (DbType = Int32), @p103='?' (DbType = Decimal), @p104='?' (Size = 150), @p105='?' (DbType = Decimal), @p106='?' (DbType = Int32), @p107='?' (DbType = Int32), @p108='?' (DbType = Decimal), @p109='?' (Size = 150), @p110='?' (DbType = Decimal), @p111='?' (DbType = Int32), @p112='?' (DbType = Int32), @p113='?' (DbType = Decimal), @p114='?' (Size = 150), @p115='?' (DbType = Decimal), @p116='?' (DbType = Int32), @p117='?' (DbType = Int32), @p118='?' (DbType = Decimal), @p119='?' (Size = 150), @p120='?' (DbType = Decimal), @p121='?' (DbType = Int32), @p122='?' (DbType = Int32), @p123='?' (DbType = Decimal), @p124='?' (Size = 150), @p125='?' (DbType = Decimal), @p126='?' (DbType = Int32), @p127='?' (DbType = Int32), @p128='?' (DbType = Decimal), @p129='?' (Size = 150), @p130='?' (DbType = Decimal), @p131='?' (DbType = Int32), @p132='?' (DbType = Int32), @p133='?' (DbType = Decimal), @p134='?' (Size = 150), @p135='?' (DbType = Decimal), @p136='?' (DbType = Int32), @p137='?' (DbType = Int32), @p138='?' (DbType = Decimal), @p139='?' (Size = 150), @p140='?' (DbType = Decimal), @p141='?' (DbType = Int32), @p142='?' (DbType = Int32), @p143='?' (DbType = Decimal), @p144='?' (Size = 150), @p145='?' (DbType = Decimal), @p146='?' (DbType = Int32), @p147='?' (DbType = Int32), @p148='?' (DbType = Decimal), @p149='?' (Size = 150), @p150='?' (DbType = Decimal), @p151='?' (DbType = Int32), @p152='?' (DbType = Int32), @p153='?' (DbType = Decimal), @p154='?' (Size = 150), @p155='?' (DbType = Decimal), @p156='?' (DbType = Int32), @p157='?' (DbType = Int32), @p158='?' (DbType = Decimal), @p159='?' (Size = 150), @p160='?' (DbType = Decimal), @p161='?' (DbType = Int32), @p162='?' (DbType = Int32), @p163='?' (DbType = Decimal), @p164='?' (Size = 150), @p165='?' (DbType = Decimal), @p166='?' (DbType = Int32), @p167='?' (DbType = Int32), @p168='?' (DbType = Decimal), @p169='?' (Size = 150), @p170='?' (DbType = Decimal), @p171='?' (DbType = Int32), @p172='?' (DbType = Int32), @p173='?' (DbType = Decimal), @p174='?' (Size = 150), @p175='?' (DbType = Decimal), @p176='?' (DbType = Int32), @p177='?' (DbType = Int32), @p178='?' (DbType = Decimal), @p179='?' (Size = 150), @p180='?' (DbType = Decimal), @p181='?' (DbType = Int32), @p182='?' (DbType = Int32), @p183='?' (DbType = Decimal), @p184='?' (Size = 150), @p185='?' (DbType = Decimal), @p186='?' (DbType = Int32), @p187='?' (DbType = Int32), @p188='?' (DbType = Decimal), @p189='?' (Size = 150), @p190='?' (DbType = Decimal), @p191='?' (DbType = Int32), @p192='?' (DbType = Int32), @p193='?' (DbType = Decimal), @p194='?' (Size = 150), @p195='?' (DbType = Decimal), @p196='?' (DbType = Int32), @p197='?' (DbType = Int32), @p198='?' (DbType = Decimal), @p199='?' (Size = 150), @p200='?' (DbType = Decimal), @p201='?' (DbType = Int32), @p202='?' (DbType = Int32), @p203='?' (DbType = Decimal), @p204='?' (Size = 150), @p205='?' (DbType = Decimal), @p206='?' (DbType = Int32), @p207='?' (DbType = Int32), @p208='?' (DbType = Decimal), @p209='?' (Size = 150)], CommandType='"Text"', CommandTimeout='30']
INSERT INTO `HareketKalemleri` (`BirimFiyat`, `HareketBaslikId`, `MalzemeId`, `Miktar`, `SatirAciklamasi`)
VALUES (@p0, @p1, @p2, @p3, @p4);
SELECT `Id`
FROM `HareketKalemleri`
WHERE ROW_COUNT() = 1 AND `Id` = LAST_INSERT_ID();

INSERT INTO `HareketKalemleri` (`BirimFiyat`, `HareketBaslikId`, `MalzemeId`, `Miktar`, `SatirAciklamasi`)
VALUES (@p5, @p6, @p7, @p8, @p9);
SELECT `Id`
FROM `HareketKalemleri`
WHERE ROW_COUNT() = 1 AND `Id` = LAST_INSERT_ID();

INSERT INTO `HareketKalemleri` (`BirimFiyat`, `HareketBaslikId`, `MalzemeId`, `Miktar`, `SatirAciklamasi`)
VALUES (@p10, @p11, @p12, @p13, @p14);
SELECT `Id`
FROM `HareketKalemleri`
WHERE ROW_COUNT() = 1 AND `Id` = LAST_INSERT_ID();

INSERT INTO `HareketKalemleri` (`BirimFiyat`, `HareketBaslikId`, `MalzemeId`, `Miktar`, `SatirAciklamasi`)
VALUES (@p15, @p16, @p17, @p18, @p19);
SELECT `Id`
FROM `HareketKalemleri`
WHERE ROW_COUNT() = 1 AND `Id` = LAST_INSERT_ID();

INSERT INTO `HareketKalemleri` (`BirimFiyat`, `HareketBaslikId`, `MalzemeId`, `Miktar`, `SatirAciklamasi`)
VALUES (@p20, @p21, @p22, @p23, @p24);
SELECT `Id`
FROM `HareketKalemleri`
WHERE ROW_COUNT() = 1 AND `Id` = LAST_INSERT_ID();

INSERT INTO `HareketKalemleri` (`BirimFiyat`, `HareketBaslikId`, `MalzemeId`, `Miktar`, `SatirAciklamasi`)
VALUES (@p25, @p26, @p27, @p28, @p29);
SELECT `Id`
FROM `HareketKalemleri`
WHERE ROW_COUNT() = 1 AND `Id` = LAST_INSERT_ID();

INSERT INTO `HareketKalemleri` (`BirimFiyat`, `HareketBaslikId`, `MalzemeId`, `Miktar`, `SatirAciklamasi`)
VALUES (@p30, @p31, @p32, @p33, @p34);
SELECT `Id`
FROM `HareketKalemleri`
WHERE ROW_COUNT() = 1 AND `Id` = LAST_INSERT_ID();

INSERT INTO `HareketKalemleri` (`BirimFiyat`, `HareketBaslikId`, `MalzemeId`, `Miktar`, `SatirAciklamasi`)
VALUES (@p35, @p36, @p37, @p38, @p39);
SELECT `Id`
FROM `HareketKalemleri`
WHERE ROW_COUNT() = 1 AND `Id` = LAST_INSERT_ID();

INSERT INTO `HareketKalemleri` (`BirimFiyat`, `HareketBaslikId`, `MalzemeId`, `Miktar`, `SatirAciklamasi`)
VALUES (@p40, @p41, @p42, @p43, @p44);
SELECT `Id`
FROM `HareketKalemleri`
WHERE ROW_COUNT() = 1 AND `Id` = LAST_INSERT_ID();

INSERT INTO `HareketKalemleri` (`BirimFiyat`, `HareketBaslikId`, `MalzemeId`, `Miktar`, `SatirAciklamasi`)
VALUES (@p45, @p46, @p47, @p48, @p49);
SELECT `Id`
FROM `HareketKalemleri`
WHERE ROW_COUNT() = 1 AND `Id` = LAST_INSERT_ID();

INSERT INTO `HareketKalemleri` (`BirimFiyat`, `HareketBaslikId`, `MalzemeId`, `Miktar`, `SatirAciklamasi`)
VALUES (@p50, @p51, @p52, @p53, @p54);
SELECT `Id`
FROM `HareketKalemleri`
WHERE ROW_COUNT() = 1 AND `Id` = LAST_INSERT_ID();

INSERT INTO `HareketKalemleri` (`BirimFiyat`, `HareketBaslikId`, `MalzemeId`, `Miktar`, `SatirAciklamasi`)
VALUES (@p55, @p56, @p57, @p58, @p59);
SELECT `Id`
FROM `HareketKalemleri`
WHERE ROW_COUNT() = 1 AND `Id` = LAST_INSERT_ID();

INSERT INTO `HareketKalemleri` (`BirimFiyat`, `HareketBaslikId`, `MalzemeId`, `Miktar`, `SatirAciklamasi`)
VALUES (@p60, @p61, @p62, @p63, @p64);
SELECT `Id`
FROM `HareketKalemleri`
WHERE ROW_COUNT() = 1 AND `Id` = LAST_INSERT_ID();

INSERT INTO `HareketKalemleri` (`BirimFiyat`, `HareketBaslikId`, `MalzemeId`, `Miktar`, `SatirAciklamasi`)
VALUES (@p65, @p66, @p67, @p68, @p69);
SELECT `Id`
FROM `HareketKalemleri`
WHERE ROW_COUNT() = 1 AND `Id` = LAST_INSERT_ID();

INSERT INTO `HareketKalemleri` (`BirimFiyat`, `HareketBaslikId`, `MalzemeId`, `Miktar`, `SatirAciklamasi`)
VALUES (@p70, @p71, @p72, @p73, @p74);
SELECT `Id`
FROM `HareketKalemleri`
WHERE ROW_COUNT() = 1 AND `Id` = LAST_INSERT_ID();

INSERT INTO `HareketKalemleri` (`BirimFiyat`, `HareketBaslikId`, `MalzemeId`, `Miktar`, `SatirAciklamasi`)
VALUES (@p75, @p76, @p77, @p78, @p79);
SELECT `Id`
FROM `HareketKalemleri`
WHERE ROW_COUNT() = 1 AND `Id` = LAST_INSERT_ID();

INSERT INTO `HareketKalemleri` (`BirimFiyat`, `HareketBaslikId`, `MalzemeId`, `Miktar`, `SatirAciklamasi`)
VALUES (@p80, @p81, @p82, @p83, @p84);
SELECT `Id`
FROM `HareketKalemleri`
WHERE ROW_COUNT() = 1 AND `Id` = LAST_INSERT_ID();

INSERT INTO `HareketKalemleri` (`BirimFiyat`, `HareketBaslikId`, `MalzemeId`, `Miktar`, `SatirAciklamasi`)
VALUES (@p85, @p86, @p87, @p88, @p89);
SELECT `Id`
FROM `HareketKalemleri`
WHERE ROW_COUNT() = 1 AND `Id` = LAST_INSERT_ID();

INSERT INTO `HareketKalemleri` (`BirimFiyat`, `HareketBaslikId`, `MalzemeId`, `Miktar`, `SatirAciklamasi`)
VALUES (@p90, @p91, @p92, @p93, @p94);
SELECT `Id`
FROM `HareketKalemleri`
WHERE ROW_COUNT() = 1 AND `Id` = LAST_INSERT_ID();

INSERT INTO `HareketKalemleri` (`BirimFiyat`, `HareketBaslikId`, `MalzemeId`, `Miktar`, `SatirAciklamasi`)
VALUES (@p95, @p96, @p97, @p98, @p99);
SELECT `Id`
FROM `HareketKalemleri`
WHERE ROW_COUNT() = 1 AND `Id` = LAST_INSERT_ID();

INSERT INTO `HareketKalemleri` (`BirimFiyat`, `HareketBaslikId`, `MalzemeId`, `Miktar`, `SatirAciklamasi`)
VALUES (@p100, @p101, @p102, @p103, @p104);
SELECT `Id`
FROM `HareketKalemleri`
WHERE ROW_COUNT() = 1 AND `Id` = LAST_INSERT_ID();

INSERT INTO `HareketKalemleri` (`BirimFiyat`, `HareketBaslikId`, `MalzemeId`, `Miktar`, `SatirAciklamasi`)
VALUES (@p105, @p106, @p107, @p108, @p109);
SELECT `Id`
FROM `HareketKalemleri`
WHERE ROW_COUNT() = 1 AND `Id` = LAST_INSERT_ID();

INSERT INTO `HareketKalemleri` (`BirimFiyat`, `HareketBaslikId`, `MalzemeId`, `Miktar`, `SatirAciklamasi`)
VALUES (@p110, @p111, @p112, @p113, @p114);
SELECT `Id`
FROM `HareketKalemleri`
WHERE ROW_COUNT() = 1 AND `Id` = LAST_INSERT_ID();

INSERT INTO `HareketKalemleri` (`BirimFiyat`, `HareketBaslikId`, `MalzemeId`, `Miktar`, `SatirAciklamasi`)
VALUES (@p115, @p116, @p117, @p118, @p119);
SELECT `Id`
FROM `HareketKalemleri`
WHERE ROW_COUNT() = 1 AND `Id` = LAST_INSERT_ID();

INSERT INTO `HareketKalemleri` (`BirimFiyat`, `HareketBaslikId`, `MalzemeId`, `Miktar`, `SatirAciklamasi`)
VALUES (@p120, @p121, @p122, @p123, @p124);
SELECT `Id`
FROM `HareketKalemleri`
WHERE ROW_COUNT() = 1 AND `Id` = LAST_INSERT_ID();

INSERT INTO `HareketKalemleri` (`BirimFiyat`, `HareketBaslikId`, `MalzemeId`, `Miktar`, `SatirAciklamasi`)
VALUES (@p125, @p126, @p127, @p128, @p129);
SELECT `Id`
FROM `HareketKalemleri`
WHERE ROW_COUNT() = 1 AND `Id` = LAST_INSERT_ID();

INSERT INTO `HareketKalemleri` (`BirimFiyat`, `HareketBaslikId`, `MalzemeId`, `Miktar`, `SatirAciklamasi`)
VALUES (@p130, @p131, @p132, @p133, @p134);
SELECT `Id`
FROM `HareketKalemleri`
WHERE ROW_COUNT() = 1 AND `Id` = LAST_INSERT_ID();

INSERT INTO `HareketKalemleri` (`BirimFiyat`, `HareketBaslikId`, `MalzemeId`, `Miktar`, `SatirAciklamasi`)
VALUES (@p135, @p136, @p137, @p138, @p139);
SELECT `Id`
FROM `HareketKalemleri`
WHERE ROW_COUNT() = 1 AND `Id` = LAST_INSERT_ID();

INSERT INTO `HareketKalemleri` (`BirimFiyat`, `HareketBaslikId`, `MalzemeId`, `Miktar`, `SatirAciklamasi`)
VALUES (@p140, @p141, @p142, @p143, @p144);
SELECT `Id`
FROM `HareketKalemleri`
WHERE ROW_COUNT() = 1 AND `Id` = LAST_INSERT_ID();

INSERT INTO `HareketKalemleri` (`BirimFiyat`, `HareketBaslikId`, `MalzemeId`, `Miktar`, `SatirAciklamasi`)
VALUES (@p145, @p146, @p147, @p148, @p149);
SELECT `Id`
FROM `HareketKalemleri`
WHERE ROW_COUNT() = 1 AND `Id` = LAST_INSERT_ID();

INSERT INTO `HareketKalemleri` (`BirimFiyat`, `HareketBaslikId`, `MalzemeId`, `Miktar`, `SatirAciklamasi`)
VALUES (@p150, @p151, @p152, @p153, @p154);
SELECT `Id`
FROM `HareketKalemleri`
WHERE ROW_COUNT() = 1 AND `Id` = LAST_INSERT_ID();

INSERT INTO `HareketKalemleri` (`BirimFiyat`, `HareketBaslikId`, `MalzemeId`, `Miktar`, `SatirAciklamasi`)
VALUES (@p155, @p156, @p157, @p158, @p159);
SELECT `Id`
FROM `HareketKalemleri`
WHERE ROW_COUNT() = 1 AND `Id` = LAST_INSERT_ID();

INSERT INTO `HareketKalemleri` (`BirimFiyat`, `HareketBaslikId`, `MalzemeId`, `Miktar`, `SatirAciklamasi`)
VALUES (@p160, @p161, @p162, @p163, @p164);
SELECT `Id`
FROM `HareketKalemleri`
WHERE ROW_COUNT() = 1 AND `Id` = LAST_INSERT_ID();

INSERT INTO `HareketKalemleri` (`BirimFiyat`, `HareketBaslikId`, `MalzemeId`, `Miktar`, `SatirAciklamasi`)
VALUES (@p165, @p166, @p167, @p168, @p169);
SELECT `Id`
FROM `HareketKalemleri`
WHERE ROW_COUNT() = 1 AND `Id` = LAST_INSERT_ID();

INSERT INTO `HareketKalemleri` (`BirimFiyat`, `HareketBaslikId`, `MalzemeId`, `Miktar`, `SatirAciklamasi`)
VALUES (@p170, @p171, @p172, @p173, @p174);
SELECT `Id`
FROM `HareketKalemleri`
WHERE ROW_COUNT() = 1 AND `Id` = LAST_INSERT_ID();

INSERT INTO `HareketKalemleri` (`BirimFiyat`, `HareketBaslikId`, `MalzemeId`, `Miktar`, `SatirAciklamasi`)
VALUES (@p175, @p176, @p177, @p178, @p179);
SELECT `Id`
FROM `HareketKalemleri`
WHERE ROW_COUNT() = 1 AND `Id` = LAST_INSERT_ID();

INSERT INTO `HareketKalemleri` (`BirimFiyat`, `HareketBaslikId`, `MalzemeId`, `Miktar`, `SatirAciklamasi`)
VALUES (@p180, @p181, @p182, @p183, @p184);
SELECT `Id`
FROM `HareketKalemleri`
WHERE ROW_COUNT() = 1 AND `Id` = LAST_INSERT_ID();

INSERT INTO `HareketKalemleri` (`BirimFiyat`, `HareketBaslikId`, `MalzemeId`, `Miktar`, `SatirAciklamasi`)
VALUES (@p185, @p186, @p187, @p188, @p189);
SELECT `Id`
FROM `HareketKalemleri`
WHERE ROW_COUNT() = 1 AND `Id` = LAST_INSERT_ID();

INSERT INTO `HareketKalemleri` (`BirimFiyat`, `HareketBaslikId`, `MalzemeId`, `Miktar`, `SatirAciklamasi`)
VALUES (@p190, @p191, @p192, @p193, @p194);
SELECT `Id`
FROM `HareketKalemleri`
WHERE ROW_COUNT() = 1 AND `Id` = LAST_INSERT_ID();

INSERT INTO `HareketKalemleri` (`BirimFiyat`, `HareketBaslikId`, `MalzemeId`, `Miktar`, `SatirAciklamasi`)
VALUES (@p195, @p196, @p197, @p198, @p199);
SELECT `Id`
FROM `HareketKalemleri`
WHERE ROW_COUNT() = 1 AND `Id` = LAST_INSERT_ID();

INSERT INTO `HareketKalemleri` (`BirimFiyat`, `HareketBaslikId`, `MalzemeId`, `Miktar`, `SatirAciklamasi`)
VALUES (@p200, @p201, @p202, @p203, @p204);
SELECT `Id`
FROM `HareketKalemleri`
WHERE ROW_COUNT() = 1 AND `Id` = LAST_INSERT_ID();

INSERT INTO `HareketKalemleri` (`BirimFiyat`, `HareketBaslikId`, `MalzemeId`, `Miktar`, `SatirAciklamasi`)
VALUES (@p205, @p206, @p207, @p208, @p209);
SELECT `Id`
FROM `HareketKalemleri`
WHERE ROW_COUNT() = 1 AND `Id` = LAST_INSERT_ID();
2026-08-13 14:33:49.337 +03:00 [INF] Executed DbCommand (1ms) [Parameters=[@p0='?' (DbType = Decimal), @p1='?' (DbType = Int32), @p2='?' (DbType = Int32), @p3='?' (DbType = Decimal), @p4='?' (Size = 150), @p5='?' (DbType = Decimal), @p6='?' (DbType = Int32), @p7='?' (DbType = Int32), @p8='?' (DbType = Decimal), @p9='?' (Size = 150), @p10='?' (DbType = Decimal), @p11='?' (DbType = Int32), @p12='?' (DbType = Int32), @p13='?' (DbType = Decimal), @p14='?' (Size = 150), @p15='?' (DbType = Decimal), @p16='?' (DbType = Int32), @p17='?' (DbType = Int32), @p18='?' (DbType = Decimal), @p19='?' (Size = 150), @p20='?' (DbType = Decimal), @p21='?' (DbType = Int32), @p22='?' (DbType = Int32), @p23='?' (DbType = Decimal), @p24='?' (Size = 150), @p25='?' (DbType = Decimal), @p26='?' (DbType = Int32), @p27='?' (DbType = Int32), @p28='?' (DbType = Decimal), @p29='?' (Size = 150), @p30='?' (DbType = Decimal), @p31='?' (DbType = Int32), @p32='?' (DbType = Int32), @p33='?' (DbType = Decimal), @p34='?' (Size = 150), @p35='?' (DbType = Decimal), @p36='?' (DbType = Int32), @p37='?' (DbType = Int32), @p38='?' (DbType = Decimal), @p39='?' (Size = 150), @p40='?' (DbType = Decimal), @p41='?' (DbType = Int32), @p42='?' (DbType = Int32), @p43='?' (DbType = Decimal), @p44='?' (Size = 150), @p45='?' (DbType = Decimal), @p46='?' (DbType = Int32), @p47='?' (DbType = Int32), @p48='?' (DbType = Decimal), @p49='?' (Size = 150), @p50='?' (DbType = Decimal), @p51='?' (DbType = Int32), @p52='?' (DbType = Int32), @p53='?' (DbType = Decimal), @p54='?' (Size = 150), @p55='?' (DbType = Decimal), @p56='?' (DbType = Int32), @p57='?' (DbType = Int32), @p58='?' (DbType = Decimal), @p59='?' (Size = 150), @p60='?' (DbType = Decimal), @p61='?' (DbType = Int32), @p62='?' (DbType = Int32), @p63='?' (DbType = Decimal), @p64='?' (Size = 150), @p65='?' (DbType = Decimal), @p66='?' (DbType = Int32), @p67='?' (DbType = Int32), @p68='?' (DbType = Decimal), @p69='?' (Size = 150), @p70='?' (DbType = Decimal), @p71='?' (DbType = Int32), @p72='?' (DbType = Int32), @p73='?' (DbType = Decimal), @p74='?' (Size = 150), @p75='?' (DbType = Decimal), @p76='?' (DbType = Int32), @p77='?' (DbType = Int32), @p78='?' (DbType = Decimal), @p79='?' (Size = 150), @p80='?' (DbType = Decimal), @p81='?' (DbType = Int32), @p82='?' (DbType = Int32), @p83='?' (DbType = Decimal), @p84='?' (Size = 150), @p85='?' (DbType = Decimal), @p86='?' (DbType = Int32), @p87='?' (DbType = Int32), @p88='?' (DbType = Decimal), @p89='?' (Size = 150), @p90='?' (DbType = Decimal), @p91='?' (DbType = Int32), @p92='?' (DbType = Int32), @p93='?' (DbType = Decimal), @p94='?' (Size = 150), @p95='?' (DbType = Decimal), @p96='?' (DbType = Int32), @p97='?' (DbType = Int32), @p98='?' (DbType = Decimal), @p99='?' (Size = 150), @p100='?' (DbType = Decimal), @p101='?' (DbType = Int32), @p102='?' (DbType = Int32), @p103='?' (DbType = Decimal), @p104='?' (Size = 150), @p105='?' (DbType = Decimal), @p106='?' (DbType = Int32), @p107='?' (DbType = Int32), @p108='?' (DbType = Decimal), @p109='?' (Size = 150), @p110='?' (DbType = Decimal), @p111='?' (DbType = Int32), @p112='?' (DbType = Int32), @p113='?' (DbType = Decimal), @p114='?' (Size = 150), @p115='?' (DbType = Decimal), @p116='?' (DbType = Int32), @p117='?' (DbType = Int32), @p118='?' (DbType = Decimal), @p119='?' (Size = 150), @p120='?' (DbType = Decimal), @p121='?' (DbType = Int32), @p122='?' (DbType = Int32), @p123='?' (DbType = Decimal), @p124='?' (Size = 150), @p125='?' (DbType = Decimal), @p126='?' (DbType = Int32), @p127='?' (DbType = Int32), @p128='?' (DbType = Decimal), @p129='?' (Size = 150), @p130='?' (DbType = Decimal), @p131='?' (DbType = Int32), @p132='?' (DbType = Int32), @p133='?' (DbType = Decimal), @p134='?' (Size = 150), @p135='?' (DbType = Decimal), @p136='?' (DbType = Int32), @p137='?' (DbType = Int32), @p138='?' (DbType = Decimal), @p139='?' (Size = 150), @p140='?' (DbType = Decimal), @p141='?' (DbType = Int32), @p142='?' (DbType = Int32), @p143='?' (DbType = Decimal), @p144='?' (Size = 150), @p145='?' (DbType = Decimal), @p146='?' (DbType = Int32), @p147='?' (DbType = Int32), @p148='?' (DbType = Decimal), @p149='?' (Size = 150), @p150='?' (DbType = Decimal), @p151='?' (DbType = Int32), @p152='?' (DbType = Int32), @p153='?' (DbType = Decimal), @p154='?' (Size = 150), @p155='?' (DbType = Decimal), @p156='?' (DbType = Int32), @p157='?' (DbType = Int32), @p158='?' (DbType = Decimal), @p159='?' (Size = 150), @p160='?' (DbType = Decimal), @p161='?' (DbType = Int32), @p162='?' (DbType = Int32), @p163='?' (DbType = Decimal), @p164='?' (Size = 150), @p165='?' (DbType = Decimal), @p166='?' (DbType = Int32), @p167='?' (DbType = Int32), @p168='?' (DbType = Decimal), @p169='?' (Size = 150), @p170='?' (DbType = Decimal), @p171='?' (DbType = Int32), @p172='?' (DbType = Int32), @p173='?' (DbType = Decimal), @p174='?' (Size = 150), @p175='?' (DbType = Decimal), @p176='?' (DbType = Int32), @p177='?' (DbType = Int32), @p178='?' (DbType = Decimal), @p179='?' (Size = 150), @p180='?' (DbType = Decimal), @p181='?' (DbType = Int32), @p182='?' (DbType = Int32), @p183='?' (DbType = Decimal), @p184='?' (Size = 150), @p185='?' (DbType = Decimal), @p186='?' (DbType = Int32), @p187='?' (DbType = Int32), @p188='?' (DbType = Decimal), @p189='?' (Size = 150), @p190='?' (DbType = Decimal), @p191='?' (DbType = Int32), @p192='?' (DbType = Int32), @p193='?' (DbType = Decimal), @p194='?' (Size = 150), @p195='?' (DbType = Decimal), @p196='?' (DbType = Int32), @p197='?' (DbType = Int32), @p198='?' (DbType = Decimal), @p199='?' (Size = 150), @p200='?' (DbType = Decimal), @p201='?' (DbType = Int32), @p202='?' (DbType = Int32), @p203='?' (DbType = Decimal), @p204='?' (Size = 150), @p205='?' (DbType = Decimal), @p206='?' (DbType = Int32), @p207='?' (DbType = Int32), @p208='?' (DbType = Decimal), @p209='?' (Size = 150)], CommandType='"Text"', CommandTimeout='30']
INSERT INTO `HareketKalemleri` (`BirimFiyat`, `HareketBaslikId`, `MalzemeId`, `Miktar`, `SatirAciklamasi`)
VALUES (@p0, @p1, @p2, @p3, @p4);
SELECT `Id`
FROM `HareketKalemleri`
WHERE ROW_COUNT() = 1 AND `Id` = LAST_INSERT_ID();

INSERT INTO `HareketKalemleri` (`BirimFiyat`, `HareketBaslikId`, `MalzemeId`, `Miktar`, `SatirAciklamasi`)
VALUES (@p5, @p6, @p7, @p8, @p9);
SELECT `Id`
FROM `HareketKalemleri`
WHERE ROW_COUNT() = 1 AND `Id` = LAST_INSERT_ID();

INSERT INTO `HareketKalemleri` (`BirimFiyat`, `HareketBaslikId`, `MalzemeId`, `Miktar`, `SatirAciklamasi`)
VALUES (@p10, @p11, @p12, @p13, @p14);
SELECT `Id`
FROM `HareketKalemleri`
WHERE ROW_COUNT() = 1 AND `Id` = LAST_INSERT_ID();

INSERT INTO `HareketKalemleri` (`BirimFiyat`, `HareketBaslikId`, `MalzemeId`, `Miktar`, `SatirAciklamasi`)
VALUES (@p15, @p16, @p17, @p18, @p19);
SELECT `Id`
FROM `HareketKalemleri`
WHERE ROW_COUNT() = 1 AND `Id` = LAST_INSERT_ID();

INSERT INTO `HareketKalemleri` (`BirimFiyat`, `HareketBaslikId`, `MalzemeId`, `Miktar`, `SatirAciklamasi`)
VALUES (@p20, @p21, @p22, @p23, @p24);
SELECT `Id`
FROM `HareketKalemleri`
WHERE ROW_COUNT() = 1 AND `Id` = LAST_INSERT_ID();

INSERT INTO `HareketKalemleri` (`BirimFiyat`, `HareketBaslikId`, `MalzemeId`, `Miktar`, `SatirAciklamasi`)
VALUES (@p25, @p26, @p27, @p28, @p29);
SELECT `Id`
FROM `HareketKalemleri`
WHERE ROW_COUNT() = 1 AND `Id` = LAST_INSERT_ID();

INSERT INTO `HareketKalemleri` (`BirimFiyat`, `HareketBaslikId`, `MalzemeId`, `Miktar`, `SatirAciklamasi`)
VALUES (@p30, @p31, @p32, @p33, @p34);
SELECT `Id`
FROM `HareketKalemleri`
WHERE ROW_COUNT() = 1 AND `Id` = LAST_INSERT_ID();

INSERT INTO `HareketKalemleri` (`BirimFiyat`, `HareketBaslikId`, `MalzemeId`, `Miktar`, `SatirAciklamasi`)
VALUES (@p35, @p36, @p37, @p38, @p39);
SELECT `Id`
FROM `HareketKalemleri`
WHERE ROW_COUNT() = 1 AND `Id` = LAST_INSERT_ID();

INSERT INTO `HareketKalemleri` (`BirimFiyat`, `HareketBaslikId`, `MalzemeId`, `Miktar`, `SatirAciklamasi`)
VALUES (@p40, @p41, @p42, @p43, @p44);
SELECT `Id`
FROM `HareketKalemleri`
WHERE ROW_COUNT() = 1 AND `Id` = LAST_INSERT_ID();

INSERT INTO `HareketKalemleri` (`BirimFiyat`, `HareketBaslikId`, `MalzemeId`, `Miktar`, `SatirAciklamasi`)
VALUES (@p45, @p46, @p47, @p48, @p49);
SELECT `Id`
FROM `HareketKalemleri`
WHERE ROW_COUNT() = 1 AND `Id` = LAST_INSERT_ID();

INSERT INTO `HareketKalemleri` (`BirimFiyat`, `HareketBaslikId`, `MalzemeId`, `Miktar`, `SatirAciklamasi`)
VALUES (@p50, @p51, @p52, @p53, @p54);
SELECT `Id`
FROM `HareketKalemleri`
WHERE ROW_COUNT() = 1 AND `Id` = LAST_INSERT_ID();

INSERT INTO `HareketKalemleri` (`BirimFiyat`, `HareketBaslikId`, `MalzemeId`, `Miktar`, `SatirAciklamasi`)
VALUES (@p55, @p56, @p57, @p58, @p59);
SELECT `Id`
FROM `HareketKalemleri`
WHERE ROW_COUNT() = 1 AND `Id` = LAST_INSERT_ID();

INSERT INTO `HareketKalemleri` (`BirimFiyat`, `HareketBaslikId`, `MalzemeId`, `Miktar`, `SatirAciklamasi`)
VALUES (@p60, @p61, @p62, @p63, @p64);
SELECT `Id`
FROM `HareketKalemleri`
WHERE ROW_COUNT() = 1 AND `Id` = LAST_INSERT_ID();

INSERT INTO `HareketKalemleri` (`BirimFiyat`, `HareketBaslikId`, `MalzemeId`, `Miktar`, `SatirAciklamasi`)
VALUES (@p65, @p66, @p67, @p68, @p69);
SELECT `Id`
FROM `HareketKalemleri`
WHERE ROW_COUNT() = 1 AND `Id` = LAST_INSERT_ID();

INSERT INTO `HareketKalemleri` (`BirimFiyat`, `HareketBaslikId`, `MalzemeId`, `Miktar`, `SatirAciklamasi`)
VALUES (@p70, @p71, @p72, @p73, @p74);
SELECT `Id`
FROM `HareketKalemleri`
WHERE ROW_COUNT() = 1 AND `Id` = LAST_INSERT_ID();

INSERT INTO `HareketKalemleri` (`BirimFiyat`, `HareketBaslikId`, `MalzemeId`, `Miktar`, `SatirAciklamasi`)
VALUES (@p75, @p76, @p77, @p78, @p79);
SELECT `Id`
FROM `HareketKalemleri`
WHERE ROW_COUNT() = 1 AND `Id` = LAST_INSERT_ID();

INSERT INTO `HareketKalemleri` (`BirimFiyat`, `HareketBaslikId`, `MalzemeId`, `Miktar`, `SatirAciklamasi`)
VALUES (@p80, @p81, @p82, @p83, @p84);
SELECT `Id`
FROM `HareketKalemleri`
WHERE ROW_COUNT() = 1 AND `Id` = LAST_INSERT_ID();

INSERT INTO `HareketKalemleri` (`BirimFiyat`, `HareketBaslikId`, `MalzemeId`, `Miktar`, `SatirAciklamasi`)
VALUES (@p85, @p86, @p87, @p88, @p89);
SELECT `Id`
FROM `HareketKalemleri`
WHERE ROW_COUNT() = 1 AND `Id` = LAST_INSERT_ID();

INSERT INTO `HareketKalemleri` (`BirimFiyat`, `HareketBaslikId`, `MalzemeId`, `Miktar`, `SatirAciklamasi`)
VALUES (@p90, @p91, @p92, @p93, @p94);
SELECT `Id`
FROM `HareketKalemleri`
WHERE ROW_COUNT() = 1 AND `Id` = LAST_INSERT_ID();

INSERT INTO `HareketKalemleri` (`BirimFiyat`, `HareketBaslikId`, `MalzemeId`, `Miktar`, `SatirAciklamasi`)
VALUES (@p95, @p96, @p97, @p98, @p99);
SELECT `Id`
FROM `HareketKalemleri`
WHERE ROW_COUNT() = 1 AND `Id` = LAST_INSERT_ID();

INSERT INTO `HareketKalemleri` (`BirimFiyat`, `HareketBaslikId`, `MalzemeId`, `Miktar`, `SatirAciklamasi`)
VALUES (@p100, @p101, @p102, @p103, @p104);
SELECT `Id`
FROM `HareketKalemleri`
WHERE ROW_COUNT() = 1 AND `Id` = LAST_INSERT_ID();

INSERT INTO `HareketKalemleri` (`BirimFiyat`, `HareketBaslikId`, `MalzemeId`, `Miktar`, `SatirAciklamasi`)
VALUES (@p105, @p106, @p107, @p108, @p109);
SELECT `Id`
FROM `HareketKalemleri`
WHERE ROW_COUNT() = 1 AND `Id` = LAST_INSERT_ID();

INSERT INTO `HareketKalemleri` (`BirimFiyat`, `HareketBaslikId`, `MalzemeId`, `Miktar`, `SatirAciklamasi`)
VALUES (@p110, @p111, @p112, @p113, @p114);
SELECT `Id`
FROM `HareketKalemleri`
WHERE ROW_COUNT() = 1 AND `Id` = LAST_INSERT_ID();

INSERT INTO `HareketKalemleri` (`BirimFiyat`, `HareketBaslikId`, `MalzemeId`, `Miktar`, `SatirAciklamasi`)
VALUES (@p115, @p116, @p117, @p118, @p119);
SELECT `Id`
FROM `HareketKalemleri`
WHERE ROW_COUNT() = 1 AND `Id` = LAST_INSERT_ID();

INSERT INTO `HareketKalemleri` (`BirimFiyat`, `HareketBaslikId`, `MalzemeId`, `Miktar`, `SatirAciklamasi`)
VALUES (@p120, @p121, @p122, @p123, @p124);
SELECT `Id`
FROM `HareketKalemleri`
WHERE ROW_COUNT() = 1 AND `Id` = LAST_INSERT_ID();

INSERT INTO `HareketKalemleri` (`BirimFiyat`, `HareketBaslikId`, `MalzemeId`, `Miktar`, `SatirAciklamasi`)
VALUES (@p125, @p126, @p127, @p128, @p129);
SELECT `Id`
FROM `HareketKalemleri`
WHERE ROW_COUNT() = 1 AND `Id` = LAST_INSERT_ID();

INSERT INTO `HareketKalemleri` (`BirimFiyat`, `HareketBaslikId`, `MalzemeId`, `Miktar`, `SatirAciklamasi`)
VALUES (@p130, @p131, @p132, @p133, @p134);
SELECT `Id`
FROM `HareketKalemleri`
WHERE ROW_COUNT() = 1 AND `Id` = LAST_INSERT_ID();

INSERT INTO `HareketKalemleri` (`BirimFiyat`, `HareketBaslikId`, `MalzemeId`, `Miktar`, `SatirAciklamasi`)
VALUES (@p135, @p136, @p137, @p138, @p139);
SELECT `Id`
FROM `HareketKalemleri`
WHERE ROW_COUNT() = 1 AND `Id` = LAST_INSERT_ID();

INSERT INTO `HareketKalemleri` (`BirimFiyat`, `HareketBaslikId`, `MalzemeId`, `Miktar`, `SatirAciklamasi`)
VALUES (@p140, @p141, @p142, @p143, @p144);
SELECT `Id`
FROM `HareketKalemleri`
WHERE ROW_COUNT() = 1 AND `Id` = LAST_INSERT_ID();

INSERT INTO `HareketKalemleri` (`BirimFiyat`, `HareketBaslikId`, `MalzemeId`, `Miktar`, `SatirAciklamasi`)
VALUES (@p145, @p146, @p147, @p148, @p149);
SELECT `Id`
FROM `HareketKalemleri`
WHERE ROW_COUNT() = 1 AND `Id` = LAST_INSERT_ID();

INSERT INTO `HareketKalemleri` (`BirimFiyat`, `HareketBaslikId`, `MalzemeId`, `Miktar`, `SatirAciklamasi`)
VALUES (@p150, @p151, @p152, @p153, @p154);
SELECT `Id`
FROM `HareketKalemleri`
WHERE ROW_COUNT() = 1 AND `Id` = LAST_INSERT_ID();

INSERT INTO `HareketKalemleri` (`BirimFiyat`, `HareketBaslikId`, `MalzemeId`, `Miktar`, `SatirAciklamasi`)
VALUES (@p155, @p156, @p157, @p158, @p159);
SELECT `Id`
FROM `HareketKalemleri`
WHERE ROW_COUNT() = 1 AND `Id` = LAST_INSERT_ID();

INSERT INTO `HareketKalemleri` (`BirimFiyat`, `HareketBaslikId`, `MalzemeId`, `Miktar`, `SatirAciklamasi`)
VALUES (@p160, @p161, @p162, @p163, @p164);
SELECT `Id`
FROM `HareketKalemleri`
WHERE ROW_COUNT() = 1 AND `Id` = LAST_INSERT_ID();

INSERT INTO `HareketKalemleri` (`BirimFiyat`, `HareketBaslikId`, `MalzemeId`, `Miktar`, `SatirAciklamasi`)
VALUES (@p165, @p166, @p167, @p168, @p169);
SELECT `Id`
FROM `HareketKalemleri`
WHERE ROW_COUNT() = 1 AND `Id` = LAST_INSERT_ID();

INSERT INTO `HareketKalemleri` (`BirimFiyat`, `HareketBaslikId`, `MalzemeId`, `Miktar`, `SatirAciklamasi`)
VALUES (@p170, @p171, @p172, @p173, @p174);
SELECT `Id`
FROM `HareketKalemleri`
WHERE ROW_COUNT() = 1 AND `Id` = LAST_INSERT_ID();

INSERT INTO `HareketKalemleri` (`BirimFiyat`, `HareketBaslikId`, `MalzemeId`, `Miktar`, `SatirAciklamasi`)
VALUES (@p175, @p176, @p177, @p178, @p179);
SELECT `Id`
FROM `HareketKalemleri`
WHERE ROW_COUNT() = 1 AND `Id` = LAST_INSERT_ID();

INSERT INTO `HareketKalemleri` (`BirimFiyat`, `HareketBaslikId`, `MalzemeId`, `Miktar`, `SatirAciklamasi`)
VALUES (@p180, @p181, @p182, @p183, @p184);
SELECT `Id`
FROM `HareketKalemleri`
WHERE ROW_COUNT() = 1 AND `Id` = LAST_INSERT_ID();

INSERT INTO `HareketKalemleri` (`BirimFiyat`, `HareketBaslikId`, `MalzemeId`, `Miktar`, `SatirAciklamasi`)
VALUES (@p185, @p186, @p187, @p188, @p189);
SELECT `Id`
FROM `HareketKalemleri`
WHERE ROW_COUNT() = 1 AND `Id` = LAST_INSERT_ID();

INSERT INTO `HareketKalemleri` (`BirimFiyat`, `HareketBaslikId`, `MalzemeId`, `Miktar`, `SatirAciklamasi`)
VALUES (@p190, @p191, @p192, @p193, @p194);
SELECT `Id`
FROM `HareketKalemleri`
WHERE ROW_COUNT() = 1 AND `Id` = LAST_INSERT_ID();

INSERT INTO `HareketKalemleri` (`BirimFiyat`, `HareketBaslikId`, `MalzemeId`, `Miktar`, `SatirAciklamasi`)
VALUES (@p195, @p196, @p197, @p198, @p199);
SELECT `Id`
FROM `HareketKalemleri`
WHERE ROW_COUNT() = 1 AND `Id` = LAST_INSERT_ID();

INSERT INTO `HareketKalemleri` (`BirimFiyat`, `HareketBaslikId`, `MalzemeId`, `Miktar`, `SatirAciklamasi`)
VALUES (@p200, @p201, @p202, @p203, @p204);
SELECT `Id`
FROM `HareketKalemleri`
WHERE ROW_COUNT() = 1 AND `Id` = LAST_INSERT_ID();

INSERT INTO `HareketKalemleri` (`BirimFiyat`, `HareketBaslikId`, `MalzemeId`, `Miktar`, `SatirAciklamasi`)
VALUES (@p205, @p206, @p207, @p208, @p209);
SELECT `Id`
FROM `HareketKalemleri`
WHERE ROW_COUNT() = 1 AND `Id` = LAST_INSERT_ID();
2026-08-13 14:33:49.355 +03:00 [INF] Executed DbCommand (1ms) [Parameters=[@p0='?' (DbType = Decimal), @p1='?' (DbType = Int32), @p2='?' (DbType = Int32), @p3='?' (DbType = Decimal), @p4='?' (Size = 150), @p5='?' (DbType = Decimal), @p6='?' (DbType = Int32), @p7='?' (DbType = Int32), @p8='?' (DbType = Decimal), @p9='?' (Size = 150), @p10='?' (DbType = Decimal), @p11='?' (DbType = Int32), @p12='?' (DbType = Int32), @p13='?' (DbType = Decimal), @p14='?' (Size = 150), @p15='?' (DbType = Decimal), @p16='?' (DbType = Int32), @p17='?' (DbType = Int32), @p18='?' (DbType = Decimal), @p19='?' (Size = 150), @p20='?' (DbType = Decimal), @p21='?' (DbType = Int32), @p22='?' (DbType = Int32), @p23='?' (DbType = Decimal), @p24='?' (Size = 150), @p25='?' (DbType = Decimal), @p26='?' (DbType = Int32), @p27='?' (DbType = Int32), @p28='?' (DbType = Decimal), @p29='?' (Size = 150), @p30='?' (DbType = Decimal), @p31='?' (DbType = Int32), @p32='?' (DbType = Int32), @p33='?' (DbType = Decimal), @p34='?' (Size = 150), @p35='?' (DbType = Decimal), @p36='?' (DbType = Int32), @p37='?' (DbType = Int32), @p38='?' (DbType = Decimal), @p39='?' (Size = 150), @p40='?' (DbType = Decimal), @p41='?' (DbType = Int32), @p42='?' (DbType = Int32), @p43='?' (DbType = Decimal), @p44='?' (Size = 150), @p45='?' (DbType = Decimal), @p46='?' (DbType = Int32), @p47='?' (DbType = Int32), @p48='?' (DbType = Decimal), @p49='?' (Size = 150), @p50='?' (DbType = Decimal), @p51='?' (DbType = Int32), @p52='?' (DbType = Int32), @p53='?' (DbType = Decimal), @p54='?' (Size = 150), @p55='?' (DbType = Decimal), @p56='?' (DbType = Int32), @p57='?' (DbType = Int32), @p58='?' (DbType = Decimal), @p59='?' (Size = 150), @p60='?' (DbType = Decimal), @p61='?' (DbType = Int32), @p62='?' (DbType = Int32), @p63='?' (DbType = Decimal), @p64='?' (Size = 150), @p65='?' (DbType = Decimal), @p66='?' (DbType = Int32), @p67='?' (DbType = Int32), @p68='?' (DbType = Decimal), @p69='?' (Size = 150), @p70='?' (DbType = Decimal), @p71='?' (DbType = Int32), @p72='?' (DbType = Int32), @p73='?' (DbType = Decimal), @p74='?' (Size = 150), @p75='?' (DbType = Decimal), @p76='?' (DbType = Int32), @p77='?' (DbType = Int32), @p78='?' (DbType = Decimal), @p79='?' (Size = 150), @p80='?' (DbType = Decimal), @p81='?' (DbType = Int32), @p82='?' (DbType = Int32), @p83='?' (DbType = Decimal), @p84='?' (Size = 150), @p85='?' (DbType = Decimal), @p86='?' (DbType = Int32), @p87='?' (DbType = Int32), @p88='?' (DbType = Decimal), @p89='?' (Size = 150), @p90='?' (DbType = Decimal), @p91='?' (DbType = Int32), @p92='?' (DbType = Int32), @p93='?' (DbType = Decimal), @p94='?' (Size = 150), @p95='?' (DbType = Decimal), @p96='?' (DbType = Int32), @p97='?' (DbType = Int32), @p98='?' (DbType = Decimal), @p99='?' (Size = 150), @p100='?' (DbType = Decimal), @p101='?' (DbType = Int32), @p102='?' (DbType = Int32), @p103='?' (DbType = Decimal), @p104='?' (Size = 150), @p105='?' (DbType = Decimal), @p106='?' (DbType = Int32), @p107='?' (DbType = Int32), @p108='?' (DbType = Decimal), @p109='?' (Size = 150), @p110='?' (DbType = Decimal), @p111='?' (DbType = Int32), @p112='?' (DbType = Int32), @p113='?' (DbType = Decimal), @p114='?' (Size = 150), @p115='?' (DbType = Decimal), @p116='?' (DbType = Int32), @p117='?' (DbType = Int32), @p118='?' (DbType = Decimal), @p119='?' (Size = 150), @p120='?' (DbType = Decimal), @p121='?' (DbType = Int32), @p122='?' (DbType = Int32), @p123='?' (DbType = Decimal), @p124='?' (Size = 150), @p125='?' (DbType = Decimal), @p126='?' (DbType = Int32), @p127='?' (DbType = Int32), @p128='?' (DbType = Decimal), @p129='?' (Size = 150), @p130='?' (DbType = Decimal), @p131='?' (DbType = Int32), @p132='?' (DbType = Int32), @p133='?' (DbType = Decimal), @p134='?' (Size = 150), @p135='?' (DbType = Decimal), @p136='?' (DbType = Int32), @p137='?' (DbType = Int32), @p138='?' (DbType = Decimal), @p139='?' (Size = 150), @p140='?' (DbType = Decimal), @p141='?' (DbType = Int32), @p142='?' (DbType = Int32), @p143='?' (DbType = Decimal), @p144='?' (Size = 150), @p145='?' (DbType = Decimal), @p146='?' (DbType = Int32), @p147='?' (DbType = Int32), @p148='?' (DbType = Decimal), @p149='?' (Size = 150), @p150='?' (DbType = Decimal), @p151='?' (DbType = Int32), @p152='?' (DbType = Int32), @p153='?' (DbType = Decimal), @p154='?' (Size = 150), @p155='?' (DbType = Decimal), @p156='?' (DbType = Int32), @p157='?' (DbType = Int32), @p158='?' (DbType = Decimal), @p159='?' (Size = 150), @p160='?' (DbType = Decimal), @p161='?' (DbType = Int32), @p162='?' (DbType = Int32), @p163='?' (DbType = Decimal), @p164='?' (Size = 150), @p165='?' (DbType = Decimal), @p166='?' (DbType = Int32), @p167='?' (DbType = Int32), @p168='?' (DbType = Decimal), @p169='?' (Size = 150), @p170='?' (DbType = Decimal), @p171='?' (DbType = Int32), @p172='?' (DbType = Int32), @p173='?' (DbType = Decimal), @p174='?' (Size = 150), @p175='?' (DbType = Decimal), @p176='?' (DbType = Int32), @p177='?' (DbType = Int32), @p178='?' (DbType = Decimal), @p179='?' (Size = 150), @p180='?' (DbType = Decimal), @p181='?' (DbType = Int32), @p182='?' (DbType = Int32), @p183='?' (DbType = Decimal), @p184='?' (Size = 150), @p185='?' (DbType = Decimal), @p186='?' (DbType = Int32), @p187='?' (DbType = Int32), @p188='?' (DbType = Decimal), @p189='?' (Size = 150), @p190='?' (DbType = Decimal), @p191='?' (DbType = Int32), @p192='?' (DbType = Int32), @p193='?' (DbType = Decimal), @p194='?' (Size = 150), @p195='?' (DbType = Decimal), @p196='?' (DbType = Int32), @p197='?' (DbType = Int32), @p198='?' (DbType = Decimal), @p199='?' (Size = 150), @p200='?' (DbType = Decimal), @p201='?' (DbType = Int32), @p202='?' (DbType = Int32), @p203='?' (DbType = Decimal), @p204='?' (Size = 150), @p205='?' (DbType = Decimal), @p206='?' (DbType = Int32), @p207='?' (DbType = Int32), @p208='?' (DbType = Decimal), @p209='?' (Size = 150)], CommandType='"Text"', CommandTimeout='30']
INSERT INTO `HareketKalemleri` (`BirimFiyat`, `HareketBaslikId`, `MalzemeId`, `Miktar`, `SatirAciklamasi`)
VALUES (@p0, @p1, @p2, @p3, @p4);
SELECT `Id`
FROM `HareketKalemleri`
WHERE ROW_COUNT() = 1 AND `Id` = LAST_INSERT_ID();

INSERT INTO `HareketKalemleri` (`BirimFiyat`, `HareketBaslikId`, `MalzemeId`, `Miktar`, `SatirAciklamasi`)
VALUES (@p5, @p6, @p7, @p8, @p9);
SELECT `Id`
FROM `HareketKalemleri`
WHERE ROW_COUNT() = 1 AND `Id` = LAST_INSERT_ID();

INSERT INTO `HareketKalemleri` (`BirimFiyat`, `HareketBaslikId`, `MalzemeId`, `Miktar`, `SatirAciklamasi`)
VALUES (@p10, @p11, @p12, @p13, @p14);
SELECT `Id`
FROM `HareketKalemleri`
WHERE ROW_COUNT() = 1 AND `Id` = LAST_INSERT_ID();

INSERT INTO `HareketKalemleri` (`BirimFiyat`, `HareketBaslikId`, `MalzemeId`, `Miktar`, `SatirAciklamasi`)
VALUES (@p15, @p16, @p17, @p18, @p19);
SELECT `Id`
FROM `HareketKalemleri`
WHERE ROW_COUNT() = 1 AND `Id` = LAST_INSERT_ID();

INSERT INTO `HareketKalemleri` (`BirimFiyat`, `HareketBaslikId`, `MalzemeId`, `Miktar`, `SatirAciklamasi`)
VALUES (@p20, @p21, @p22, @p23, @p24);
SELECT `Id`
FROM `HareketKalemleri`
WHERE ROW_COUNT() = 1 AND `Id` = LAST_INSERT_ID();

INSERT INTO `HareketKalemleri` (`BirimFiyat`, `HareketBaslikId`, `MalzemeId`, `Miktar`, `SatirAciklamasi`)
VALUES (@p25, @p26, @p27, @p28, @p29);
SELECT `Id`
FROM `HareketKalemleri`
WHERE ROW_COUNT() = 1 AND `Id` = LAST_INSERT_ID();

INSERT INTO `HareketKalemleri` (`BirimFiyat`, `HareketBaslikId`, `MalzemeId`, `Miktar`, `SatirAciklamasi`)
VALUES (@p30, @p31, @p32, @p33, @p34);
SELECT `Id`
FROM `HareketKalemleri`
WHERE ROW_COUNT() = 1 AND `Id` = LAST_INSERT_ID();

INSERT INTO `HareketKalemleri` (`BirimFiyat`, `HareketBaslikId`, `MalzemeId`, `Miktar`, `SatirAciklamasi`)
VALUES (@p35, @p36, @p37, @p38, @p39);
SELECT `Id`
FROM `HareketKalemleri`
WHERE ROW_COUNT() = 1 AND `Id` = LAST_INSERT_ID();

INSERT INTO `HareketKalemleri` (`BirimFiyat`, `HareketBaslikId`, `MalzemeId`, `Miktar`, `SatirAciklamasi`)
VALUES (@p40, @p41, @p42, @p43, @p44);
SELECT `Id`
FROM `HareketKalemleri`
WHERE ROW_COUNT() = 1 AND `Id` = LAST_INSERT_ID();

INSERT INTO `HareketKalemleri` (`BirimFiyat`, `HareketBaslikId`, `MalzemeId`, `Miktar`, `SatirAciklamasi`)
VALUES (@p45, @p46, @p47, @p48, @p49);
SELECT `Id`
FROM `HareketKalemleri`
WHERE ROW_COUNT() = 1 AND `Id` = LAST_INSERT_ID();

INSERT INTO `HareketKalemleri` (`BirimFiyat`, `HareketBaslikId`, `MalzemeId`, `Miktar`, `SatirAciklamasi`)
VALUES (@p50, @p51, @p52, @p53, @p54);
SELECT `Id`
FROM `HareketKalemleri`
WHERE ROW_COUNT() = 1 AND `Id` = LAST_INSERT_ID();

INSERT INTO `HareketKalemleri` (`BirimFiyat`, `HareketBaslikId`, `MalzemeId`, `Miktar`, `SatirAciklamasi`)
VALUES (@p55, @p56, @p57, @p58, @p59);
SELECT `Id`
FROM `HareketKalemleri`
WHERE ROW_COUNT() = 1 AND `Id` = LAST_INSERT_ID();

INSERT INTO `HareketKalemleri` (`BirimFiyat`, `HareketBaslikId`, `MalzemeId`, `Miktar`, `SatirAciklamasi`)
VALUES (@p60, @p61, @p62, @p63, @p64);
SELECT `Id`
FROM `HareketKalemleri`
WHERE ROW_COUNT() = 1 AND `Id` = LAST_INSERT_ID();

INSERT INTO `HareketKalemleri` (`BirimFiyat`, `HareketBaslikId`, `MalzemeId`, `Miktar`, `SatirAciklamasi`)
VALUES (@p65, @p66, @p67, @p68, @p69);
SELECT `Id`
FROM `HareketKalemleri`
WHERE ROW_COUNT() = 1 AND `Id` = LAST_INSERT_ID();

INSERT INTO `HareketKalemleri` (`BirimFiyat`, `HareketBaslikId`, `MalzemeId`, `Miktar`, `SatirAciklamasi`)
VALUES (@p70, @p71, @p72, @p73, @p74);
SELECT `Id`
FROM `HareketKalemleri`
WHERE ROW_COUNT() = 1 AND `Id` = LAST_INSERT_ID();

INSERT INTO `HareketKalemleri` (`BirimFiyat`, `HareketBaslikId`, `MalzemeId`, `Miktar`, `SatirAciklamasi`)
VALUES (@p75, @p76, @p77, @p78, @p79);
SELECT `Id`
FROM `HareketKalemleri`
WHERE ROW_COUNT() = 1 AND `Id` = LAST_INSERT_ID();

INSERT INTO `HareketKalemleri` (`BirimFiyat`, `HareketBaslikId`, `MalzemeId`, `Miktar`, `SatirAciklamasi`)
VALUES (@p80, @p81, @p82, @p83, @p84);
SELECT `Id`
FROM `HareketKalemleri`
WHERE ROW_COUNT() = 1 AND `Id` = LAST_INSERT_ID();

INSERT INTO `HareketKalemleri` (`BirimFiyat`, `HareketBaslikId`, `MalzemeId`, `Miktar`, `SatirAciklamasi`)
VALUES (@p85, @p86, @p87, @p88, @p89);
SELECT `Id`
FROM `HareketKalemleri`
WHERE ROW_COUNT() = 1 AND `Id` = LAST_INSERT_ID();

INSERT INTO `HareketKalemleri` (`BirimFiyat`, `HareketBaslikId`, `MalzemeId`, `Miktar`, `SatirAciklamasi`)
VALUES (@p90, @p91, @p92, @p93, @p94);
SELECT `Id`
FROM `HareketKalemleri`
WHERE ROW_COUNT() = 1 AND `Id` = LAST_INSERT_ID();

INSERT INTO `HareketKalemleri` (`BirimFiyat`, `HareketBaslikId`, `MalzemeId`, `Miktar`, `SatirAciklamasi`)
VALUES (@p95, @p96, @p97, @p98, @p99);
SELECT `Id`
FROM `HareketKalemleri`
WHERE ROW_COUNT() = 1 AND `Id` = LAST_INSERT_ID();

INSERT INTO `HareketKalemleri` (`BirimFiyat`, `HareketBaslikId`, `MalzemeId`, `Miktar`, `SatirAciklamasi`)
VALUES (@p100, @p101, @p102, @p103, @p104);
SELECT `Id`
FROM `HareketKalemleri`
WHERE ROW_COUNT() = 1 AND `Id` = LAST_INSERT_ID();

INSERT INTO `HareketKalemleri` (`BirimFiyat`, `HareketBaslikId`, `MalzemeId`, `Miktar`, `SatirAciklamasi`)
VALUES (@p105, @p106, @p107, @p108, @p109);
SELECT `Id`
FROM `HareketKalemleri`
WHERE ROW_COUNT() = 1 AND `Id` = LAST_INSERT_ID();

INSERT INTO `HareketKalemleri` (`BirimFiyat`, `HareketBaslikId`, `MalzemeId`, `Miktar`, `SatirAciklamasi`)
VALUES (@p110, @p111, @p112, @p113, @p114);
SELECT `Id`
FROM `HareketKalemleri`
WHERE ROW_COUNT() = 1 AND `Id` = LAST_INSERT_ID();

INSERT INTO `HareketKalemleri` (`BirimFiyat`, `HareketBaslikId`, `MalzemeId`, `Miktar`, `SatirAciklamasi`)
VALUES (@p115, @p116, @p117, @p118, @p119);
SELECT `Id`
FROM `HareketKalemleri`
WHERE ROW_COUNT() = 1 AND `Id` = LAST_INSERT_ID();

INSERT INTO `HareketKalemleri` (`BirimFiyat`, `HareketBaslikId`, `MalzemeId`, `Miktar`, `SatirAciklamasi`)
VALUES (@p120, @p121, @p122, @p123, @p124);
SELECT `Id`
FROM `HareketKalemleri`
WHERE ROW_COUNT() = 1 AND `Id` = LAST_INSERT_ID();

INSERT INTO `HareketKalemleri` (`BirimFiyat`, `HareketBaslikId`, `MalzemeId`, `Miktar`, `SatirAciklamasi`)
VALUES (@p125, @p126, @p127, @p128, @p129);
SELECT `Id`
FROM `HareketKalemleri`
WHERE ROW_COUNT() = 1 AND `Id` = LAST_INSERT_ID();

INSERT INTO `HareketKalemleri` (`BirimFiyat`, `HareketBaslikId`, `MalzemeId`, `Miktar`, `SatirAciklamasi`)
VALUES (@p130, @p131, @p132, @p133, @p134);
SELECT `Id`
FROM `HareketKalemleri`
WHERE ROW_COUNT() = 1 AND `Id` = LAST_INSERT_ID();

INSERT INTO `HareketKalemleri` (`BirimFiyat`, `HareketBaslikId`, `MalzemeId`, `Miktar`, `SatirAciklamasi`)
VALUES (@p135, @p136, @p137, @p138, @p139);
SELECT `Id`
FROM `HareketKalemleri`
WHERE ROW_COUNT() = 1 AND `Id` = LAST_INSERT_ID();

INSERT INTO `HareketKalemleri` (`BirimFiyat`, `HareketBaslikId`, `MalzemeId`, `Miktar`, `SatirAciklamasi`)
VALUES (@p140, @p141, @p142, @p143, @p144);
SELECT `Id`
FROM `HareketKalemleri`
WHERE ROW_COUNT() = 1 AND `Id` = LAST_INSERT_ID();

INSERT INTO `HareketKalemleri` (`BirimFiyat`, `HareketBaslikId`, `MalzemeId`, `Miktar`, `SatirAciklamasi`)
VALUES (@p145, @p146, @p147, @p148, @p149);
SELECT `Id`
FROM `HareketKalemleri`
WHERE ROW_COUNT() = 1 AND `Id` = LAST_INSERT_ID();

INSERT INTO `HareketKalemleri` (`BirimFiyat`, `HareketBaslikId`, `MalzemeId`, `Miktar`, `SatirAciklamasi`)
VALUES (@p150, @p151, @p152, @p153, @p154);
SELECT `Id`
FROM `HareketKalemleri`
WHERE ROW_COUNT() = 1 AND `Id` = LAST_INSERT_ID();

INSERT INTO `HareketKalemleri` (`BirimFiyat`, `HareketBaslikId`, `MalzemeId`, `Miktar`, `SatirAciklamasi`)
VALUES (@p155, @p156, @p157, @p158, @p159);
SELECT `Id`
FROM `HareketKalemleri`
WHERE ROW_COUNT() = 1 AND `Id` = LAST_INSERT_ID();

INSERT INTO `HareketKalemleri` (`BirimFiyat`, `HareketBaslikId`, `MalzemeId`, `Miktar`, `SatirAciklamasi`)
VALUES (@p160, @p161, @p162, @p163, @p164);
SELECT `Id`
FROM `HareketKalemleri`
WHERE ROW_COUNT() = 1 AND `Id` = LAST_INSERT_ID();

INSERT INTO `HareketKalemleri` (`BirimFiyat`, `HareketBaslikId`, `MalzemeId`, `Miktar`, `SatirAciklamasi`)
VALUES (@p165, @p166, @p167, @p168, @p169);
SELECT `Id`
FROM `HareketKalemleri`
WHERE ROW_COUNT() = 1 AND `Id` = LAST_INSERT_ID();

INSERT INTO `HareketKalemleri` (`BirimFiyat`, `HareketBaslikId`, `MalzemeId`, `Miktar`, `SatirAciklamasi`)
VALUES (@p170, @p171, @p172, @p173, @p174);
SELECT `Id`
FROM `HareketKalemleri`
WHERE ROW_COUNT() = 1 AND `Id` = LAST_INSERT_ID();

INSERT INTO `HareketKalemleri` (`BirimFiyat`, `HareketBaslikId`, `MalzemeId`, `Miktar`, `SatirAciklamasi`)
VALUES (@p175, @p176, @p177, @p178, @p179);
SELECT `Id`
FROM `HareketKalemleri`
WHERE ROW_COUNT() = 1 AND `Id` = LAST_INSERT_ID();

INSERT INTO `HareketKalemleri` (`BirimFiyat`, `HareketBaslikId`, `MalzemeId`, `Miktar`, `SatirAciklamasi`)
VALUES (@p180, @p181, @p182, @p183, @p184);
SELECT `Id`
FROM `HareketKalemleri`
WHERE ROW_COUNT() = 1 AND `Id` = LAST_INSERT_ID();

INSERT INTO `HareketKalemleri` (`BirimFiyat`, `HareketBaslikId`, `MalzemeId`, `Miktar`, `SatirAciklamasi`)
VALUES (@p185, @p186, @p187, @p188, @p189);
SELECT `Id`
FROM `HareketKalemleri`
WHERE ROW_COUNT() = 1 AND `Id` = LAST_INSERT_ID();

INSERT INTO `HareketKalemleri` (`BirimFiyat`, `HareketBaslikId`, `MalzemeId`, `Miktar`, `SatirAciklamasi`)
VALUES (@p190, @p191, @p192, @p193, @p194);
SELECT `Id`
FROM `HareketKalemleri`
WHERE ROW_COUNT() = 1 AND `Id` = LAST_INSERT_ID();

INSERT INTO `HareketKalemleri` (`BirimFiyat`, `HareketBaslikId`, `MalzemeId`, `Miktar`, `SatirAciklamasi`)
VALUES (@p195, @p196, @p197, @p198, @p199);
SELECT `Id`
FROM `HareketKalemleri`
WHERE ROW_COUNT() = 1 AND `Id` = LAST_INSERT_ID();

INSERT INTO `HareketKalemleri` (`BirimFiyat`, `HareketBaslikId`, `MalzemeId`, `Miktar`, `SatirAciklamasi`)
VALUES (@p200, @p201, @p202, @p203, @p204);
SELECT `Id`
FROM `HareketKalemleri`
WHERE ROW_COUNT() = 1 AND `Id` = LAST_INSERT_ID();

INSERT INTO `HareketKalemleri` (`BirimFiyat`, `HareketBaslikId`, `MalzemeId`, `Miktar`, `SatirAciklamasi`)
VALUES (@p205, @p206, @p207, @p208, @p209);
SELECT `Id`
FROM `HareketKalemleri`
WHERE ROW_COUNT() = 1 AND `Id` = LAST_INSERT_ID();
2026-08-13 14:33:49.372 +03:00 [INF] Executed DbCommand (1ms) [Parameters=[@p0='?' (DbType = Decimal), @p1='?' (DbType = Int32), @p2='?' (DbType = Int32), @p3='?' (DbType = Decimal), @p4='?' (Size = 150), @p5='?' (DbType = Decimal), @p6='?' (DbType = Int32), @p7='?' (DbType = Int32), @p8='?' (DbType = Decimal), @p9='?' (Size = 150), @p10='?' (DbType = Decimal), @p11='?' (DbType = Int32), @p12='?' (DbType = Int32), @p13='?' (DbType = Decimal), @p14='?' (Size = 150), @p15='?' (DbType = Decimal), @p16='?' (DbType = Int32), @p17='?' (DbType = Int32), @p18='?' (DbType = Decimal), @p19='?' (Size = 150), @p20='?' (DbType = Decimal), @p21='?' (DbType = Int32), @p22='?' (DbType = Int32), @p23='?' (DbType = Decimal), @p24='?' (Size = 150), @p25='?' (DbType = Decimal), @p26='?' (DbType = Int32), @p27='?' (DbType = Int32), @p28='?' (DbType = Decimal), @p29='?' (Size = 150), @p30='?' (DbType = Decimal), @p31='?' (DbType = Int32), @p32='?' (DbType = Int32), @p33='?' (DbType = Decimal), @p34='?' (Size = 150), @p35='?' (DbType = Decimal), @p36='?' (DbType = Int32), @p37='?' (DbType = Int32), @p38='?' (DbType = Decimal), @p39='?' (Size = 150), @p40='?' (DbType = Decimal), @p41='?' (DbType = Int32), @p42='?' (DbType = Int32), @p43='?' (DbType = Decimal), @p44='?' (Size = 150), @p45='?' (DbType = Decimal), @p46='?' (DbType = Int32), @p47='?' (DbType = Int32), @p48='?' (DbType = Decimal), @p49='?' (Size = 150), @p50='?' (DbType = Decimal), @p51='?' (DbType = Int32), @p52='?' (DbType = Int32), @p53='?' (DbType = Decimal), @p54='?' (Size = 150), @p55='?' (DbType = Decimal), @p56='?' (DbType = Int32), @p57='?' (DbType = Int32), @p58='?' (DbType = Decimal), @p59='?' (Size = 150), @p60='?' (DbType = Decimal), @p61='?' (DbType = Int32), @p62='?' (DbType = Int32), @p63='?' (DbType = Decimal), @p64='?' (Size = 150), @p65='?' (DbType = Decimal), @p66='?' (DbType = Int32), @p67='?' (DbType = Int32), @p68='?' (DbType = Decimal), @p69='?' (Size = 150), @p70='?' (DbType = Decimal), @p71='?' (DbType = Int32), @p72='?' (DbType = Int32), @p73='?' (DbType = Decimal), @p74='?' (Size = 150), @p75='?' (DbType = Decimal), @p76='?' (DbType = Int32), @p77='?' (DbType = Int32), @p78='?' (DbType = Decimal), @p79='?' (Size = 150), @p80='?' (DbType = Decimal), @p81='?' (DbType = Int32), @p82='?' (DbType = Int32), @p83='?' (DbType = Decimal), @p84='?' (Size = 150), @p85='?' (DbType = Decimal), @p86='?' (DbType = Int32), @p87='?' (DbType = Int32), @p88='?' (DbType = Decimal), @p89='?' (Size = 150), @p90='?' (DbType = Decimal), @p91='?' (DbType = Int32), @p92='?' (DbType = Int32), @p93='?' (DbType = Decimal), @p94='?' (Size = 150), @p95='?' (DbType = Decimal), @p96='?' (DbType = Int32), @p97='?' (DbType = Int32), @p98='?' (DbType = Decimal), @p99='?' (Size = 150), @p100='?' (DbType = Decimal), @p101='?' (DbType = Int32), @p102='?' (DbType = Int32), @p103='?' (DbType = Decimal), @p104='?' (Size = 150), @p105='?' (DbType = Decimal), @p106='?' (DbType = Int32), @p107='?' (DbType = Int32), @p108='?' (DbType = Decimal), @p109='?' (Size = 150), @p110='?' (DbType = Decimal), @p111='?' (DbType = Int32), @p112='?' (DbType = Int32), @p113='?' (DbType = Decimal), @p114='?' (Size = 150), @p115='?' (DbType = Decimal), @p116='?' (DbType = Int32), @p117='?' (DbType = Int32), @p118='?' (DbType = Decimal), @p119='?' (Size = 150), @p120='?' (DbType = Decimal), @p121='?' (DbType = Int32), @p122='?' (DbType = Int32), @p123='?' (DbType = Decimal), @p124='?' (Size = 150), @p125='?' (DbType = Decimal), @p126='?' (DbType = Int32), @p127='?' (DbType = Int32), @p128='?' (DbType = Decimal), @p129='?' (Size = 150), @p130='?' (DbType = Decimal), @p131='?' (DbType = Int32), @p132='?' (DbType = Int32), @p133='?' (DbType = Decimal), @p134='?' (Size = 150), @p135='?' (DbType = Decimal), @p136='?' (DbType = Int32), @p137='?' (DbType = Int32), @p138='?' (DbType = Decimal), @p139='?' (Size = 150), @p140='?' (DbType = Decimal), @p141='?' (DbType = Int32), @p142='?' (DbType = Int32), @p143='?' (DbType = Decimal), @p144='?' (Size = 150), @p145='?' (DbType = Decimal), @p146='?' (DbType = Int32), @p147='?' (DbType = Int32), @p148='?' (DbType = Decimal), @p149='?' (Size = 150), @p150='?' (DbType = Decimal), @p151='?' (DbType = Int32), @p152='?' (DbType = Int32), @p153='?' (DbType = Decimal), @p154='?' (Size = 150), @p155='?' (DbType = Decimal), @p156='?' (DbType = Int32), @p157='?' (DbType = Int32), @p158='?' (DbType = Decimal), @p159='?' (Size = 150), @p160='?' (DbType = Decimal), @p161='?' (DbType = Int32), @p162='?' (DbType = Int32), @p163='?' (DbType = Decimal), @p164='?' (Size = 150), @p165='?' (DbType = Decimal), @p166='?' (DbType = Int32), @p167='?' (DbType = Int32), @p168='?' (DbType = Decimal), @p169='?' (Size = 150), @p170='?' (DbType = Decimal), @p171='?' (DbType = Int32), @p172='?' (DbType = Int32), @p173='?' (DbType = Decimal), @p174='?' (Size = 150), @p175='?' (DbType = Decimal), @p176='?' (DbType = Int32), @p177='?' (DbType = Int32), @p178='?' (DbType = Decimal), @p179='?' (Size = 150), @p180='?' (DbType = Decimal), @p181='?' (DbType = Int32), @p182='?' (DbType = Int32), @p183='?' (DbType = Decimal), @p184='?' (Size = 150), @p185='?' (DbType = Decimal), @p186='?' (DbType = Int32), @p187='?' (DbType = Int32), @p188='?' (DbType = Decimal), @p189='?' (Size = 150), @p190='?' (DbType = Decimal), @p191='?' (DbType = Int32), @p192='?' (DbType = Int32), @p193='?' (DbType = Decimal), @p194='?' (Size = 150), @p195='?' (DbType = Decimal), @p196='?' (DbType = Int32), @p197='?' (DbType = Int32), @p198='?' (DbType = Decimal), @p199='?' (Size = 150), @p200='?' (DbType = Decimal), @p201='?' (DbType = Int32), @p202='?' (DbType = Int32), @p203='?' (DbType = Decimal), @p204='?' (Size = 150), @p205='?' (DbType = Decimal), @p206='?' (DbType = Int32), @p207='?' (DbType = Int32), @p208='?' (DbType = Decimal), @p209='?' (Size = 150)], CommandType='"Text"', CommandTimeout='30']
INSERT INTO `HareketKalemleri` (`BirimFiyat`, `HareketBaslikId`, `MalzemeId`, `Miktar`, `SatirAciklamasi`)
VALUES (@p0, @p1, @p2, @p3, @p4);
SELECT `Id`
FROM `HareketKalemleri`
WHERE ROW_COUNT() = 1 AND `Id` = LAST_INSERT_ID();

INSERT INTO `HareketKalemleri` (`BirimFiyat`, `HareketBaslikId`, `MalzemeId`, `Miktar`, `SatirAciklamasi`)
VALUES (@p5, @p6, @p7, @p8, @p9);
SELECT `Id`
FROM `HareketKalemleri`
WHERE ROW_COUNT() = 1 AND `Id` = LAST_INSERT_ID();

INSERT INTO `HareketKalemleri` (`BirimFiyat`, `HareketBaslikId`, `MalzemeId`, `Miktar`, `SatirAciklamasi`)
VALUES (@p10, @p11, @p12, @p13, @p14);
SELECT `Id`
FROM `HareketKalemleri`
WHERE ROW_COUNT() = 1 AND `Id` = LAST_INSERT_ID();

INSERT INTO `HareketKalemleri` (`BirimFiyat`, `HareketBaslikId`, `MalzemeId`, `Miktar`, `SatirAciklamasi`)
VALUES (@p15, @p16, @p17, @p18, @p19);
SELECT `Id`
FROM `HareketKalemleri`
WHERE ROW_COUNT() = 1 AND `Id` = LAST_INSERT_ID();

INSERT INTO `HareketKalemleri` (`BirimFiyat`, `HareketBaslikId`, `MalzemeId`, `Miktar`, `SatirAciklamasi`)
VALUES (@p20, @p21, @p22, @p23, @p24);
SELECT `Id`
FROM `HareketKalemleri`
WHERE ROW_COUNT() = 1 AND `Id` = LAST_INSERT_ID();

INSERT INTO `HareketKalemleri` (`BirimFiyat`, `HareketBaslikId`, `MalzemeId`, `Miktar`, `SatirAciklamasi`)
VALUES (@p25, @p26, @p27, @p28, @p29);
SELECT `Id`
FROM `HareketKalemleri`
WHERE ROW_COUNT() = 1 AND `Id` = LAST_INSERT_ID();

INSERT INTO `HareketKalemleri` (`BirimFiyat`, `HareketBaslikId`, `MalzemeId`, `Miktar`, `SatirAciklamasi`)
VALUES (@p30, @p31, @p32, @p33, @p34);
SELECT `Id`
FROM `HareketKalemleri`
WHERE ROW_COUNT() = 1 AND `Id` = LAST_INSERT_ID();

INSERT INTO `HareketKalemleri` (`BirimFiyat`, `HareketBaslikId`, `MalzemeId`, `Miktar`, `SatirAciklamasi`)
VALUES (@p35, @p36, @p37, @p38, @p39);
SELECT `Id`
FROM `HareketKalemleri`
WHERE ROW_COUNT() = 1 AND `Id` = LAST_INSERT_ID();

INSERT INTO `HareketKalemleri` (`BirimFiyat`, `HareketBaslikId`, `MalzemeId`, `Miktar`, `SatirAciklamasi`)
VALUES (@p40, @p41, @p42, @p43, @p44);
SELECT `Id`
FROM `HareketKalemleri`
WHERE ROW_COUNT() = 1 AND `Id` = LAST_INSERT_ID();

INSERT INTO `HareketKalemleri` (`BirimFiyat`, `HareketBaslikId`, `MalzemeId`, `Miktar`, `SatirAciklamasi`)
VALUES (@p45, @p46, @p47, @p48, @p49);
SELECT `Id`
FROM `HareketKalemleri`
WHERE ROW_COUNT() = 1 AND `Id` = LAST_INSERT_ID();

INSERT INTO `HareketKalemleri` (`BirimFiyat`, `HareketBaslikId`, `MalzemeId`, `Miktar`, `SatirAciklamasi`)
VALUES (@p50, @p51, @p52, @p53, @p54);
SELECT `Id`
FROM `HareketKalemleri`
WHERE ROW_COUNT() = 1 AND `Id` = LAST_INSERT_ID();

INSERT INTO `HareketKalemleri` (`BirimFiyat`, `HareketBaslikId`, `MalzemeId`, `Miktar`, `SatirAciklamasi`)
VALUES (@p55, @p56, @p57, @p58, @p59);
SELECT `Id`
FROM `HareketKalemleri`
WHERE ROW_COUNT() = 1 AND `Id` = LAST_INSERT_ID();

INSERT INTO `HareketKalemleri` (`BirimFiyat`, `HareketBaslikId`, `MalzemeId`, `Miktar`, `SatirAciklamasi`)
VALUES (@p60, @p61, @p62, @p63, @p64);
SELECT `Id`
FROM `HareketKalemleri`
WHERE ROW_COUNT() = 1 AND `Id` = LAST_INSERT_ID();

INSERT INTO `HareketKalemleri` (`BirimFiyat`, `HareketBaslikId`, `MalzemeId`, `Miktar`, `SatirAciklamasi`)
VALUES (@p65, @p66, @p67, @p68, @p69);
SELECT `Id`
FROM `HareketKalemleri`
WHERE ROW_COUNT() = 1 AND `Id` = LAST_INSERT_ID();

INSERT INTO `HareketKalemleri` (`BirimFiyat`, `HareketBaslikId`, `MalzemeId`, `Miktar`, `SatirAciklamasi`)
VALUES (@p70, @p71, @p72, @p73, @p74);
SELECT `Id`
FROM `HareketKalemleri`
WHERE ROW_COUNT() = 1 AND `Id` = LAST_INSERT_ID();

INSERT INTO `HareketKalemleri` (`BirimFiyat`, `HareketBaslikId`, `MalzemeId`, `Miktar`, `SatirAciklamasi`)
VALUES (@p75, @p76, @p77, @p78, @p79);
SELECT `Id`
FROM `HareketKalemleri`
WHERE ROW_COUNT() = 1 AND `Id` = LAST_INSERT_ID();

INSERT INTO `HareketKalemleri` (`BirimFiyat`, `HareketBaslikId`, `MalzemeId`, `Miktar`, `SatirAciklamasi`)
VALUES (@p80, @p81, @p82, @p83, @p84);
SELECT `Id`
FROM `HareketKalemleri`
WHERE ROW_COUNT() = 1 AND `Id` = LAST_INSERT_ID();

INSERT INTO `HareketKalemleri` (`BirimFiyat`, `HareketBaslikId`, `MalzemeId`, `Miktar`, `SatirAciklamasi`)
VALUES (@p85, @p86, @p87, @p88, @p89);
SELECT `Id`
FROM `HareketKalemleri`
WHERE ROW_COUNT() = 1 AND `Id` = LAST_INSERT_ID();

INSERT INTO `HareketKalemleri` (`BirimFiyat`, `HareketBaslikId`, `MalzemeId`, `Miktar`, `SatirAciklamasi`)
VALUES (@p90, @p91, @p92, @p93, @p94);
SELECT `Id`
FROM `HareketKalemleri`
WHERE ROW_COUNT() = 1 AND `Id` = LAST_INSERT_ID();

INSERT INTO `HareketKalemleri` (`BirimFiyat`, `HareketBaslikId`, `MalzemeId`, `Miktar`, `SatirAciklamasi`)
VALUES (@p95, @p96, @p97, @p98, @p99);
SELECT `Id`
FROM `HareketKalemleri`
WHERE ROW_COUNT() = 1 AND `Id` = LAST_INSERT_ID();

INSERT INTO `HareketKalemleri` (`BirimFiyat`, `HareketBaslikId`, `MalzemeId`, `Miktar`, `SatirAciklamasi`)
VALUES (@p100, @p101, @p102, @p103, @p104);
SELECT `Id`
FROM `HareketKalemleri`
WHERE ROW_COUNT() = 1 AND `Id` = LAST_INSERT_ID();

INSERT INTO `HareketKalemleri` (`BirimFiyat`, `HareketBaslikId`, `MalzemeId`, `Miktar`, `SatirAciklamasi`)
VALUES (@p105, @p106, @p107, @p108, @p109);
SELECT `Id`
FROM `HareketKalemleri`
WHERE ROW_COUNT() = 1 AND `Id` = LAST_INSERT_ID();

INSERT INTO `HareketKalemleri` (`BirimFiyat`, `HareketBaslikId`, `MalzemeId`, `Miktar`, `SatirAciklamasi`)
VALUES (@p110, @p111, @p112, @p113, @p114);
SELECT `Id`
FROM `HareketKalemleri`
WHERE ROW_COUNT() = 1 AND `Id` = LAST_INSERT_ID();

INSERT INTO `HareketKalemleri` (`BirimFiyat`, `HareketBaslikId`, `MalzemeId`, `Miktar`, `SatirAciklamasi`)
VALUES (@p115, @p116, @p117, @p118, @p119);
SELECT `Id`
FROM `HareketKalemleri`
WHERE ROW_COUNT() = 1 AND `Id` = LAST_INSERT_ID();

INSERT INTO `HareketKalemleri` (`BirimFiyat`, `HareketBaslikId`, `MalzemeId`, `Miktar`, `SatirAciklamasi`)
VALUES (@p120, @p121, @p122, @p123, @p124);
SELECT `Id`
FROM `HareketKalemleri`
WHERE ROW_COUNT() = 1 AND `Id` = LAST_INSERT_ID();

INSERT INTO `HareketKalemleri` (`BirimFiyat`, `HareketBaslikId`, `MalzemeId`, `Miktar`, `SatirAciklamasi`)
VALUES (@p125, @p126, @p127, @p128, @p129);
SELECT `Id`
FROM `HareketKalemleri`
WHERE ROW_COUNT() = 1 AND `Id` = LAST_INSERT_ID();

INSERT INTO `HareketKalemleri` (`BirimFiyat`, `HareketBaslikId`, `MalzemeId`, `Miktar`, `SatirAciklamasi`)
VALUES (@p130, @p131, @p132, @p133, @p134);
SELECT `Id`
FROM `HareketKalemleri`
WHERE ROW_COUNT() = 1 AND `Id` = LAST_INSERT_ID();

INSERT INTO `HareketKalemleri` (`BirimFiyat`, `HareketBaslikId`, `MalzemeId`, `Miktar`, `SatirAciklamasi`)
VALUES (@p135, @p136, @p137, @p138, @p139);
SELECT `Id`
FROM `HareketKalemleri`
WHERE ROW_COUNT() = 1 AND `Id` = LAST_INSERT_ID();

INSERT INTO `HareketKalemleri` (`BirimFiyat`, `HareketBaslikId`, `MalzemeId`, `Miktar`, `SatirAciklamasi`)
VALUES (@p140, @p141, @p142, @p143, @p144);
SELECT `Id`
FROM `HareketKalemleri`
WHERE ROW_COUNT() = 1 AND `Id` = LAST_INSERT_ID();

INSERT INTO `HareketKalemleri` (`BirimFiyat`, `HareketBaslikId`, `MalzemeId`, `Miktar`, `SatirAciklamasi`)
VALUES (@p145, @p146, @p147, @p148, @p149);
SELECT `Id`
FROM `HareketKalemleri`
WHERE ROW_COUNT() = 1 AND `Id` = LAST_INSERT_ID();

INSERT INTO `HareketKalemleri` (`BirimFiyat`, `HareketBaslikId`, `MalzemeId`, `Miktar`, `SatirAciklamasi`)
VALUES (@p150, @p151, @p152, @p153, @p154);
SELECT `Id`
FROM `HareketKalemleri`
WHERE ROW_COUNT() = 1 AND `Id` = LAST_INSERT_ID();

INSERT INTO `HareketKalemleri` (`BirimFiyat`, `HareketBaslikId`, `MalzemeId`, `Miktar`, `SatirAciklamasi`)
VALUES (@p155, @p156, @p157, @p158, @p159);
SELECT `Id`
FROM `HareketKalemleri`
WHERE ROW_COUNT() = 1 AND `Id` = LAST_INSERT_ID();

INSERT INTO `HareketKalemleri` (`BirimFiyat`, `HareketBaslikId`, `MalzemeId`, `Miktar`, `SatirAciklamasi`)
VALUES (@p160, @p161, @p162, @p163, @p164);
SELECT `Id`
FROM `HareketKalemleri`
WHERE ROW_COUNT() = 1 AND `Id` = LAST_INSERT_ID();

INSERT INTO `HareketKalemleri` (`BirimFiyat`, `HareketBaslikId`, `MalzemeId`, `Miktar`, `SatirAciklamasi`)
VALUES (@p165, @p166, @p167, @p168, @p169);
SELECT `Id`
FROM `HareketKalemleri`
WHERE ROW_COUNT() = 1 AND `Id` = LAST_INSERT_ID();

INSERT INTO `HareketKalemleri` (`BirimFiyat`, `HareketBaslikId`, `MalzemeId`, `Miktar`, `SatirAciklamasi`)
VALUES (@p170, @p171, @p172, @p173, @p174);
SELECT `Id`
FROM `HareketKalemleri`
WHERE ROW_COUNT() = 1 AND `Id` = LAST_INSERT_ID();

INSERT INTO `HareketKalemleri` (`BirimFiyat`, `HareketBaslikId`, `MalzemeId`, `Miktar`, `SatirAciklamasi`)
VALUES (@p175, @p176, @p177, @p178, @p179);
SELECT `Id`
FROM `HareketKalemleri`
WHERE ROW_COUNT() = 1 AND `Id` = LAST_INSERT_ID();

INSERT INTO `HareketKalemleri` (`BirimFiyat`, `HareketBaslikId`, `MalzemeId`, `Miktar`, `SatirAciklamasi`)
VALUES (@p180, @p181, @p182, @p183, @p184);
SELECT `Id`
FROM `HareketKalemleri`
WHERE ROW_COUNT() = 1 AND `Id` = LAST_INSERT_ID();

INSERT INTO `HareketKalemleri` (`BirimFiyat`, `HareketBaslikId`, `MalzemeId`, `Miktar`, `SatirAciklamasi`)
VALUES (@p185, @p186, @p187, @p188, @p189);
SELECT `Id`
FROM `HareketKalemleri`
WHERE ROW_COUNT() = 1 AND `Id` = LAST_INSERT_ID();

INSERT INTO `HareketKalemleri` (`BirimFiyat`, `HareketBaslikId`, `MalzemeId`, `Miktar`, `SatirAciklamasi`)
VALUES (@p190, @p191, @p192, @p193, @p194);
SELECT `Id`
FROM `HareketKalemleri`
WHERE ROW_COUNT() = 1 AND `Id` = LAST_INSERT_ID();

INSERT INTO `HareketKalemleri` (`BirimFiyat`, `HareketBaslikId`, `MalzemeId`, `Miktar`, `SatirAciklamasi`)
VALUES (@p195, @p196, @p197, @p198, @p199);
SELECT `Id`
FROM `HareketKalemleri`
WHERE ROW_COUNT() = 1 AND `Id` = LAST_INSERT_ID();

INSERT INTO `HareketKalemleri` (`BirimFiyat`, `HareketBaslikId`, `MalzemeId`, `Miktar`, `SatirAciklamasi`)
VALUES (@p200, @p201, @p202, @p203, @p204);
SELECT `Id`
FROM `HareketKalemleri`
WHERE ROW_COUNT() = 1 AND `Id` = LAST_INSERT_ID();

INSERT INTO `HareketKalemleri` (`BirimFiyat`, `HareketBaslikId`, `MalzemeId`, `Miktar`, `SatirAciklamasi`)
VALUES (@p205, @p206, @p207, @p208, @p209);
SELECT `Id`
FROM `HareketKalemleri`
WHERE ROW_COUNT() = 1 AND `Id` = LAST_INSERT_ID();
2026-08-13 14:33:49.393 +03:00 [INF] Executed DbCommand (1ms) [Parameters=[@p0='?' (DbType = Decimal), @p1='?' (DbType = Int32), @p2='?' (DbType = Int32), @p3='?' (DbType = Decimal), @p4='?' (Size = 150), @p5='?' (DbType = Decimal), @p6='?' (DbType = Int32), @p7='?' (DbType = Int32), @p8='?' (DbType = Decimal), @p9='?' (Size = 150), @p10='?' (DbType = Decimal), @p11='?' (DbType = Int32), @p12='?' (DbType = Int32), @p13='?' (DbType = Decimal), @p14='?' (Size = 150), @p15='?' (DbType = Decimal), @p16='?' (DbType = Int32), @p17='?' (DbType = Int32), @p18='?' (DbType = Decimal), @p19='?' (Size = 150), @p20='?' (DbType = Decimal), @p21='?' (DbType = Int32), @p22='?' (DbType = Int32), @p23='?' (DbType = Decimal), @p24='?' (Size = 150), @p25='?' (DbType = Decimal), @p26='?' (DbType = Int32), @p27='?' (DbType = Int32), @p28='?' (DbType = Decimal), @p29='?' (Size = 150), @p30='?' (DbType = Decimal), @p31='?' (DbType = Int32), @p32='?' (DbType = Int32), @p33='?' (DbType = Decimal), @p34='?' (Size = 150), @p35='?' (DbType = Decimal), @p36='?' (DbType = Int32), @p37='?' (DbType = Int32), @p38='?' (DbType = Decimal), @p39='?' (Size = 150), @p40='?' (DbType = Decimal), @p41='?' (DbType = Int32), @p42='?' (DbType = Int32), @p43='?' (DbType = Decimal), @p44='?' (Size = 150), @p45='?' (DbType = Decimal), @p46='?' (DbType = Int32), @p47='?' (DbType = Int32), @p48='?' (DbType = Decimal), @p49='?' (Size = 150), @p50='?' (DbType = Decimal), @p51='?' (DbType = Int32), @p52='?' (DbType = Int32), @p53='?' (DbType = Decimal), @p54='?' (Size = 150), @p55='?' (DbType = Decimal), @p56='?' (DbType = Int32), @p57='?' (DbType = Int32), @p58='?' (DbType = Decimal), @p59='?' (Size = 150), @p60='?' (DbType = Decimal), @p61='?' (DbType = Int32), @p62='?' (DbType = Int32), @p63='?' (DbType = Decimal), @p64='?' (Size = 150), @p65='?' (DbType = Decimal), @p66='?' (DbType = Int32), @p67='?' (DbType = Int32), @p68='?' (DbType = Decimal), @p69='?' (Size = 150), @p70='?' (DbType = Decimal), @p71='?' (DbType = Int32), @p72='?' (DbType = Int32), @p73='?' (DbType = Decimal), @p74='?' (Size = 150), @p75='?' (DbType = Decimal), @p76='?' (DbType = Int32), @p77='?' (DbType = Int32), @p78='?' (DbType = Decimal), @p79='?' (Size = 150), @p80='?' (DbType = Decimal), @p81='?' (DbType = Int32), @p82='?' (DbType = Int32), @p83='?' (DbType = Decimal), @p84='?' (Size = 150), @p85='?' (DbType = Decimal), @p86='?' (DbType = Int32), @p87='?' (DbType = Int32), @p88='?' (DbType = Decimal), @p89='?' (Size = 150), @p90='?' (DbType = Decimal), @p91='?' (DbType = Int32), @p92='?' (DbType = Int32), @p93='?' (DbType = Decimal), @p94='?' (Size = 150), @p95='?' (DbType = Decimal), @p96='?' (DbType = Int32), @p97='?' (DbType = Int32), @p98='?' (DbType = Decimal), @p99='?' (Size = 150), @p100='?' (DbType = Decimal), @p101='?' (DbType = Int32), @p102='?' (DbType = Int32), @p103='?' (DbType = Decimal), @p104='?' (Size = 150), @p105='?' (DbType = Decimal), @p106='?' (DbType = Int32), @p107='?' (DbType = Int32), @p108='?' (DbType = Decimal), @p109='?' (Size = 150), @p110='?' (DbType = Decimal), @p111='?' (DbType = Int32), @p112='?' (DbType = Int32), @p113='?' (DbType = Decimal), @p114='?' (Size = 150), @p115='?' (DbType = Decimal), @p116='?' (DbType = Int32), @p117='?' (DbType = Int32), @p118='?' (DbType = Decimal), @p119='?' (Size = 150), @p120='?' (DbType = Decimal), @p121='?' (DbType = Int32), @p122='?' (DbType = Int32), @p123='?' (DbType = Decimal), @p124='?' (Size = 150), @p125='?' (DbType = Decimal), @p126='?' (DbType = Int32), @p127='?' (DbType = Int32), @p128='?' (DbType = Decimal), @p129='?' (Size = 150), @p130='?' (DbType = Decimal), @p131='?' (DbType = Int32), @p132='?' (DbType = Int32), @p133='?' (DbType = Decimal), @p134='?' (Size = 150), @p135='?' (DbType = Decimal), @p136='?' (DbType = Int32), @p137='?' (DbType = Int32), @p138='?' (DbType = Decimal), @p139='?' (Size = 150), @p140='?' (DbType = Decimal), @p141='?' (DbType = Int32), @p142='?' (DbType = Int32), @p143='?' (DbType = Decimal), @p144='?' (Size = 150), @p145='?' (DbType = Decimal), @p146='?' (DbType = Int32), @p147='?' (DbType = Int32), @p148='?' (DbType = Decimal), @p149='?' (Size = 150), @p150='?' (DbType = Decimal), @p151='?' (DbType = Int32), @p152='?' (DbType = Int32), @p153='?' (DbType = Decimal), @p154='?' (Size = 150), @p155='?' (DbType = Decimal), @p156='?' (DbType = Int32), @p157='?' (DbType = Int32), @p158='?' (DbType = Decimal), @p159='?' (Size = 150), @p160='?' (DbType = Decimal), @p161='?' (DbType = Int32), @p162='?' (DbType = Int32), @p163='?' (DbType = Decimal), @p164='?' (Size = 150), @p165='?' (DbType = Decimal), @p166='?' (DbType = Int32), @p167='?' (DbType = Int32), @p168='?' (DbType = Decimal), @p169='?' (Size = 150), @p170='?' (DbType = Decimal), @p171='?' (DbType = Int32), @p172='?' (DbType = Int32), @p173='?' (DbType = Decimal), @p174='?' (Size = 150), @p175='?' (DbType = Decimal), @p176='?' (DbType = Int32), @p177='?' (DbType = Int32), @p178='?' (DbType = Decimal), @p179='?' (Size = 150), @p180='?' (DbType = Decimal), @p181='?' (DbType = Int32), @p182='?' (DbType = Int32), @p183='?' (DbType = Decimal), @p184='?' (Size = 150), @p185='?' (DbType = Decimal), @p186='?' (DbType = Int32), @p187='?' (DbType = Int32), @p188='?' (DbType = Decimal), @p189='?' (Size = 150), @p190='?' (DbType = Decimal), @p191='?' (DbType = Int32), @p192='?' (DbType = Int32), @p193='?' (DbType = Decimal), @p194='?' (Size = 150), @p195='?' (DbType = Decimal), @p196='?' (DbType = Int32), @p197='?' (DbType = Int32), @p198='?' (DbType = Decimal), @p199='?' (Size = 150), @p200='?' (DbType = Decimal), @p201='?' (DbType = Int32), @p202='?' (DbType = Int32), @p203='?' (DbType = Decimal), @p204='?' (Size = 150), @p205='?' (DbType = Decimal), @p206='?' (DbType = Int32), @p207='?' (DbType = Int32), @p208='?' (DbType = Decimal), @p209='?' (Size = 150)], CommandType='"Text"', CommandTimeout='30']
INSERT INTO `HareketKalemleri` (`BirimFiyat`, `HareketBaslikId`, `MalzemeId`, `Miktar`, `SatirAciklamasi`)
VALUES (@p0, @p1, @p2, @p3, @p4);
SELECT `Id`
FROM `HareketKalemleri`
WHERE ROW_COUNT() = 1 AND `Id` = LAST_INSERT_ID();

INSERT INTO `HareketKalemleri` (`BirimFiyat`, `HareketBaslikId`, `MalzemeId`, `Miktar`, `SatirAciklamasi`)
VALUES (@p5, @p6, @p7, @p8, @p9);
SELECT `Id`
FROM `HareketKalemleri`
WHERE ROW_COUNT() = 1 AND `Id` = LAST_INSERT_ID();

INSERT INTO `HareketKalemleri` (`BirimFiyat`, `HareketBaslikId`, `MalzemeId`, `Miktar`, `SatirAciklamasi`)
VALUES (@p10, @p11, @p12, @p13, @p14);
SELECT `Id`
FROM `HareketKalemleri`
WHERE ROW_COUNT() = 1 AND `Id` = LAST_INSERT_ID();

INSERT INTO `HareketKalemleri` (`BirimFiyat`, `HareketBaslikId`, `MalzemeId`, `Miktar`, `SatirAciklamasi`)
VALUES (@p15, @p16, @p17, @p18, @p19);
SELECT `Id`
FROM `HareketKalemleri`
WHERE ROW_COUNT() = 1 AND `Id` = LAST_INSERT_ID();

INSERT INTO `HareketKalemleri` (`BirimFiyat`, `HareketBaslikId`, `MalzemeId`, `Miktar`, `SatirAciklamasi`)
VALUES (@p20, @p21, @p22, @p23, @p24);
SELECT `Id`
FROM `HareketKalemleri`
WHERE ROW_COUNT() = 1 AND `Id` = LAST_INSERT_ID();

INSERT INTO `HareketKalemleri` (`BirimFiyat`, `HareketBaslikId`, `MalzemeId`, `Miktar`, `SatirAciklamasi`)
VALUES (@p25, @p26, @p27, @p28, @p29);
SELECT `Id`
FROM `HareketKalemleri`
WHERE ROW_COUNT() = 1 AND `Id` = LAST_INSERT_ID();

INSERT INTO `HareketKalemleri` (`BirimFiyat`, `HareketBaslikId`, `MalzemeId`, `Miktar`, `SatirAciklamasi`)
VALUES (@p30, @p31, @p32, @p33, @p34);
SELECT `Id`
FROM `HareketKalemleri`
WHERE ROW_COUNT() = 1 AND `Id` = LAST_INSERT_ID();

INSERT INTO `HareketKalemleri` (`BirimFiyat`, `HareketBaslikId`, `MalzemeId`, `Miktar`, `SatirAciklamasi`)
VALUES (@p35, @p36, @p37, @p38, @p39);
SELECT `Id`
FROM `HareketKalemleri`
WHERE ROW_COUNT() = 1 AND `Id` = LAST_INSERT_ID();

INSERT INTO `HareketKalemleri` (`BirimFiyat`, `HareketBaslikId`, `MalzemeId`, `Miktar`, `SatirAciklamasi`)
VALUES (@p40, @p41, @p42, @p43, @p44);
SELECT `Id`
FROM `HareketKalemleri`
WHERE ROW_COUNT() = 1 AND `Id` = LAST_INSERT_ID();

INSERT INTO `HareketKalemleri` (`BirimFiyat`, `HareketBaslikId`, `MalzemeId`, `Miktar`, `SatirAciklamasi`)
VALUES (@p45, @p46, @p47, @p48, @p49);
SELECT `Id`
FROM `HareketKalemleri`
WHERE ROW_COUNT() = 1 AND `Id` = LAST_INSERT_ID();

INSERT INTO `HareketKalemleri` (`BirimFiyat`, `HareketBaslikId`, `MalzemeId`, `Miktar`, `SatirAciklamasi`)
VALUES (@p50, @p51, @p52, @p53, @p54);
SELECT `Id`
FROM `HareketKalemleri`
WHERE ROW_COUNT() = 1 AND `Id` = LAST_INSERT_ID();

INSERT INTO `HareketKalemleri` (`BirimFiyat`, `HareketBaslikId`, `MalzemeId`, `Miktar`, `SatirAciklamasi`)
VALUES (@p55, @p56, @p57, @p58, @p59);
SELECT `Id`
FROM `HareketKalemleri`
WHERE ROW_COUNT() = 1 AND `Id` = LAST_INSERT_ID();

INSERT INTO `HareketKalemleri` (`BirimFiyat`, `HareketBaslikId`, `MalzemeId`, `Miktar`, `SatirAciklamasi`)
VALUES (@p60, @p61, @p62, @p63, @p64);
SELECT `Id`
FROM `HareketKalemleri`
WHERE ROW_COUNT() = 1 AND `Id` = LAST_INSERT_ID();

INSERT INTO `HareketKalemleri` (`BirimFiyat`, `HareketBaslikId`, `MalzemeId`, `Miktar`, `SatirAciklamasi`)
VALUES (@p65, @p66, @p67, @p68, @p69);
SELECT `Id`
FROM `HareketKalemleri`
WHERE ROW_COUNT() = 1 AND `Id` = LAST_INSERT_ID();

INSERT INTO `HareketKalemleri` (`BirimFiyat`, `HareketBaslikId`, `MalzemeId`, `Miktar`, `SatirAciklamasi`)
VALUES (@p70, @p71, @p72, @p73, @p74);
SELECT `Id`
FROM `HareketKalemleri`
WHERE ROW_COUNT() = 1 AND `Id` = LAST_INSERT_ID();

INSERT INTO `HareketKalemleri` (`BirimFiyat`, `HareketBaslikId`, `MalzemeId`, `Miktar`, `SatirAciklamasi`)
VALUES (@p75, @p76, @p77, @p78, @p79);
SELECT `Id`
FROM `HareketKalemleri`
WHERE ROW_COUNT() = 1 AND `Id` = LAST_INSERT_ID();

INSERT INTO `HareketKalemleri` (`BirimFiyat`, `HareketBaslikId`, `MalzemeId`, `Miktar`, `SatirAciklamasi`)
VALUES (@p80, @p81, @p82, @p83, @p84);
SELECT `Id`
FROM `HareketKalemleri`
WHERE ROW_COUNT() = 1 AND `Id` = LAST_INSERT_ID();

INSERT INTO `HareketKalemleri` (`BirimFiyat`, `HareketBaslikId`, `MalzemeId`, `Miktar`, `SatirAciklamasi`)
VALUES (@p85, @p86, @p87, @p88, @p89);
SELECT `Id`
FROM `HareketKalemleri`
WHERE ROW_COUNT() = 1 AND `Id` = LAST_INSERT_ID();

INSERT INTO `HareketKalemleri` (`BirimFiyat`, `HareketBaslikId`, `MalzemeId`, `Miktar`, `SatirAciklamasi`)
VALUES (@p90, @p91, @p92, @p93, @p94);
SELECT `Id`
FROM `HareketKalemleri`
WHERE ROW_COUNT() = 1 AND `Id` = LAST_INSERT_ID();

INSERT INTO `HareketKalemleri` (`BirimFiyat`, `HareketBaslikId`, `MalzemeId`, `Miktar`, `SatirAciklamasi`)
VALUES (@p95, @p96, @p97, @p98, @p99);
SELECT `Id`
FROM `HareketKalemleri`
WHERE ROW_COUNT() = 1 AND `Id` = LAST_INSERT_ID();

INSERT INTO `HareketKalemleri` (`BirimFiyat`, `HareketBaslikId`, `MalzemeId`, `Miktar`, `SatirAciklamasi`)
VALUES (@p100, @p101, @p102, @p103, @p104);
SELECT `Id`
FROM `HareketKalemleri`
WHERE ROW_COUNT() = 1 AND `Id` = LAST_INSERT_ID();

INSERT INTO `HareketKalemleri` (`BirimFiyat`, `HareketBaslikId`, `MalzemeId`, `Miktar`, `SatirAciklamasi`)
VALUES (@p105, @p106, @p107, @p108, @p109);
SELECT `Id`
FROM `HareketKalemleri`
WHERE ROW_COUNT() = 1 AND `Id` = LAST_INSERT_ID();

INSERT INTO `HareketKalemleri` (`BirimFiyat`, `HareketBaslikId`, `MalzemeId`, `Miktar`, `SatirAciklamasi`)
VALUES (@p110, @p111, @p112, @p113, @p114);
SELECT `Id`
FROM `HareketKalemleri`
WHERE ROW_COUNT() = 1 AND `Id` = LAST_INSERT_ID();

INSERT INTO `HareketKalemleri` (`BirimFiyat`, `HareketBaslikId`, `MalzemeId`, `Miktar`, `SatirAciklamasi`)
VALUES (@p115, @p116, @p117, @p118, @p119);
SELECT `Id`
FROM `HareketKalemleri`
WHERE ROW_COUNT() = 1 AND `Id` = LAST_INSERT_ID();

INSERT INTO `HareketKalemleri` (`BirimFiyat`, `HareketBaslikId`, `MalzemeId`, `Miktar`, `SatirAciklamasi`)
VALUES (@p120, @p121, @p122, @p123, @p124);
SELECT `Id`
FROM `HareketKalemleri`
WHERE ROW_COUNT() = 1 AND `Id` = LAST_INSERT_ID();

INSERT INTO `HareketKalemleri` (`BirimFiyat`, `HareketBaslikId`, `MalzemeId`, `Miktar`, `SatirAciklamasi`)
VALUES (@p125, @p126, @p127, @p128, @p129);
SELECT `Id`
FROM `HareketKalemleri`
WHERE ROW_COUNT() = 1 AND `Id` = LAST_INSERT_ID();

INSERT INTO `HareketKalemleri` (`BirimFiyat`, `HareketBaslikId`, `MalzemeId`, `Miktar`, `SatirAciklamasi`)
VALUES (@p130, @p131, @p132, @p133, @p134);
SELECT `Id`
FROM `HareketKalemleri`
WHERE ROW_COUNT() = 1 AND `Id` = LAST_INSERT_ID();

INSERT INTO `HareketKalemleri` (`BirimFiyat`, `HareketBaslikId`, `MalzemeId`, `Miktar`, `SatirAciklamasi`)
VALUES (@p135, @p136, @p137, @p138, @p139);
SELECT `Id`
FROM `HareketKalemleri`
WHERE ROW_COUNT() = 1 AND `Id` = LAST_INSERT_ID();

INSERT INTO `HareketKalemleri` (`BirimFiyat`, `HareketBaslikId`, `MalzemeId`, `Miktar`, `SatirAciklamasi`)
VALUES (@p140, @p141, @p142, @p143, @p144);
SELECT `Id`
FROM `HareketKalemleri`
WHERE ROW_COUNT() = 1 AND `Id` = LAST_INSERT_ID();

INSERT INTO `HareketKalemleri` (`BirimFiyat`, `HareketBaslikId`, `MalzemeId`, `Miktar`, `SatirAciklamasi`)
VALUES (@p145, @p146, @p147, @p148, @p149);
SELECT `Id`
FROM `HareketKalemleri`
WHERE ROW_COUNT() = 1 AND `Id` = LAST_INSERT_ID();

INSERT INTO `HareketKalemleri` (`BirimFiyat`, `HareketBaslikId`, `MalzemeId`, `Miktar`, `SatirAciklamasi`)
VALUES (@p150, @p151, @p152, @p153, @p154);
SELECT `Id`
FROM `HareketKalemleri`
WHERE ROW_COUNT() = 1 AND `Id` = LAST_INSERT_ID();

INSERT INTO `HareketKalemleri` (`BirimFiyat`, `HareketBaslikId`, `MalzemeId`, `Miktar`, `SatirAciklamasi`)
VALUES (@p155, @p156, @p157, @p158, @p159);
SELECT `Id`
FROM `HareketKalemleri`
WHERE ROW_COUNT() = 1 AND `Id` = LAST_INSERT_ID();

INSERT INTO `HareketKalemleri` (`BirimFiyat`, `HareketBaslikId`, `MalzemeId`, `Miktar`, `SatirAciklamasi`)
VALUES (@p160, @p161, @p162, @p163, @p164);
SELECT `Id`
FROM `HareketKalemleri`
WHERE ROW_COUNT() = 1 AND `Id` = LAST_INSERT_ID();

INSERT INTO `HareketKalemleri` (`BirimFiyat`, `HareketBaslikId`, `MalzemeId`, `Miktar`, `SatirAciklamasi`)
VALUES (@p165, @p166, @p167, @p168, @p169);
SELECT `Id`
FROM `HareketKalemleri`
WHERE ROW_COUNT() = 1 AND `Id` = LAST_INSERT_ID();

INSERT INTO `HareketKalemleri` (`BirimFiyat`, `HareketBaslikId`, `MalzemeId`, `Miktar`, `SatirAciklamasi`)
VALUES (@p170, @p171, @p172, @p173, @p174);
SELECT `Id`
FROM `HareketKalemleri`
WHERE ROW_COUNT() = 1 AND `Id` = LAST_INSERT_ID();

INSERT INTO `HareketKalemleri` (`BirimFiyat`, `HareketBaslikId`, `MalzemeId`, `Miktar`, `SatirAciklamasi`)
VALUES (@p175, @p176, @p177, @p178, @p179);
SELECT `Id`
FROM `HareketKalemleri`
WHERE ROW_COUNT() = 1 AND `Id` = LAST_INSERT_ID();

INSERT INTO `HareketKalemleri` (`BirimFiyat`, `HareketBaslikId`, `MalzemeId`, `Miktar`, `SatirAciklamasi`)
VALUES (@p180, @p181, @p182, @p183, @p184);
SELECT `Id`
FROM `HareketKalemleri`
WHERE ROW_COUNT() = 1 AND `Id` = LAST_INSERT_ID();

INSERT INTO `HareketKalemleri` (`BirimFiyat`, `HareketBaslikId`, `MalzemeId`, `Miktar`, `SatirAciklamasi`)
VALUES (@p185, @p186, @p187, @p188, @p189);
SELECT `Id`
FROM `HareketKalemleri`
WHERE ROW_COUNT() = 1 AND `Id` = LAST_INSERT_ID();

INSERT INTO `HareketKalemleri` (`BirimFiyat`, `HareketBaslikId`, `MalzemeId`, `Miktar`, `SatirAciklamasi`)
VALUES (@p190, @p191, @p192, @p193, @p194);
SELECT `Id`
FROM `HareketKalemleri`
WHERE ROW_COUNT() = 1 AND `Id` = LAST_INSERT_ID();

INSERT INTO `HareketKalemleri` (`BirimFiyat`, `HareketBaslikId`, `MalzemeId`, `Miktar`, `SatirAciklamasi`)
VALUES (@p195, @p196, @p197, @p198, @p199);
SELECT `Id`
FROM `HareketKalemleri`
WHERE ROW_COUNT() = 1 AND `Id` = LAST_INSERT_ID();

INSERT INTO `HareketKalemleri` (`BirimFiyat`, `HareketBaslikId`, `MalzemeId`, `Miktar`, `SatirAciklamasi`)
VALUES (@p200, @p201, @p202, @p203, @p204);
SELECT `Id`
FROM `HareketKalemleri`
WHERE ROW_COUNT() = 1 AND `Id` = LAST_INSERT_ID();

INSERT INTO `HareketKalemleri` (`BirimFiyat`, `HareketBaslikId`, `MalzemeId`, `Miktar`, `SatirAciklamasi`)
VALUES (@p205, @p206, @p207, @p208, @p209);
SELECT `Id`
FROM `HareketKalemleri`
WHERE ROW_COUNT() = 1 AND `Id` = LAST_INSERT_ID();
2026-08-13 14:33:49.411 +03:00 [INF] Executed DbCommand (1ms) [Parameters=[@p0='?' (DbType = Decimal), @p1='?' (DbType = Int32), @p2='?' (DbType = Int32), @p3='?' (DbType = Decimal), @p4='?' (Size = 150), @p5='?' (DbType = Decimal), @p6='?' (DbType = Int32), @p7='?' (DbType = Int32), @p8='?' (DbType = Decimal), @p9='?' (Size = 150), @p10='?' (DbType = Decimal), @p11='?' (DbType = Int32), @p12='?' (DbType = Int32), @p13='?' (DbType = Decimal), @p14='?' (Size = 150), @p15='?' (DbType = Decimal), @p16='?' (DbType = Int32), @p17='?' (DbType = Int32), @p18='?' (DbType = Decimal), @p19='?' (Size = 150), @p20='?' (DbType = Decimal), @p21='?' (DbType = Int32), @p22='?' (DbType = Int32), @p23='?' (DbType = Decimal), @p24='?' (Size = 150), @p25='?' (DbType = Decimal), @p26='?' (DbType = Int32), @p27='?' (DbType = Int32), @p28='?' (DbType = Decimal), @p29='?' (Size = 150), @p30='?' (DbType = Decimal), @p31='?' (DbType = Int32), @p32='?' (DbType = Int32), @p33='?' (DbType = Decimal), @p34='?' (Size = 150), @p35='?' (DbType = Decimal), @p36='?' (DbType = Int32), @p37='?' (DbType = Int32), @p38='?' (DbType = Decimal), @p39='?' (Size = 150), @p40='?' (DbType = Decimal), @p41='?' (DbType = Int32), @p42='?' (DbType = Int32), @p43='?' (DbType = Decimal), @p44='?' (Size = 150), @p45='?' (DbType = Decimal), @p46='?' (DbType = Int32), @p47='?' (DbType = Int32), @p48='?' (DbType = Decimal), @p49='?' (Size = 150), @p50='?' (DbType = Decimal), @p51='?' (DbType = Int32), @p52='?' (DbType = Int32), @p53='?' (DbType = Decimal), @p54='?' (Size = 150), @p55='?' (DbType = Decimal), @p56='?' (DbType = Int32), @p57='?' (DbType = Int32), @p58='?' (DbType = Decimal), @p59='?' (Size = 150), @p60='?' (DbType = Decimal), @p61='?' (DbType = Int32), @p62='?' (DbType = Int32), @p63='?' (DbType = Decimal), @p64='?' (Size = 150), @p65='?' (DbType = Decimal), @p66='?' (DbType = Int32), @p67='?' (DbType = Int32), @p68='?' (DbType = Decimal), @p69='?' (Size = 150), @p70='?' (DbType = Decimal), @p71='?' (DbType = Int32), @p72='?' (DbType = Int32), @p73='?' (DbType = Decimal), @p74='?' (Size = 150), @p75='?' (DbType = Decimal), @p76='?' (DbType = Int32), @p77='?' (DbType = Int32), @p78='?' (DbType = Decimal), @p79='?' (Size = 150), @p80='?' (DbType = Decimal), @p81='?' (DbType = Int32), @p82='?' (DbType = Int32), @p83='?' (DbType = Decimal), @p84='?' (Size = 150), @p85='?' (DbType = Decimal), @p86='?' (DbType = Int32), @p87='?' (DbType = Int32), @p88='?' (DbType = Decimal), @p89='?' (Size = 150), @p90='?' (DbType = Decimal), @p91='?' (DbType = Int32), @p92='?' (DbType = Int32), @p93='?' (DbType = Decimal), @p94='?' (Size = 150), @p95='?' (DbType = Decimal), @p96='?' (DbType = Int32), @p97='?' (DbType = Int32), @p98='?' (DbType = Decimal), @p99='?' (Size = 150), @p100='?' (DbType = Decimal), @p101='?' (DbType = Int32), @p102='?' (DbType = Int32), @p103='?' (DbType = Decimal), @p104='?' (Size = 150), @p105='?' (DbType = Decimal), @p106='?' (DbType = Int32), @p107='?' (DbType = Int32), @p108='?' (DbType = Decimal), @p109='?' (Size = 150), @p110='?' (DbType = Decimal), @p111='?' (DbType = Int32), @p112='?' (DbType = Int32), @p113='?' (DbType = Decimal), @p114='?' (Size = 150), @p115='?' (DbType = Decimal), @p116='?' (DbType = Int32), @p117='?' (DbType = Int32), @p118='?' (DbType = Decimal), @p119='?' (Size = 150), @p120='?' (DbType = Decimal), @p121='?' (DbType = Int32), @p122='?' (DbType = Int32), @p123='?' (DbType = Decimal), @p124='?' (Size = 150), @p125='?' (DbType = Decimal), @p126='?' (DbType = Int32), @p127='?' (DbType = Int32), @p128='?' (DbType = Decimal), @p129='?' (Size = 150), @p130='?' (DbType = Decimal), @p131='?' (DbType = Int32), @p132='?' (DbType = Int32), @p133='?' (DbType = Decimal), @p134='?' (Size = 150), @p135='?' (DbType = Decimal), @p136='?' (DbType = Int32), @p137='?' (DbType = Int32), @p138='?' (DbType = Decimal), @p139='?' (Size = 150), @p140='?' (DbType = Decimal), @p141='?' (DbType = Int32), @p142='?' (DbType = Int32), @p143='?' (DbType = Decimal), @p144='?' (Size = 150), @p145='?' (DbType = Decimal), @p146='?' (DbType = Int32), @p147='?' (DbType = Int32), @p148='?' (DbType = Decimal), @p149='?' (Size = 150), @p150='?' (DbType = Decimal), @p151='?' (DbType = Int32), @p152='?' (DbType = Int32), @p153='?' (DbType = Decimal), @p154='?' (Size = 150), @p155='?' (DbType = Decimal), @p156='?' (DbType = Int32), @p157='?' (DbType = Int32), @p158='?' (DbType = Decimal), @p159='?' (Size = 150)], CommandType='"Text"', CommandTimeout='30']
INSERT INTO `HareketKalemleri` (`BirimFiyat`, `HareketBaslikId`, `MalzemeId`, `Miktar`, `SatirAciklamasi`)
VALUES (@p0, @p1, @p2, @p3, @p4);
SELECT `Id`
FROM `HareketKalemleri`
WHERE ROW_COUNT() = 1 AND `Id` = LAST_INSERT_ID();

INSERT INTO `HareketKalemleri` (`BirimFiyat`, `HareketBaslikId`, `MalzemeId`, `Miktar`, `SatirAciklamasi`)
VALUES (@p5, @p6, @p7, @p8, @p9);
SELECT `Id`
FROM `HareketKalemleri`
WHERE ROW_COUNT() = 1 AND `Id` = LAST_INSERT_ID();

INSERT INTO `HareketKalemleri` (`BirimFiyat`, `HareketBaslikId`, `MalzemeId`, `Miktar`, `SatirAciklamasi`)
VALUES (@p10, @p11, @p12, @p13, @p14);
SELECT `Id`
FROM `HareketKalemleri`
WHERE ROW_COUNT() = 1 AND `Id` = LAST_INSERT_ID();

INSERT INTO `HareketKalemleri` (`BirimFiyat`, `HareketBaslikId`, `MalzemeId`, `Miktar`, `SatirAciklamasi`)
VALUES (@p15, @p16, @p17, @p18, @p19);
SELECT `Id`
FROM `HareketKalemleri`
WHERE ROW_COUNT() = 1 AND `Id` = LAST_INSERT_ID();

INSERT INTO `HareketKalemleri` (`BirimFiyat`, `HareketBaslikId`, `MalzemeId`, `Miktar`, `SatirAciklamasi`)
VALUES (@p20, @p21, @p22, @p23, @p24);
SELECT `Id`
FROM `HareketKalemleri`
WHERE ROW_COUNT() = 1 AND `Id` = LAST_INSERT_ID();

INSERT INTO `HareketKalemleri` (`BirimFiyat`, `HareketBaslikId`, `MalzemeId`, `Miktar`, `SatirAciklamasi`)
VALUES (@p25, @p26, @p27, @p28, @p29);
SELECT `Id`
FROM `HareketKalemleri`
WHERE ROW_COUNT() = 1 AND `Id` = LAST_INSERT_ID();

INSERT INTO `HareketKalemleri` (`BirimFiyat`, `HareketBaslikId`, `MalzemeId`, `Miktar`, `SatirAciklamasi`)
VALUES (@p30, @p31, @p32, @p33, @p34);
SELECT `Id`
FROM `HareketKalemleri`
WHERE ROW_COUNT() = 1 AND `Id` = LAST_INSERT_ID();

INSERT INTO `HareketKalemleri` (`BirimFiyat`, `HareketBaslikId`, `MalzemeId`, `Miktar`, `SatirAciklamasi`)
VALUES (@p35, @p36, @p37, @p38, @p39);
SELECT `Id`
FROM `HareketKalemleri`
WHERE ROW_COUNT() = 1 AND `Id` = LAST_INSERT_ID();

INSERT INTO `HareketKalemleri` (`BirimFiyat`, `HareketBaslikId`, `MalzemeId`, `Miktar`, `SatirAciklamasi`)
VALUES (@p40, @p41, @p42, @p43, @p44);
SELECT `Id`
FROM `HareketKalemleri`
WHERE ROW_COUNT() = 1 AND `Id` = LAST_INSERT_ID();

INSERT INTO `HareketKalemleri` (`BirimFiyat`, `HareketBaslikId`, `MalzemeId`, `Miktar`, `SatirAciklamasi`)
VALUES (@p45, @p46, @p47, @p48, @p49);
SELECT `Id`
FROM `HareketKalemleri`
WHERE ROW_COUNT() = 1 AND `Id` = LAST_INSERT_ID();

INSERT INTO `HareketKalemleri` (`BirimFiyat`, `HareketBaslikId`, `MalzemeId`, `Miktar`, `SatirAciklamasi`)
VALUES (@p50, @p51, @p52, @p53, @p54);
SELECT `Id`
FROM `HareketKalemleri`
WHERE ROW_COUNT() = 1 AND `Id` = LAST_INSERT_ID();

INSERT INTO `HareketKalemleri` (`BirimFiyat`, `HareketBaslikId`, `MalzemeId`, `Miktar`, `SatirAciklamasi`)
VALUES (@p55, @p56, @p57, @p58, @p59);
SELECT `Id`
FROM `HareketKalemleri`
WHERE ROW_COUNT() = 1 AND `Id` = LAST_INSERT_ID();

INSERT INTO `HareketKalemleri` (`BirimFiyat`, `HareketBaslikId`, `MalzemeId`, `Miktar`, `SatirAciklamasi`)
VALUES (@p60, @p61, @p62, @p63, @p64);
SELECT `Id`
FROM `HareketKalemleri`
WHERE ROW_COUNT() = 1 AND `Id` = LAST_INSERT_ID();

INSERT INTO `HareketKalemleri` (`BirimFiyat`, `HareketBaslikId`, `MalzemeId`, `Miktar`, `SatirAciklamasi`)
VALUES (@p65, @p66, @p67, @p68, @p69);
SELECT `Id`
FROM `HareketKalemleri`
WHERE ROW_COUNT() = 1 AND `Id` = LAST_INSERT_ID();

INSERT INTO `HareketKalemleri` (`BirimFiyat`, `HareketBaslikId`, `MalzemeId`, `Miktar`, `SatirAciklamasi`)
VALUES (@p70, @p71, @p72, @p73, @p74);
SELECT `Id`
FROM `HareketKalemleri`
WHERE ROW_COUNT() = 1 AND `Id` = LAST_INSERT_ID();

INSERT INTO `HareketKalemleri` (`BirimFiyat`, `HareketBaslikId`, `MalzemeId`, `Miktar`, `SatirAciklamasi`)
VALUES (@p75, @p76, @p77, @p78, @p79);
SELECT `Id`
FROM `HareketKalemleri`
WHERE ROW_COUNT() = 1 AND `Id` = LAST_INSERT_ID();

INSERT INTO `HareketKalemleri` (`BirimFiyat`, `HareketBaslikId`, `MalzemeId`, `Miktar`, `SatirAciklamasi`)
VALUES (@p80, @p81, @p82, @p83, @p84);
SELECT `Id`
FROM `HareketKalemleri`
WHERE ROW_COUNT() = 1 AND `Id` = LAST_INSERT_ID();

INSERT INTO `HareketKalemleri` (`BirimFiyat`, `HareketBaslikId`, `MalzemeId`, `Miktar`, `SatirAciklamasi`)
VALUES (@p85, @p86, @p87, @p88, @p89);
SELECT `Id`
FROM `HareketKalemleri`
WHERE ROW_COUNT() = 1 AND `Id` = LAST_INSERT_ID();

INSERT INTO `HareketKalemleri` (`BirimFiyat`, `HareketBaslikId`, `MalzemeId`, `Miktar`, `SatirAciklamasi`)
VALUES (@p90, @p91, @p92, @p93, @p94);
SELECT `Id`
FROM `HareketKalemleri`
WHERE ROW_COUNT() = 1 AND `Id` = LAST_INSERT_ID();

INSERT INTO `HareketKalemleri` (`BirimFiyat`, `HareketBaslikId`, `MalzemeId`, `Miktar`, `SatirAciklamasi`)
VALUES (@p95, @p96, @p97, @p98, @p99);
SELECT `Id`
FROM `HareketKalemleri`
WHERE ROW_COUNT() = 1 AND `Id` = LAST_INSERT_ID();

INSERT INTO `HareketKalemleri` (`BirimFiyat`, `HareketBaslikId`, `MalzemeId`, `Miktar`, `SatirAciklamasi`)
VALUES (@p100, @p101, @p102, @p103, @p104);
SELECT `Id`
FROM `HareketKalemleri`
WHERE ROW_COUNT() = 1 AND `Id` = LAST_INSERT_ID();

INSERT INTO `HareketKalemleri` (`BirimFiyat`, `HareketBaslikId`, `MalzemeId`, `Miktar`, `SatirAciklamasi`)
VALUES (@p105, @p106, @p107, @p108, @p109);
SELECT `Id`
FROM `HareketKalemleri`
WHERE ROW_COUNT() = 1 AND `Id` = LAST_INSERT_ID();

INSERT INTO `HareketKalemleri` (`BirimFiyat`, `HareketBaslikId`, `MalzemeId`, `Miktar`, `SatirAciklamasi`)
VALUES (@p110, @p111, @p112, @p113, @p114);
SELECT `Id`
FROM `HareketKalemleri`
WHERE ROW_COUNT() = 1 AND `Id` = LAST_INSERT_ID();

INSERT INTO `HareketKalemleri` (`BirimFiyat`, `HareketBaslikId`, `MalzemeId`, `Miktar`, `SatirAciklamasi`)
VALUES (@p115, @p116, @p117, @p118, @p119);
SELECT `Id`
FROM `HareketKalemleri`
WHERE ROW_COUNT() = 1 AND `Id` = LAST_INSERT_ID();

INSERT INTO `HareketKalemleri` (`BirimFiyat`, `HareketBaslikId`, `MalzemeId`, `Miktar`, `SatirAciklamasi`)
VALUES (@p120, @p121, @p122, @p123, @p124);
SELECT `Id`
FROM `HareketKalemleri`
WHERE ROW_COUNT() = 1 AND `Id` = LAST_INSERT_ID();

INSERT INTO `HareketKalemleri` (`BirimFiyat`, `HareketBaslikId`, `MalzemeId`, `Miktar`, `SatirAciklamasi`)
VALUES (@p125, @p126, @p127, @p128, @p129);
SELECT `Id`
FROM `HareketKalemleri`
WHERE ROW_COUNT() = 1 AND `Id` = LAST_INSERT_ID();

INSERT INTO `HareketKalemleri` (`BirimFiyat`, `HareketBaslikId`, `MalzemeId`, `Miktar`, `SatirAciklamasi`)
VALUES (@p130, @p131, @p132, @p133, @p134);
SELECT `Id`
FROM `HareketKalemleri`
WHERE ROW_COUNT() = 1 AND `Id` = LAST_INSERT_ID();

INSERT INTO `HareketKalemleri` (`BirimFiyat`, `HareketBaslikId`, `MalzemeId`, `Miktar`, `SatirAciklamasi`)
VALUES (@p135, @p136, @p137, @p138, @p139);
SELECT `Id`
FROM `HareketKalemleri`
WHERE ROW_COUNT() = 1 AND `Id` = LAST_INSERT_ID();

INSERT INTO `HareketKalemleri` (`BirimFiyat`, `HareketBaslikId`, `MalzemeId`, `Miktar`, `SatirAciklamasi`)
VALUES (@p140, @p141, @p142, @p143, @p144);
SELECT `Id`
FROM `HareketKalemleri`
WHERE ROW_COUNT() = 1 AND `Id` = LAST_INSERT_ID();

INSERT INTO `HareketKalemleri` (`BirimFiyat`, `HareketBaslikId`, `MalzemeId`, `Miktar`, `SatirAciklamasi`)
VALUES (@p145, @p146, @p147, @p148, @p149);
SELECT `Id`
FROM `HareketKalemleri`
WHERE ROW_COUNT() = 1 AND `Id` = LAST_INSERT_ID();

INSERT INTO `HareketKalemleri` (`BirimFiyat`, `HareketBaslikId`, `MalzemeId`, `Miktar`, `SatirAciklamasi`)
VALUES (@p150, @p151, @p152, @p153, @p154);
SELECT `Id`
FROM `HareketKalemleri`
WHERE ROW_COUNT() = 1 AND `Id` = LAST_INSERT_ID();

INSERT INTO `HareketKalemleri` (`BirimFiyat`, `HareketBaslikId`, `MalzemeId`, `Miktar`, `SatirAciklamasi`)
VALUES (@p155, @p156, @p157, @p158, @p159);
SELECT `Id`
FROM `HareketKalemleri`
WHERE ROW_COUNT() = 1 AND `Id` = LAST_INSERT_ID();
2026-08-13 14:33:49.598 +03:00 [INF] User profile is available. Using 'C:\Users\alica\AppData\Local\ASP.NET\DataProtection-Keys' as key repository and Windows DPAPI to encrypt keys at rest.
2026-08-13 14:33:49.617 +03:00 [INF] Creating key {75920bd1-068e-4acc-a6c3-809ca06dce75} with creation date 2026-08-13 11:33:49Z, activation date 2026-08-13 11:33:49Z, and expiration date 2026-11-11 11:33:49Z.
2026-08-13 14:33:49.639 +03:00 [INF] Writing data to file 'C:\Users\alica\AppData\Local\ASP.NET\DataProtection-Keys\key-75920bd1-068e-4acc-a6c3-809ca06dce75.xml'.
2026-08-13 14:33:49.769 +03:00 [INF] Now listening on: http://localhost:5078
2026-08-13 14:33:49.774 +03:00 [INF] Application started. Press Ctrl+C to shut down.
2026-08-13 14:33:49.775 +03:00 [INF] Hosting environment: Development
2026-08-13 14:33:49.777 +03:00 [INF] Content root path: C:\Users\alica\.gemini\antigravity\scratch\DepoStokModulu\DepoStok.API
2026-08-13 14:34:18.039 +03:00 [INF] Request starting HTTP/1.1 GET http://localhost:5078/swagger - null null
2026-08-13 14:34:18.077 +03:00 [INF] Request finished HTTP/1.1 GET http://localhost:5078/swagger - 301 0 null 39.1553ms
2026-08-13 14:34:18.085 +03:00 [INF] Request starting HTTP/1.1 GET http://localhost:5078/swagger/index.html - null null
2026-08-13 14:34:18.143 +03:00 [INF] Request finished HTTP/1.1 GET http://localhost:5078/swagger/index.html - 200 null text/html;charset=utf-8 57.0296ms
2026-08-13 14:34:18.187 +03:00 [INF] Request starting HTTP/1.1 GET http://localhost:5078/swagger/swagger-ui.css - null null
2026-08-13 14:34:18.188 +03:00 [INF] Request starting HTTP/1.1 GET http://localhost:5078/swagger/swagger-ui-bundle.js - null null
2026-08-13 14:34:18.189 +03:00 [INF] Request starting HTTP/1.1 GET http://localhost:5078/swagger/swagger-ui-standalone-preset.js - null null
2026-08-13 14:34:18.205 +03:00 [INF] Sending file. Request path: '/swagger-ui-bundle.js'. Physical path: 'N/A'
2026-08-13 14:34:18.205 +03:00 [INF] Sending file. Request path: '/swagger-ui-standalone-preset.js'. Physical path: 'N/A'
2026-08-13 14:34:18.205 +03:00 [INF] Sending file. Request path: '/swagger-ui.css'. Physical path: 'N/A'
2026-08-13 14:34:18.208 +03:00 [INF] Request finished HTTP/1.1 GET http://localhost:5078/swagger/swagger-ui-bundle.js - 200 1456926 text/javascript 19.6943ms
2026-08-13 14:34:18.208 +03:00 [INF] Request finished HTTP/1.1 GET http://localhost:5078/swagger/swagger-ui-standalone-preset.js - 200 230280 text/javascript 19.6663ms
2026-08-13 14:34:18.209 +03:00 [INF] Request finished HTTP/1.1 GET http://localhost:5078/swagger/swagger-ui.css - 200 152034 text/css 22.0199ms
2026-08-13 14:34:18.385 +03:00 [INF] Request starting HTTP/1.1 GET http://localhost:5078/swagger/v1/swagger.json - null null
2026-08-13 14:34:18.411 +03:00 [INF] Request starting HTTP/1.1 GET http://localhost:5078/swagger/favicon-32x32.png - null null
2026-08-13 14:34:18.414 +03:00 [INF] Sending file. Request path: '/favicon-32x32.png'. Physical path: 'N/A'
2026-08-13 14:34:18.415 +03:00 [INF] Request finished HTTP/1.1 GET http://localhost:5078/swagger/favicon-32x32.png - 200 628 image/png 3.9294ms
2026-08-13 14:34:18.487 +03:00 [INF] Request finished HTTP/1.1 GET http://localhost:5078/swagger/v1/swagger.json - 200 null application/json;charset=utf-8 101.7886ms
2026-08-13 14:35:43.273 +03:00 [INF] Request starting HTTP/1.1 POST http://localhost:5078/api/Auth/login - application/json 54
2026-08-13 14:35:43.296 +03:00 [INF] CORS policy execution failed.
2026-08-13 14:35:43.298 +03:00 [INF] Request origin http://localhost:5078 does not have permission to access the resource.
2026-08-13 14:35:43.428 +03:00 [INF] Executing endpoint 'DepoStok.API.Controllers.AuthController.Login (DepoStok.API)'
2026-08-13 14:35:43.450 +03:00 [INF] Route matched with {action = "Login", controller = "Auth"}. Executing controller action with signature System.Threading.Tasks.Task`1[Microsoft.AspNetCore.Mvc.IActionResult] Login(DepoStok.Application.LoginDto) on controller DepoStok.API.Controllers.AuthController (DepoStok.API).
2026-08-13 14:35:43.580 +03:00 [INF] Executed DbCommand (14ms) [Parameters=[@__dto_KullaniciAdi_0='?' (Size = 50)], CommandType='"Text"', CommandTimeout='30']
SELECT `u`.`Id`, `u`.`AdSoyad`, `u`.`CreatedAt`, `u`.`IsActive`, `u`.`KullaniciAdi`, `u`.`ParolaHash`, `u`.`Rol`
FROM `Users` AS `u`
WHERE (`u`.`KullaniciAdi` = @__dto_KullaniciAdi_0) AND `u`.`IsActive`
LIMIT 1
2026-08-13 14:35:43.875 +03:00 [INF] Executing OkObjectResult, writing value of type 'DepoStok.Application.TokenDto'.
2026-08-13 14:35:43.893 +03:00 [INF] Executed action DepoStok.API.Controllers.AuthController.Login (DepoStok.API) in 437.6314ms
2026-08-13 14:35:43.896 +03:00 [INF] Executed endpoint 'DepoStok.API.Controllers.AuthController.Login (DepoStok.API)'
2026-08-13 14:35:43.900 +03:00 [INF] HTTP POST /api/Auth/login responded 200 in 608.4238 ms
2026-08-13 14:35:43.907 +03:00 [INF] Request finished HTTP/1.1 POST http://localhost:5078/api/Auth/login - 200 null application/json; charset=utf-8 634.698ms
2026-08-13 16:01:00.288 +03:00 [INF] Executed DbCommand (26ms) [Parameters=[], CommandType='"Text"', CommandTimeout='30']
SELECT CASE WHEN COUNT(*) = 0 THEN FALSE ELSE TRUE END
FROM information_schema.tables
WHERE table_type = 'BASE TABLE' AND table_schema = 'DepoStokDb'
2026-08-13 16:01:00.518 +03:00 [INF] Executed DbCommand (1ms) [Parameters=[], CommandType='"Text"', CommandTimeout='30']
SELECT EXISTS (
    SELECT 1
    FROM `Users` AS `u`)
2026-08-13 16:01:00.530 +03:00 [INF] Executed DbCommand (1ms) [Parameters=[], CommandType='"Text"', CommandTimeout='30']
SELECT EXISTS (
    SELECT 1
    FROM `MalzemeGruplari` AS `m`)
2026-08-13 16:01:00.537 +03:00 [INF] Executed DbCommand (1ms) [Parameters=[], CommandType='"Text"', CommandTimeout='30']
SELECT EXISTS (
    SELECT 1
    FROM `Depolar` AS `d`)
2026-08-13 16:01:00.545 +03:00 [INF] Executed DbCommand (1ms) [Parameters=[], CommandType='"Text"', CommandTimeout='30']
SELECT EXISTS (
    SELECT 1
    FROM `Malzemeler` AS `m`)
2026-08-13 16:01:00.552 +03:00 [INF] Executed DbCommand (1ms) [Parameters=[], CommandType='"Text"', CommandTimeout='30']
SELECT EXISTS (
    SELECT 1
    FROM `HareketBasliklari` AS `h`)
2026-08-13 16:01:00.630 +03:00 [INF] User profile is available. Using 'C:\Users\alica\AppData\Local\ASP.NET\DataProtection-Keys' as key repository and Windows DPAPI to encrypt keys at rest.
2026-08-13 16:01:00.687 +03:00 [INF] Now listening on: http://localhost:5078
2026-08-13 16:01:00.692 +03:00 [INF] Application started. Press Ctrl+C to shut down.
2026-08-13 16:01:00.694 +03:00 [INF] Hosting environment: Development
2026-08-13 16:01:00.695 +03:00 [INF] Content root path: C:\Users\alica\.gemini\antigravity\scratch\DepoStokModulu\DepoStok.API
2026-08-13 16:05:36.081 +03:00 [INF] Request starting HTTP/1.1 GET http://localhost:5078/swagger/index.html - null null
2026-08-13 16:05:36.210 +03:00 [INF] Request finished HTTP/1.1 GET http://localhost:5078/swagger/index.html - 200 null text/html;charset=utf-8 130.3335ms
2026-08-13 16:05:36.451 +03:00 [INF] Request starting HTTP/1.1 GET http://localhost:5078/swagger/v1/swagger.json - null null
2026-08-13 16:05:36.567 +03:00 [INF] Request finished HTTP/1.1 GET http://localhost:5078/swagger/v1/swagger.json - 200 null application/json;charset=utf-8 116.2742ms
2026-08-13 16:06:17.878 +03:00 [INF] Request starting HTTP/1.1 POST http://localhost:5078/api/Auth/login - application/json 55
2026-08-13 16:06:17.889 +03:00 [INF] CORS policy execution failed.
2026-08-13 16:06:17.891 +03:00 [INF] Request origin http://localhost:5078 does not have permission to access the resource.
2026-08-13 16:06:17.926 +03:00 [INF] Executing endpoint 'DepoStok.API.Controllers.AuthController.Login (DepoStok.API)'
2026-08-13 16:06:17.951 +03:00 [INF] Route matched with {action = "Login", controller = "Auth"}. Executing controller action with signature System.Threading.Tasks.Task`1[Microsoft.AspNetCore.Mvc.IActionResult] Login(DepoStok.Application.LoginDto) on controller DepoStok.API.Controllers.AuthController (DepoStok.API).
2026-08-13 16:06:18.227 +03:00 [INF] Executed DbCommand (36ms) [Parameters=[@__dto_KullaniciAdi_0='?' (Size = 50)], CommandType='"Text"', CommandTimeout='30']
SELECT `u`.`Id`, `u`.`AdSoyad`, `u`.`CreatedAt`, `u`.`IsActive`, `u`.`KullaniciAdi`, `u`.`ParolaHash`, `u`.`Rol`
FROM `Users` AS `u`
WHERE (`u`.`KullaniciAdi` = @__dto_KullaniciAdi_0) AND `u`.`IsActive`
LIMIT 1
2026-08-13 16:06:18.882 +03:00 [INF] Executing UnauthorizedObjectResult, writing value of type '<>f__AnonymousType0`1[[System.String, System.Private.CoreLib, Version=8.0.0.0, Culture=neutral, PublicKeyToken=7cec85d7bea7798e]]'.
2026-08-13 16:06:18.900 +03:00 [INF] Executed action DepoStok.API.Controllers.AuthController.Login (DepoStok.API) in 942.0667ms
2026-08-13 16:06:18.902 +03:00 [INF] Executed endpoint 'DepoStok.API.Controllers.AuthController.Login (DepoStok.API)'
2026-08-13 16:06:18.905 +03:00 [INF] HTTP POST /api/Auth/login responded 401 in 1018.4322 ms
2026-08-13 16:06:18.913 +03:00 [INF] Request finished HTTP/1.1 POST http://localhost:5078/api/Auth/login - 401 null application/json; charset=utf-8 1035.0854ms
2026-08-13 16:08:58.851 +03:00 [INF] Request starting HTTP/1.1 POST http://localhost:5078/api/Auth/login - application/json 54
2026-08-13 16:08:58.856 +03:00 [INF] CORS policy execution failed.
2026-08-13 16:08:58.857 +03:00 [INF] Request origin http://localhost:5078 does not have permission to access the resource.
2026-08-13 16:08:58.860 +03:00 [INF] Executing endpoint 'DepoStok.API.Controllers.AuthController.Login (DepoStok.API)'
2026-08-13 16:08:58.869 +03:00 [INF] Route matched with {action = "Login", controller = "Auth"}. Executing controller action with signature System.Threading.Tasks.Task`1[Microsoft.AspNetCore.Mvc.IActionResult] Login(DepoStok.Application.LoginDto) on controller DepoStok.API.Controllers.AuthController (DepoStok.API).
2026-08-13 16:08:58.956 +03:00 [INF] Executed DbCommand (1ms) [Parameters=[@__dto_KullaniciAdi_0='?' (Size = 50)], CommandType='"Text"', CommandTimeout='30']
SELECT `u`.`Id`, `u`.`AdSoyad`, `u`.`CreatedAt`, `u`.`IsActive`, `u`.`KullaniciAdi`, `u`.`ParolaHash`, `u`.`Rol`
FROM `Users` AS `u`
WHERE (`u`.`KullaniciAdi` = @__dto_KullaniciAdi_0) AND `u`.`IsActive`
LIMIT 1
2026-08-13 16:08:59.428 +03:00 [INF] Executing OkObjectResult, writing value of type 'DepoStok.Application.TokenDto'.
2026-08-13 16:08:59.438 +03:00 [INF] Executed action DepoStok.API.Controllers.AuthController.Login (DepoStok.API) in 566.7077ms
2026-08-13 16:08:59.439 +03:00 [INF] Executed endpoint 'DepoStok.API.Controllers.AuthController.Login (DepoStok.API)'
2026-08-13 16:08:59.441 +03:00 [INF] HTTP POST /api/Auth/login responded 200 in 584.9782 ms
2026-08-13 16:08:59.443 +03:00 [INF] Request finished HTTP/1.1 POST http://localhost:5078/api/Auth/login - 200 null application/json; charset=utf-8 591.6044ms
2026-08-13 16:09:22.082 +03:00 [INF] Request starting HTTP/1.1 GET http://localhost:5078/swagger/index.html - null null
2026-08-13 16:09:22.086 +03:00 [INF] Request finished HTTP/1.1 GET http://localhost:5078/swagger/index.html - 200 null text/html;charset=utf-8 3.8498ms
2026-08-13 16:09:22.259 +03:00 [INF] Request starting HTTP/1.1 GET http://localhost:5078/swagger/v1/swagger.json - null null
2026-08-13 16:09:22.271 +03:00 [INF] Request finished HTTP/1.1 GET http://localhost:5078/swagger/v1/swagger.json - 200 null application/json;charset=utf-8 12.8581ms
