2026-08-28 16:03:30.202 +03:00 [INF] Executed DbCommand (34ms) [Parameters=[], CommandType='"Text"', CommandTimeout='30']
SELECT CASE WHEN COUNT(*) = 0 THEN FALSE ELSE TRUE END
FROM information_schema.tables
WHERE table_type = 'BASE TABLE' AND table_schema = 'DepoStokDb'
2026-08-28 16:03:30.467 +03:00 [WRN] The query uses the 'First'/'FirstOrDefault' operator without 'OrderBy' and filter operators. This may lead to unpredictable results.
2026-08-28 16:03:30.621 +03:00 [INF] Executed DbCommand (13ms) [Parameters=[], CommandType='"Text"', CommandTimeout='30']
SELECT `r`.`Id`, `r`.`Aciklama`, `r`.`Ad`, `r`.`Kod`
FROM `Roles` AS `r`
LIMIT 1
2026-08-28 16:03:30.691 +03:00 [INF] Executed DbCommand (4ms) [Parameters=[], CommandType='"Text"', CommandTimeout='30']

                    CREATE TABLE IF NOT EXISTS `Birimler` (
                        `Id` int NOT NULL AUTO_INCREMENT,
                        `Ad` longtext NOT NULL,
                        `Sembol` longtext NOT NULL,
                        `IsActive` tinyint(1) NOT NULL DEFAULT 1,
                        PRIMARY KEY (`Id`)
                    ) ENGINE=InnoDB DEFAULT CHARSET=utf8mb4;
2026-08-28 16:03:30.720 +03:00 [INF] Executed DbCommand (2ms) [Parameters=[], CommandType='"Text"', CommandTimeout='30']
SELECT EXISTS (
    SELECT 1
    FROM `Roles` AS `r`)
2026-08-28 16:03:30.733 +03:00 [INF] Executed DbCommand (4ms) [Parameters=[], CommandType='"Text"', CommandTimeout='30']
SELECT EXISTS (
    SELECT 1
    FROM `Users` AS `u`)
2026-08-28 16:03:30.748 +03:00 [INF] Executed DbCommand (7ms) [Parameters=[], CommandType='"Text"', CommandTimeout='30']
SELECT EXISTS (
    SELECT 1
    FROM `MalzemeGruplari` AS `m`)
2026-08-28 16:03:30.789 +03:00 [INF] Executed DbCommand (1ms) [Parameters=[], CommandType='"Text"', CommandTimeout='30']
SELECT EXISTS (
    SELECT 1
    FROM `MalzemeGruplari` AS `m`
    WHERE `m`.`Kod` = 'GRP-YAPI')
2026-08-28 16:03:30.806 +03:00 [INF] Executed DbCommand (7ms) [Parameters=[], CommandType='"Text"', CommandTimeout='30']
SELECT EXISTS (
    SELECT 1
    FROM `Depolar` AS `d`)
2026-08-28 16:03:30.813 +03:00 [INF] Executed DbCommand (2ms) [Parameters=[], CommandType='"Text"', CommandTimeout='30']

                    CREATE TABLE IF NOT EXISTS `Birimler` (
                        `Id` int NOT NULL AUTO_INCREMENT,
                        `Ad` longtext NOT NULL,
                        `Sembol` longtext NOT NULL,
                        `IsActive` tinyint(1) NOT NULL DEFAULT 1,
                        PRIMARY KEY (`Id`)
                    ) ENGINE=InnoDB DEFAULT CHARSET=utf8mb4;
2026-08-28 16:03:30.828 +03:00 [INF] Executed DbCommand (7ms) [Parameters=[], CommandType='"Text"', CommandTimeout='30']
SELECT EXISTS (
    SELECT 1
    FROM `Birimler` AS `b`)
2026-08-28 16:03:30.840 +03:00 [INF] Executed DbCommand (5ms) [Parameters=[], CommandType='"Text"', CommandTimeout='30']
SELECT EXISTS (
    SELECT 1
    FROM `Malzemeler` AS `m`)
2026-08-28 16:03:30.907 +03:00 [INF] Executed DbCommand (2ms) [Parameters=[], CommandType='"Text"', CommandTimeout='30']
SELECT `m`.`Id`, `m`.`Aciklama`, `m`.`Ad`, `m`.`Birim`, `m`.`IsActive`, `m`.`Kod`, `m`.`KritikStokSeviyesi`, `m`.`MalzemeGrubuId`, `m`.`MarkaModel`, `m`.`MaxStokSeviyesi`, `m`.`TeknikOzellik`
FROM `Malzemeler` AS `m`
WHERE (`m`.`MarkaModel` IS NULL OR (`m`.`MarkaModel` = '')) OR (`m`.`TeknikOzellik` IS NULL OR (`m`.`TeknikOzellik` = ''))
2026-08-28 16:03:30.921 +03:00 [INF] Executed DbCommand (4ms) [Parameters=[], CommandType='"Text"', CommandTimeout='30']
SELECT EXISTS (
    SELECT 1
    FROM `HareketBasliklari` AS `h`)
2026-08-28 16:03:31.164 +03:00 [INF] User profile is available. Using 'C:\Users\alica\AppData\Local\ASP.NET\DataProtection-Keys' as key repository and Windows DPAPI to encrypt keys at rest.
2026-08-28 16:03:31.726 +03:00 [INF] Now listening on: http://localhost:5078
2026-08-28 16:03:31.731 +03:00 [INF] Application started. Press Ctrl+C to shut down.
2026-08-28 16:03:31.733 +03:00 [INF] Hosting environment: Development
2026-08-28 16:03:31.735 +03:00 [INF] Content root path: C:\Users\alica\.gemini\antigravity\scratch\DepoStokModulu\DepoStok.API
2026-08-28 16:03:34.181 +03:00 [INF] Request starting HTTP/1.1 OPTIONS http://localhost:5078/api/malzemeler/gruplar - null null
2026-08-28 16:03:34.181 +03:00 [INF] Request starting HTTP/1.1 OPTIONS http://localhost:5078/api/depolar - null null
2026-08-28 16:03:34.181 +03:00 [INF] Request starting HTTP/1.1 OPTIONS http://localhost:5078/api/hareketler/stok-durum?page=1&pageSize=10 - null null
2026-08-28 16:03:34.181 +03:00 [INF] Request starting HTTP/1.1 OPTIONS http://localhost:5078/api/malzemeler?pageSize=200 - null null
2026-08-28 16:03:34.181 +03:00 [INF] Request starting HTTP/1.1 OPTIONS http://localhost:5078/api/hareketler/stok-durum?pageSize=5000 - null null
2026-08-28 16:03:34.181 +03:00 [INF] Request starting HTTP/1.1 OPTIONS http://localhost:5078/api/hareketler/stok-durum?kritik=true&pageSize=1 - null null
2026-08-28 16:03:34.233 +03:00 [INF] CORS policy execution successful.
2026-08-28 16:03:34.233 +03:00 [INF] CORS policy execution successful.
2026-08-28 16:03:34.233 +03:00 [INF] CORS policy execution successful.
2026-08-28 16:03:34.233 +03:00 [INF] CORS policy execution successful.
2026-08-28 16:03:34.233 +03:00 [INF] CORS policy execution successful.
2026-08-28 16:03:34.233 +03:00 [INF] CORS policy execution successful.
2026-08-28 16:03:34.239 +03:00 [INF] HTTP OPTIONS /api/malzemeler responded 204 in 7.9091 ms
2026-08-28 16:03:34.239 +03:00 [INF] HTTP OPTIONS /api/hareketler/stok-durum responded 204 in 5.3373 ms
2026-08-28 16:03:34.239 +03:00 [INF] HTTP OPTIONS /api/malzemeler/gruplar responded 204 in 5.3493 ms
2026-08-28 16:03:34.239 +03:00 [INF] HTTP OPTIONS /api/depolar responded 204 in 6.2223 ms
2026-08-28 16:03:34.240 +03:00 [INF] HTTP OPTIONS /api/hareketler/stok-durum responded 204 in 9.2258 ms
2026-08-28 16:03:34.241 +03:00 [INF] HTTP OPTIONS /api/hareketler/stok-durum responded 204 in 10.5465 ms
2026-08-28 16:03:34.269 +03:00 [INF] Request finished HTTP/1.1 OPTIONS http://localhost:5078/api/malzemeler?pageSize=200 - 204 null null 90.254ms
2026-08-28 16:03:34.269 +03:00 [INF] Request finished HTTP/1.1 OPTIONS http://localhost:5078/api/hareketler/stok-durum?kritik=true&pageSize=1 - 204 null null 90.267ms
2026-08-28 16:03:34.269 +03:00 [INF] Request finished HTTP/1.1 OPTIONS http://localhost:5078/api/hareketler/stok-durum?page=1&pageSize=10 - 204 null null 90.2151ms
2026-08-28 16:03:34.269 +03:00 [INF] Request finished HTTP/1.1 OPTIONS http://localhost:5078/api/malzemeler/gruplar - 204 null null 90.1905ms
2026-08-28 16:03:34.269 +03:00 [INF] Request finished HTTP/1.1 OPTIONS http://localhost:5078/api/hareketler/stok-durum?pageSize=5000 - 204 null null 90.1771ms
2026-08-28 16:03:34.269 +03:00 [INF] Request finished HTTP/1.1 OPTIONS http://localhost:5078/api/depolar - 204 null null 90.214ms
2026-08-28 16:03:34.279 +03:00 [INF] Request starting HTTP/1.1 OPTIONS http://localhost:5078/api/hareketler?pageSize=5 - null null
2026-08-28 16:03:34.284 +03:00 [INF] Request starting HTTP/1.1 OPTIONS http://localhost:5078/api/hareketler/stok-durum?pageSize=5000 - null null
2026-08-28 16:03:34.290 +03:00 [INF] Request starting HTTP/1.1 OPTIONS http://localhost:5078/api/malzemeler/gruplar - null null
2026-08-28 16:03:34.297 +03:00 [INF] Request starting HTTP/1.1 OPTIONS http://localhost:5078/api/hareketler/stok-durum?page=1&pageSize=10 - null null
2026-08-28 16:03:34.303 +03:00 [INF] Request starting HTTP/1.1 OPTIONS http://localhost:5078/api/hareketler/stok-durum?kritik=true&pageSize=5 - null null
2026-08-28 16:03:34.309 +03:00 [INF] Request starting HTTP/1.1 OPTIONS http://localhost:5078/api/depolar - null null
2026-08-28 16:03:34.316 +03:00 [INF] CORS policy execution successful.
2026-08-28 16:03:34.318 +03:00 [INF] CORS policy execution successful.
2026-08-28 16:03:34.323 +03:00 [INF] CORS policy execution successful.
2026-08-28 16:03:34.328 +03:00 [INF] CORS policy execution successful.
2026-08-28 16:03:34.333 +03:00 [INF] CORS policy execution successful.
2026-08-28 16:03:34.338 +03:00 [INF] CORS policy execution successful.
2026-08-28 16:03:34.340 +03:00 [INF] HTTP OPTIONS /api/hareketler responded 204 in 24.1571 ms
2026-08-28 16:03:34.341 +03:00 [INF] HTTP OPTIONS /api/hareketler/stok-durum responded 204 in 23.0820 ms
2026-08-28 16:03:34.343 +03:00 [INF] HTTP OPTIONS /api/malzemeler/gruplar responded 204 in 20.6858 ms
2026-08-28 16:03:34.345 +03:00 [INF] HTTP OPTIONS /api/hareketler/stok-durum responded 204 in 17.0164 ms
2026-08-28 16:03:34.346 +03:00 [INF] HTTP OPTIONS /api/hareketler/stok-durum responded 204 in 13.3999 ms
2026-08-28 16:03:34.348 +03:00 [INF] HTTP OPTIONS /api/depolar responded 204 in 9.9721 ms
2026-08-28 16:03:34.352 +03:00 [INF] Request finished HTTP/1.1 OPTIONS http://localhost:5078/api/hareketler?pageSize=5 - 204 null null 73.0179ms
2026-08-28 16:03:34.356 +03:00 [INF] Request finished HTTP/1.1 OPTIONS http://localhost:5078/api/hareketler/stok-durum?pageSize=5000 - 204 null null 72.0144ms
2026-08-28 16:03:34.360 +03:00 [INF] Request finished HTTP/1.1 OPTIONS http://localhost:5078/api/malzemeler/gruplar - 204 null null 69.748ms
2026-08-28 16:03:34.364 +03:00 [INF] Request finished HTTP/1.1 OPTIONS http://localhost:5078/api/hareketler/stok-durum?page=1&pageSize=10 - 204 null null 66.9592ms
2026-08-28 16:03:34.367 +03:00 [INF] Request finished HTTP/1.1 OPTIONS http://localhost:5078/api/hareketler/stok-durum?kritik=true&pageSize=5 - 204 null null 64.1766ms
2026-08-28 16:03:34.370 +03:00 [INF] Request finished HTTP/1.1 OPTIONS http://localhost:5078/api/depolar - 204 null null 61.4676ms
2026-08-28 16:03:34.377 +03:00 [INF] Request starting HTTP/1.1 OPTIONS http://localhost:5078/api/malzemeler?pageSize=200 - null null
2026-08-28 16:03:34.383 +03:00 [INF] Request starting HTTP/1.1 OPTIONS http://localhost:5078/api/hareketler/stok-durum?kritik=true&pageSize=1 - null null
2026-08-28 16:03:34.390 +03:00 [INF] Request starting HTTP/1.1 OPTIONS http://localhost:5078/api/hareketler?pageSize=5 - null null
2026-08-28 16:03:34.397 +03:00 [INF] Request starting HTTP/1.1 OPTIONS http://localhost:5078/api/hareketler/stok-durum?kritik=true&pageSize=5 - null null
2026-08-28 16:03:34.404 +03:00 [INF] Request starting HTTP/1.1 GET http://localhost:5078/api/malzemeler?pageSize=200 - null null
2026-08-28 16:03:34.410 +03:00 [INF] Request starting HTTP/1.1 GET http://localhost:5078/api/hareketler/stok-durum?pageSize=5000 - null null
2026-08-28 16:03:34.415 +03:00 [INF] CORS policy execution successful.
2026-08-28 16:03:34.421 +03:00 [INF] CORS policy execution successful.
2026-08-28 16:03:34.426 +03:00 [INF] CORS policy execution successful.
2026-08-28 16:03:34.432 +03:00 [INF] CORS policy execution successful.
2026-08-28 16:03:34.442 +03:00 [INF] CORS policy execution successful.
2026-08-28 16:03:34.443 +03:00 [INF] CORS policy execution successful.
2026-08-28 16:03:34.444 +03:00 [INF] HTTP OPTIONS /api/malzemeler responded 204 in 28.2231 ms
2026-08-28 16:03:34.445 +03:00 [INF] HTTP OPTIONS /api/hareketler/stok-durum responded 204 in 24.7181 ms
2026-08-28 16:03:34.447 +03:00 [INF] HTTP OPTIONS /api/hareketler responded 204 in 20.8773 ms
2026-08-28 16:03:34.449 +03:00 [INF] HTTP OPTIONS /api/hareketler/stok-durum responded 204 in 16.9752 ms
2026-08-28 16:03:34.455 +03:00 [INF] Request finished HTTP/1.1 OPTIONS http://localhost:5078/api/malzemeler?pageSize=200 - 204 null null 78.8033ms
2026-08-28 16:03:34.459 +03:00 [INF] Request finished HTTP/1.1 OPTIONS http://localhost:5078/api/hareketler/stok-durum?kritik=true&pageSize=1 - 204 null null 75.7142ms
2026-08-28 16:03:34.464 +03:00 [INF] Request finished HTTP/1.1 OPTIONS http://localhost:5078/api/hareketler?pageSize=5 - 204 null null 73.9267ms
2026-08-28 16:03:34.468 +03:00 [INF] Request finished HTTP/1.1 OPTIONS http://localhost:5078/api/hareketler/stok-durum?kritik=true&pageSize=5 - 204 null null 71.0291ms
2026-08-28 16:03:34.474 +03:00 [INF] Request starting HTTP/1.1 GET http://localhost:5078/api/malzemeler/gruplar - null null
2026-08-28 16:03:34.480 +03:00 [INF] Request starting HTTP/1.1 GET http://localhost:5078/api/hareketler/stok-durum?kritik=true&pageSize=1 - null null
2026-08-28 16:03:34.487 +03:00 [INF] Request starting HTTP/1.1 GET http://localhost:5078/api/depolar - null null
2026-08-28 16:03:34.493 +03:00 [INF] Request starting HTTP/1.1 GET http://localhost:5078/api/hareketler/stok-durum?page=1&pageSize=10 - null null
2026-08-28 16:03:34.498 +03:00 [INF] CORS policy execution successful.
2026-08-28 16:03:34.503 +03:00 [INF] CORS policy execution successful.
2026-08-28 16:03:34.508 +03:00 [INF] CORS policy execution successful.
2026-08-28 16:03:34.514 +03:00 [INF] CORS policy execution successful.
2026-08-28 16:03:34.638 +03:00 [INF] Failed to validate the token.
Microsoft.IdentityModel.Tokens.SecurityTokenExpiredException: IDX10223: Lifetime validation failed. The token is expired. ValidTo (UTC): '27.08.2026 17:06:54', Current time (UTC): '28.08.2026 13:03:34'.
   at Microsoft.IdentityModel.Tokens.ValidatorUtilities.ValidateLifetime(Nullable`1 notBefore, Nullable`1 expires, SecurityToken securityToken, TokenValidationParameters validationParameters)
   at Microsoft.IdentityModel.Tokens.Validators.ValidateLifetime(Nullable`1 notBefore, Nullable`1 expires, SecurityToken securityToken, TokenValidationParameters validationParameters)
   at Microsoft.IdentityModel.JsonWebTokens.JsonWebTokenHandler.ValidateTokenPayloadAsync(JsonWebToken jsonWebToken, TokenValidationParameters validationParameters, BaseConfiguration configuration)
   at Microsoft.IdentityModel.JsonWebTokens.JsonWebTokenHandler.ValidateJWSAsync(JsonWebToken jsonWebToken, TokenValidationParameters validationParameters, BaseConfiguration configuration)
2026-08-28 16:03:34.638 +03:00 [INF] Failed to validate the token.
Microsoft.IdentityModel.Tokens.SecurityTokenExpiredException: IDX10223: Lifetime validation failed. The token is expired. ValidTo (UTC): '27.08.2026 17:06:54', Current time (UTC): '28.08.2026 13:03:34'.
   at Microsoft.IdentityModel.Tokens.ValidatorUtilities.ValidateLifetime(Nullable`1 notBefore, Nullable`1 expires, SecurityToken securityToken, TokenValidationParameters validationParameters)
   at Microsoft.IdentityModel.Tokens.Validators.ValidateLifetime(Nullable`1 notBefore, Nullable`1 expires, SecurityToken securityToken, TokenValidationParameters validationParameters)
   at Microsoft.IdentityModel.JsonWebTokens.JsonWebTokenHandler.ValidateTokenPayloadAsync(JsonWebToken jsonWebToken, TokenValidationParameters validationParameters, BaseConfiguration configuration)
   at Microsoft.IdentityModel.JsonWebTokens.JsonWebTokenHandler.ValidateJWSAsync(JsonWebToken jsonWebToken, TokenValidationParameters validationParameters, BaseConfiguration configuration)
2026-08-28 16:03:34.638 +03:00 [INF] Failed to validate the token.
Microsoft.IdentityModel.Tokens.SecurityTokenExpiredException: IDX10223: Lifetime validation failed. The token is expired. ValidTo (UTC): '27.08.2026 17:06:54', Current time (UTC): '28.08.2026 13:03:34'.
   at Microsoft.IdentityModel.Tokens.ValidatorUtilities.ValidateLifetime(Nullable`1 notBefore, Nullable`1 expires, SecurityToken securityToken, TokenValidationParameters validationParameters)
   at Microsoft.IdentityModel.Tokens.Validators.ValidateLifetime(Nullable`1 notBefore, Nullable`1 expires, SecurityToken securityToken, TokenValidationParameters validationParameters)
   at Microsoft.IdentityModel.JsonWebTokens.JsonWebTokenHandler.ValidateTokenPayloadAsync(JsonWebToken jsonWebToken, TokenValidationParameters validationParameters, BaseConfiguration configuration)
   at Microsoft.IdentityModel.JsonWebTokens.JsonWebTokenHandler.ValidateJWSAsync(JsonWebToken jsonWebToken, TokenValidationParameters validationParameters, BaseConfiguration configuration)
2026-08-28 16:03:34.638 +03:00 [INF] Failed to validate the token.
Microsoft.IdentityModel.Tokens.SecurityTokenExpiredException: IDX10223: Lifetime validation failed. The token is expired. ValidTo (UTC): '27.08.2026 17:06:54', Current time (UTC): '28.08.2026 13:03:34'.
   at Microsoft.IdentityModel.Tokens.ValidatorUtilities.ValidateLifetime(Nullable`1 notBefore, Nullable`1 expires, SecurityToken securityToken, TokenValidationParameters validationParameters)
   at Microsoft.IdentityModel.Tokens.Validators.ValidateLifetime(Nullable`1 notBefore, Nullable`1 expires, SecurityToken securityToken, TokenValidationParameters validationParameters)
   at Microsoft.IdentityModel.JsonWebTokens.JsonWebTokenHandler.ValidateTokenPayloadAsync(JsonWebToken jsonWebToken, TokenValidationParameters validationParameters, BaseConfiguration configuration)
   at Microsoft.IdentityModel.JsonWebTokens.JsonWebTokenHandler.ValidateJWSAsync(JsonWebToken jsonWebToken, TokenValidationParameters validationParameters, BaseConfiguration configuration)
2026-08-28 16:03:34.638 +03:00 [INF] Failed to validate the token.
Microsoft.IdentityModel.Tokens.SecurityTokenExpiredException: IDX10223: Lifetime validation failed. The token is expired. ValidTo (UTC): '27.08.2026 17:06:54', Current time (UTC): '28.08.2026 13:03:34'.
   at Microsoft.IdentityModel.Tokens.ValidatorUtilities.ValidateLifetime(Nullable`1 notBefore, Nullable`1 expires, SecurityToken securityToken, TokenValidationParameters validationParameters)
   at Microsoft.IdentityModel.Tokens.Validators.ValidateLifetime(Nullable`1 notBefore, Nullable`1 expires, SecurityToken securityToken, TokenValidationParameters validationParameters)
   at Microsoft.IdentityModel.JsonWebTokens.JsonWebTokenHandler.ValidateTokenPayloadAsync(JsonWebToken jsonWebToken, TokenValidationParameters validationParameters, BaseConfiguration configuration)
   at Microsoft.IdentityModel.JsonWebTokens.JsonWebTokenHandler.ValidateJWSAsync(JsonWebToken jsonWebToken, TokenValidationParameters validationParameters, BaseConfiguration configuration)
2026-08-28 16:03:34.638 +03:00 [INF] Failed to validate the token.
Microsoft.IdentityModel.Tokens.SecurityTokenExpiredException: IDX10223: Lifetime validation failed. The token is expired. ValidTo (UTC): '27.08.2026 17:06:54', Current time (UTC): '28.08.2026 13:03:34'.
   at Microsoft.IdentityModel.Tokens.ValidatorUtilities.ValidateLifetime(Nullable`1 notBefore, Nullable`1 expires, SecurityToken securityToken, TokenValidationParameters validationParameters)
   at Microsoft.IdentityModel.Tokens.Validators.ValidateLifetime(Nullable`1 notBefore, Nullable`1 expires, SecurityToken securityToken, TokenValidationParameters validationParameters)
   at Microsoft.IdentityModel.JsonWebTokens.JsonWebTokenHandler.ValidateTokenPayloadAsync(JsonWebToken jsonWebToken, TokenValidationParameters validationParameters, BaseConfiguration configuration)
   at Microsoft.IdentityModel.JsonWebTokens.JsonWebTokenHandler.ValidateJWSAsync(JsonWebToken jsonWebToken, TokenValidationParameters validationParameters, BaseConfiguration configuration)
2026-08-28 16:03:34.656 +03:00 [INF] Bearer was not authenticated. Failure message: IDX10223: Lifetime validation failed. The token is expired. ValidTo (UTC): '27.08.2026 17:06:54', Current time (UTC): '28.08.2026 13:03:34'.
2026-08-28 16:03:34.656 +03:00 [INF] Bearer was not authenticated. Failure message: IDX10223: Lifetime validation failed. The token is expired. ValidTo (UTC): '27.08.2026 17:06:54', Current time (UTC): '28.08.2026 13:03:34'.
2026-08-28 16:03:34.659 +03:00 [INF] Bearer was not authenticated. Failure message: IDX10223: Lifetime validation failed. The token is expired. ValidTo (UTC): '27.08.2026 17:06:54', Current time (UTC): '28.08.2026 13:03:34'.
2026-08-28 16:03:34.663 +03:00 [INF] Bearer was not authenticated. Failure message: IDX10223: Lifetime validation failed. The token is expired. ValidTo (UTC): '27.08.2026 17:06:54', Current time (UTC): '28.08.2026 13:03:34'.
2026-08-28 16:03:34.667 +03:00 [INF] Bearer was not authenticated. Failure message: IDX10223: Lifetime validation failed. The token is expired. ValidTo (UTC): '27.08.2026 17:06:54', Current time (UTC): '28.08.2026 13:03:34'.
2026-08-28 16:03:34.671 +03:00 [INF] Bearer was not authenticated. Failure message: IDX10223: Lifetime validation failed. The token is expired. ValidTo (UTC): '27.08.2026 17:06:54', Current time (UTC): '28.08.2026 13:03:34'.
2026-08-28 16:03:34.680 +03:00 [INF] Authorization failed. These requirements were not met:
DenyAnonymousAuthorizationRequirement: Requires an authenticated user.
2026-08-28 16:03:34.680 +03:00 [INF] Authorization failed. These requirements were not met:
DenyAnonymousAuthorizationRequirement: Requires an authenticated user.
2026-08-28 16:03:34.680 +03:00 [INF] Authorization failed. These requirements were not met:
DenyAnonymousAuthorizationRequirement: Requires an authenticated user.
2026-08-28 16:03:34.680 +03:00 [INF] Authorization failed. These requirements were not met:
DenyAnonymousAuthorizationRequirement: Requires an authenticated user.
2026-08-28 16:03:34.683 +03:00 [INF] Authorization failed. These requirements were not met:
DenyAnonymousAuthorizationRequirement: Requires an authenticated user.
2026-08-28 16:03:34.684 +03:00 [INF] Authorization failed. These requirements were not met:
DenyAnonymousAuthorizationRequirement: Requires an authenticated user.
2026-08-28 16:03:34.693 +03:00 [INF] AuthenticationScheme: Bearer was challenged.
2026-08-28 16:03:34.693 +03:00 [INF] AuthenticationScheme: Bearer was challenged.
2026-08-28 16:03:34.693 +03:00 [INF] AuthenticationScheme: Bearer was challenged.
2026-08-28 16:03:34.693 +03:00 [INF] AuthenticationScheme: Bearer was challenged.
2026-08-28 16:03:34.694 +03:00 [INF] AuthenticationScheme: Bearer was challenged.
2026-08-28 16:03:34.696 +03:00 [INF] AuthenticationScheme: Bearer was challenged.
2026-08-28 16:03:34.699 +03:00 [INF] HTTP GET /api/hareketler/stok-durum responded 401 in 195.2963 ms
2026-08-28 16:03:34.701 +03:00 [INF] HTTP GET /api/depolar responded 401 in 192.6318 ms
2026-08-28 16:03:34.703 +03:00 [INF] HTTP GET /api/malzemeler responded 401 in 260.8794 ms
2026-08-28 16:03:34.705 +03:00 [INF] HTTP GET /api/hareketler/stok-durum responded 401 in 262.4345 ms
2026-08-28 16:03:34.708 +03:00 [INF] HTTP GET /api/malzemeler/gruplar responded 401 in 209.6783 ms
2026-08-28 16:03:34.710 +03:00 [INF] HTTP GET /api/hareketler/stok-durum responded 401 in 196.6150 ms
2026-08-28 16:03:34.715 +03:00 [INF] Request finished HTTP/1.1 GET http://localhost:5078/api/hareketler/stok-durum?kritik=true&pageSize=1 - 401 0 null 234.2142ms
2026-08-28 16:03:34.718 +03:00 [INF] Request finished HTTP/1.1 GET http://localhost:5078/api/depolar - 401 0 null 231.1994ms
2026-08-28 16:03:34.722 +03:00 [INF] Request finished HTTP/1.1 GET http://localhost:5078/api/malzemeler?pageSize=200 - 401 0 null 317.4372ms
2026-08-28 16:03:34.726 +03:00 [INF] Request finished HTTP/1.1 GET http://localhost:5078/api/hareketler/stok-durum?pageSize=5000 - 401 0 null 315.6425ms
2026-08-28 16:03:34.731 +03:00 [INF] Request finished HTTP/1.1 GET http://localhost:5078/api/malzemeler/gruplar - 401 0 null 256.3788ms
2026-08-28 16:03:34.734 +03:00 [INF] Request finished HTTP/1.1 GET http://localhost:5078/api/hareketler/stok-durum?page=1&pageSize=10 - 401 0 null 240.9851ms
2026-08-28 16:03:34.742 +03:00 [INF] Request starting HTTP/1.1 GET http://localhost:5078/api/hareketler?pageSize=5 - null null
2026-08-28 16:03:34.750 +03:00 [INF] Request starting HTTP/1.1 GET http://localhost:5078/api/hareketler/stok-durum?kritik=true&pageSize=5 - null null
2026-08-28 16:03:34.757 +03:00 [INF] Request starting HTTP/1.1 GET http://localhost:5078/api/hareketler/stok-durum?kritik=true&pageSize=1 - null null
2026-08-28 16:03:34.764 +03:00 [INF] Request starting HTTP/1.1 GET http://localhost:5078/api/depolar - null null
2026-08-28 16:03:34.771 +03:00 [INF] Request starting HTTP/1.1 GET http://localhost:5078/api/malzemeler?pageSize=200 - null null
2026-08-28 16:03:34.777 +03:00 [INF] Request starting HTTP/1.1 GET http://localhost:5078/api/hareketler/stok-durum?pageSize=5000 - null null
2026-08-28 16:03:34.782 +03:00 [INF] CORS policy execution successful.
2026-08-28 16:03:34.787 +03:00 [INF] CORS policy execution successful.
2026-08-28 16:03:34.792 +03:00 [INF] CORS policy execution successful.
2026-08-28 16:03:34.798 +03:00 [INF] CORS policy execution successful.
2026-08-28 16:03:34.803 +03:00 [INF] CORS policy execution successful.
2026-08-28 16:03:34.808 +03:00 [INF] CORS policy execution successful.
2026-08-28 16:03:34.811 +03:00 [INF] Failed to validate the token.
Microsoft.IdentityModel.Tokens.SecurityTokenExpiredException: IDX10223: Lifetime validation failed. The token is expired. ValidTo (UTC): '27.08.2026 17:06:54', Current time (UTC): '28.08.2026 13:03:34'.
   at Microsoft.IdentityModel.Tokens.ValidatorUtilities.ValidateLifetime(Nullable`1 notBefore, Nullable`1 expires, SecurityToken securityToken, TokenValidationParameters validationParameters)
   at Microsoft.IdentityModel.Tokens.Validators.ValidateLifetime(Nullable`1 notBefore, Nullable`1 expires, SecurityToken securityToken, TokenValidationParameters validationParameters)
   at Microsoft.IdentityModel.JsonWebTokens.JsonWebTokenHandler.ValidateTokenPayloadAsync(JsonWebToken jsonWebToken, TokenValidationParameters validationParameters, BaseConfiguration configuration)
   at Microsoft.IdentityModel.JsonWebTokens.JsonWebTokenHandler.ValidateJWSAsync(JsonWebToken jsonWebToken, TokenValidationParameters validationParameters, BaseConfiguration configuration)
2026-08-28 16:03:34.812 +03:00 [INF] Failed to validate the token.
Microsoft.IdentityModel.Tokens.SecurityTokenExpiredException: IDX10223: Lifetime validation failed. The token is expired. ValidTo (UTC): '27.08.2026 17:06:54', Current time (UTC): '28.08.2026 13:03:34'.
   at Microsoft.IdentityModel.Tokens.ValidatorUtilities.ValidateLifetime(Nullable`1 notBefore, Nullable`1 expires, SecurityToken securityToken, TokenValidationParameters validationParameters)
   at Microsoft.IdentityModel.Tokens.Validators.ValidateLifetime(Nullable`1 notBefore, Nullable`1 expires, SecurityToken securityToken, TokenValidationParameters validationParameters)
   at Microsoft.IdentityModel.JsonWebTokens.JsonWebTokenHandler.ValidateTokenPayloadAsync(JsonWebToken jsonWebToken, TokenValidationParameters validationParameters, BaseConfiguration configuration)
   at Microsoft.IdentityModel.JsonWebTokens.JsonWebTokenHandler.ValidateJWSAsync(JsonWebToken jsonWebToken, TokenValidationParameters validationParameters, BaseConfiguration configuration)
2026-08-28 16:03:34.814 +03:00 [INF] Failed to validate the token.
Microsoft.IdentityModel.Tokens.SecurityTokenExpiredException: IDX10223: Lifetime validation failed. The token is expired. ValidTo (UTC): '27.08.2026 17:06:54', Current time (UTC): '28.08.2026 13:03:34'.
   at Microsoft.IdentityModel.Tokens.ValidatorUtilities.ValidateLifetime(Nullable`1 notBefore, Nullable`1 expires, SecurityToken securityToken, TokenValidationParameters validationParameters)
   at Microsoft.IdentityModel.Tokens.Validators.ValidateLifetime(Nullable`1 notBefore, Nullable`1 expires, SecurityToken securityToken, TokenValidationParameters validationParameters)
   at Microsoft.IdentityModel.JsonWebTokens.JsonWebTokenHandler.ValidateTokenPayloadAsync(JsonWebToken jsonWebToken, TokenValidationParameters validationParameters, BaseConfiguration configuration)
   at Microsoft.IdentityModel.JsonWebTokens.JsonWebTokenHandler.ValidateJWSAsync(JsonWebToken jsonWebToken, TokenValidationParameters validationParameters, BaseConfiguration configuration)
2026-08-28 16:03:34.815 +03:00 [INF] Failed to validate the token.
Microsoft.IdentityModel.Tokens.SecurityTokenExpiredException: IDX10223: Lifetime validation failed. The token is expired. ValidTo (UTC): '27.08.2026 17:06:54', Current time (UTC): '28.08.2026 13:03:34'.
   at Microsoft.IdentityModel.Tokens.ValidatorUtilities.ValidateLifetime(Nullable`1 notBefore, Nullable`1 expires, SecurityToken securityToken, TokenValidationParameters validationParameters)
   at Microsoft.IdentityModel.Tokens.Validators.ValidateLifetime(Nullable`1 notBefore, Nullable`1 expires, SecurityToken securityToken, TokenValidationParameters validationParameters)
   at Microsoft.IdentityModel.JsonWebTokens.JsonWebTokenHandler.ValidateTokenPayloadAsync(JsonWebToken jsonWebToken, TokenValidationParameters validationParameters, BaseConfiguration configuration)
   at Microsoft.IdentityModel.JsonWebTokens.JsonWebTokenHandler.ValidateJWSAsync(JsonWebToken jsonWebToken, TokenValidationParameters validationParameters, BaseConfiguration configuration)
2026-08-28 16:03:34.817 +03:00 [INF] Failed to validate the token.
Microsoft.IdentityModel.Tokens.SecurityTokenExpiredException: IDX10223: Lifetime validation failed. The token is expired. ValidTo (UTC): '27.08.2026 17:06:54', Current time (UTC): '28.08.2026 13:03:34'.
   at Microsoft.IdentityModel.Tokens.ValidatorUtilities.ValidateLifetime(Nullable`1 notBefore, Nullable`1 expires, SecurityToken securityToken, TokenValidationParameters validationParameters)
   at Microsoft.IdentityModel.Tokens.Validators.ValidateLifetime(Nullable`1 notBefore, Nullable`1 expires, SecurityToken securityToken, TokenValidationParameters validationParameters)
   at Microsoft.IdentityModel.JsonWebTokens.JsonWebTokenHandler.ValidateTokenPayloadAsync(JsonWebToken jsonWebToken, TokenValidationParameters validationParameters, BaseConfiguration configuration)
   at Microsoft.IdentityModel.JsonWebTokens.JsonWebTokenHandler.ValidateJWSAsync(JsonWebToken jsonWebToken, TokenValidationParameters validationParameters, BaseConfiguration configuration)
2026-08-28 16:03:34.818 +03:00 [INF] Failed to validate the token.
Microsoft.IdentityModel.Tokens.SecurityTokenExpiredException: IDX10223: Lifetime validation failed. The token is expired. ValidTo (UTC): '27.08.2026 17:06:54', Current time (UTC): '28.08.2026 13:03:34'.
   at Microsoft.IdentityModel.Tokens.ValidatorUtilities.ValidateLifetime(Nullable`1 notBefore, Nullable`1 expires, SecurityToken securityToken, TokenValidationParameters validationParameters)
   at Microsoft.IdentityModel.Tokens.Validators.ValidateLifetime(Nullable`1 notBefore, Nullable`1 expires, SecurityToken securityToken, TokenValidationParameters validationParameters)
   at Microsoft.IdentityModel.JsonWebTokens.JsonWebTokenHandler.ValidateTokenPayloadAsync(JsonWebToken jsonWebToken, TokenValidationParameters validationParameters, BaseConfiguration configuration)
   at Microsoft.IdentityModel.JsonWebTokens.JsonWebTokenHandler.ValidateJWSAsync(JsonWebToken jsonWebToken, TokenValidationParameters validationParameters, BaseConfiguration configuration)
2026-08-28 16:03:34.822 +03:00 [INF] Bearer was not authenticated. Failure message: IDX10223: Lifetime validation failed. The token is expired. ValidTo (UTC): '27.08.2026 17:06:54', Current time (UTC): '28.08.2026 13:03:34'.
2026-08-28 16:03:34.826 +03:00 [INF] Bearer was not authenticated. Failure message: IDX10223: Lifetime validation failed. The token is expired. ValidTo (UTC): '27.08.2026 17:06:54', Current time (UTC): '28.08.2026 13:03:34'.
2026-08-28 16:03:34.830 +03:00 [INF] Bearer was not authenticated. Failure message: IDX10223: Lifetime validation failed. The token is expired. ValidTo (UTC): '27.08.2026 17:06:54', Current time (UTC): '28.08.2026 13:03:34'.
2026-08-28 16:03:34.834 +03:00 [INF] Bearer was not authenticated. Failure message: IDX10223: Lifetime validation failed. The token is expired. ValidTo (UTC): '27.08.2026 17:06:54', Current time (UTC): '28.08.2026 13:03:34'.
2026-08-28 16:03:34.838 +03:00 [INF] Bearer was not authenticated. Failure message: IDX10223: Lifetime validation failed. The token is expired. ValidTo (UTC): '27.08.2026 17:06:54', Current time (UTC): '28.08.2026 13:03:34'.
2026-08-28 16:03:34.842 +03:00 [INF] Bearer was not authenticated. Failure message: IDX10223: Lifetime validation failed. The token is expired. ValidTo (UTC): '27.08.2026 17:06:54', Current time (UTC): '28.08.2026 13:03:34'.
2026-08-28 16:03:34.845 +03:00 [INF] Authorization failed. These requirements were not met:
DenyAnonymousAuthorizationRequirement: Requires an authenticated user.
2026-08-28 16:03:34.847 +03:00 [INF] Authorization failed. These requirements were not met:
DenyAnonymousAuthorizationRequirement: Requires an authenticated user.
2026-08-28 16:03:34.849 +03:00 [INF] Authorization failed. These requirements were not met:
DenyAnonymousAuthorizationRequirement: Requires an authenticated user.
2026-08-28 16:03:34.851 +03:00 [INF] Authorization failed. These requirements were not met:
DenyAnonymousAuthorizationRequirement: Requires an authenticated user.
2026-08-28 16:03:34.853 +03:00 [INF] Authorization failed. These requirements were not met:
DenyAnonymousAuthorizationRequirement: Requires an authenticated user.
2026-08-28 16:03:34.856 +03:00 [INF] Authorization failed. These requirements were not met:
DenyAnonymousAuthorizationRequirement: Requires an authenticated user.
2026-08-28 16:03:34.858 +03:00 [INF] AuthenticationScheme: Bearer was challenged.
2026-08-28 16:03:34.860 +03:00 [INF] AuthenticationScheme: Bearer was challenged.
2026-08-28 16:03:34.862 +03:00 [INF] AuthenticationScheme: Bearer was challenged.
2026-08-28 16:03:34.864 +03:00 [INF] AuthenticationScheme: Bearer was challenged.
2026-08-28 16:03:34.866 +03:00 [INF] AuthenticationScheme: Bearer was challenged.
2026-08-28 16:03:34.868 +03:00 [INF] AuthenticationScheme: Bearer was challenged.
2026-08-28 16:03:34.870 +03:00 [INF] HTTP GET /api/hareketler responded 401 in 87.6676 ms
2026-08-28 16:03:34.873 +03:00 [INF] HTTP GET /api/hareketler/stok-durum responded 401 in 85.1927 ms
2026-08-28 16:03:34.875 +03:00 [INF] HTTP GET /api/hareketler/stok-durum responded 401 in 82.2211 ms
2026-08-28 16:03:34.877 +03:00 [INF] HTTP GET /api/depolar responded 401 in 79.1865 ms
2026-08-28 16:03:34.879 +03:00 [INF] HTTP GET /api/malzemeler responded 401 in 76.1393 ms
2026-08-28 16:03:34.881 +03:00 [INF] HTTP GET /api/hareketler/stok-durum responded 401 in 72.9975 ms
2026-08-28 16:03:34.887 +03:00 [INF] Request finished HTTP/1.1 GET http://localhost:5078/api/hareketler?pageSize=5 - 401 0 null 145.1941ms
2026-08-28 16:03:34.891 +03:00 [INF] Request finished HTTP/1.1 GET http://localhost:5078/api/hareketler/stok-durum?kritik=true&pageSize=5 - 401 0 null 140.7741ms
2026-08-28 16:03:34.899 +03:00 [INF] Request finished HTTP/1.1 GET http://localhost:5078/api/hareketler/stok-durum?kritik=true&pageSize=1 - 401 0 null 141.1482ms
2026-08-28 16:03:34.902 +03:00 [INF] Request finished HTTP/1.1 GET http://localhost:5078/api/depolar - 401 0 null 138.0503ms
2026-08-28 16:03:34.906 +03:00 [INF] Request finished HTTP/1.1 GET http://localhost:5078/api/malzemeler?pageSize=200 - 401 0 null 135.181ms
2026-08-28 16:03:34.910 +03:00 [INF] Request finished HTTP/1.1 GET http://localhost:5078/api/hareketler/stok-durum?pageSize=5000 - 401 0 null 133.0943ms
2026-08-28 16:03:34.917 +03:00 [INF] Request starting HTTP/1.1 GET http://localhost:5078/api/malzemeler/gruplar - null null
2026-08-28 16:03:34.924 +03:00 [INF] Request starting HTTP/1.1 GET http://localhost:5078/api/hareketler/stok-durum?page=1&pageSize=10 - null null
2026-08-28 16:03:34.930 +03:00 [INF] Request starting HTTP/1.1 GET http://localhost:5078/api/hareketler?pageSize=5 - null null
2026-08-28 16:03:34.937 +03:00 [INF] Request starting HTTP/1.1 GET http://localhost:5078/api/hareketler/stok-durum?kritik=true&pageSize=5 - null null
2026-08-28 16:03:34.954 +03:00 [INF] CORS policy execution successful.
2026-08-28 16:03:34.957 +03:00 [INF] CORS policy execution successful.
2026-08-28 16:03:34.961 +03:00 [INF] CORS policy execution successful.
2026-08-28 16:03:34.965 +03:00 [INF] CORS policy execution successful.
2026-08-28 16:03:34.966 +03:00 [INF] Failed to validate the token.
Microsoft.IdentityModel.Tokens.SecurityTokenExpiredException: IDX10223: Lifetime validation failed. The token is expired. ValidTo (UTC): '27.08.2026 17:06:54', Current time (UTC): '28.08.2026 13:03:34'.
   at Microsoft.IdentityModel.Tokens.ValidatorUtilities.ValidateLifetime(Nullable`1 notBefore, Nullable`1 expires, SecurityToken securityToken, TokenValidationParameters validationParameters)
   at Microsoft.IdentityModel.Tokens.Validators.ValidateLifetime(Nullable`1 notBefore, Nullable`1 expires, SecurityToken securityToken, TokenValidationParameters validationParameters)
   at Microsoft.IdentityModel.JsonWebTokens.JsonWebTokenHandler.ValidateTokenPayloadAsync(JsonWebToken jsonWebToken, TokenValidationParameters validationParameters, BaseConfiguration configuration)
   at Microsoft.IdentityModel.JsonWebTokens.JsonWebTokenHandler.ValidateJWSAsync(JsonWebToken jsonWebToken, TokenValidationParameters validationParameters, BaseConfiguration configuration)
2026-08-28 16:03:34.967 +03:00 [INF] Failed to validate the token.
Microsoft.IdentityModel.Tokens.SecurityTokenExpiredException: IDX10223: Lifetime validation failed. The token is expired. ValidTo (UTC): '27.08.2026 17:06:54', Current time (UTC): '28.08.2026 13:03:34'.
   at Microsoft.IdentityModel.Tokens.ValidatorUtilities.ValidateLifetime(Nullable`1 notBefore, Nullable`1 expires, SecurityToken securityToken, TokenValidationParameters validationParameters)
   at Microsoft.IdentityModel.Tokens.Validators.ValidateLifetime(Nullable`1 notBefore, Nullable`1 expires, SecurityToken securityToken, TokenValidationParameters validationParameters)
   at Microsoft.IdentityModel.JsonWebTokens.JsonWebTokenHandler.ValidateTokenPayloadAsync(JsonWebToken jsonWebToken, TokenValidationParameters validationParameters, BaseConfiguration configuration)
   at Microsoft.IdentityModel.JsonWebTokens.JsonWebTokenHandler.ValidateJWSAsync(JsonWebToken jsonWebToken, TokenValidationParameters validationParameters, BaseConfiguration configuration)
2026-08-28 16:03:34.968 +03:00 [INF] Failed to validate the token.
Microsoft.IdentityModel.Tokens.SecurityTokenExpiredException: IDX10223: Lifetime validation failed. The token is expired. ValidTo (UTC): '27.08.2026 17:06:54', Current time (UTC): '28.08.2026 13:03:34'.
   at Microsoft.IdentityModel.Tokens.ValidatorUtilities.ValidateLifetime(Nullable`1 notBefore, Nullable`1 expires, SecurityToken securityToken, TokenValidationParameters validationParameters)
   at Microsoft.IdentityModel.Tokens.Validators.ValidateLifetime(Nullable`1 notBefore, Nullable`1 expires, SecurityToken securityToken, TokenValidationParameters validationParameters)
   at Microsoft.IdentityModel.JsonWebTokens.JsonWebTokenHandler.ValidateTokenPayloadAsync(JsonWebToken jsonWebToken, TokenValidationParameters validationParameters, BaseConfiguration configuration)
   at Microsoft.IdentityModel.JsonWebTokens.JsonWebTokenHandler.ValidateJWSAsync(JsonWebToken jsonWebToken, TokenValidationParameters validationParameters, BaseConfiguration configuration)
2026-08-28 16:03:34.970 +03:00 [INF] Failed to validate the token.
Microsoft.IdentityModel.Tokens.SecurityTokenExpiredException: IDX10223: Lifetime validation failed. The token is expired. ValidTo (UTC): '27.08.2026 17:06:54', Current time (UTC): '28.08.2026 13:03:34'.
   at Microsoft.IdentityModel.Tokens.ValidatorUtilities.ValidateLifetime(Nullable`1 notBefore, Nullable`1 expires, SecurityToken securityToken, TokenValidationParameters validationParameters)
   at Microsoft.IdentityModel.Tokens.Validators.ValidateLifetime(Nullable`1 notBefore, Nullable`1 expires, SecurityToken securityToken, TokenValidationParameters validationParameters)
   at Microsoft.IdentityModel.JsonWebTokens.JsonWebTokenHandler.ValidateTokenPayloadAsync(JsonWebToken jsonWebToken, TokenValidationParameters validationParameters, BaseConfiguration configuration)
   at Microsoft.IdentityModel.JsonWebTokens.JsonWebTokenHandler.ValidateJWSAsync(JsonWebToken jsonWebToken, TokenValidationParameters validationParameters, BaseConfiguration configuration)
2026-08-28 16:03:34.973 +03:00 [INF] Bearer was not authenticated. Failure message: IDX10223: Lifetime validation failed. The token is expired. ValidTo (UTC): '27.08.2026 17:06:54', Current time (UTC): '28.08.2026 13:03:34'.
2026-08-28 16:03:34.975 +03:00 [INF] Bearer was not authenticated. Failure message: IDX10223: Lifetime validation failed. The token is expired. ValidTo (UTC): '27.08.2026 17:06:54', Current time (UTC): '28.08.2026 13:03:34'.
2026-08-28 16:03:34.979 +03:00 [INF] Bearer was not authenticated. Failure message: IDX10223: Lifetime validation failed. The token is expired. ValidTo (UTC): '27.08.2026 17:06:54', Current time (UTC): '28.08.2026 13:03:34'.
2026-08-28 16:03:34.982 +03:00 [INF] Bearer was not authenticated. Failure message: IDX10223: Lifetime validation failed. The token is expired. ValidTo (UTC): '27.08.2026 17:06:54', Current time (UTC): '28.08.2026 13:03:34'.
2026-08-28 16:03:34.984 +03:00 [INF] Authorization failed. These requirements were not met:
DenyAnonymousAuthorizationRequirement: Requires an authenticated user.
2026-08-28 16:03:34.985 +03:00 [INF] Authorization failed. These requirements were not met:
DenyAnonymousAuthorizationRequirement: Requires an authenticated user.
2026-08-28 16:03:34.986 +03:00 [INF] Authorization failed. These requirements were not met:
DenyAnonymousAuthorizationRequirement: Requires an authenticated user.
2026-08-28 16:03:34.988 +03:00 [INF] Authorization failed. These requirements were not met:
DenyAnonymousAuthorizationRequirement: Requires an authenticated user.
2026-08-28 16:03:34.989 +03:00 [INF] AuthenticationScheme: Bearer was challenged.
2026-08-28 16:03:34.991 +03:00 [INF] AuthenticationScheme: Bearer was challenged.
2026-08-28 16:03:34.992 +03:00 [INF] AuthenticationScheme: Bearer was challenged.
2026-08-28 16:03:34.994 +03:00 [INF] AuthenticationScheme: Bearer was challenged.
2026-08-28 16:03:34.996 +03:00 [INF] HTTP GET /api/malzemeler/gruplar responded 401 in 42.6484 ms
2026-08-28 16:03:34.998 +03:00 [INF] HTTP GET /api/hareketler/stok-durum responded 401 in 40.8633 ms
2026-08-28 16:03:34.999 +03:00 [INF] HTTP GET /api/hareketler responded 401 in 38.1963 ms
2026-08-28 16:03:35.001 +03:00 [INF] HTTP GET /api/hareketler/stok-durum responded 401 in 36.0604 ms
2026-08-28 16:03:35.003 +03:00 [INF] Request finished HTTP/1.1 GET http://localhost:5078/api/malzemeler/gruplar - 401 0 null 86.1078ms
2026-08-28 16:03:35.006 +03:00 [INF] Request finished HTTP/1.1 GET http://localhost:5078/api/hareketler/stok-durum?page=1&pageSize=10 - 401 0 null 81.6207ms
2026-08-28 16:03:35.009 +03:00 [INF] Request finished HTTP/1.1 GET http://localhost:5078/api/hareketler?pageSize=5 - 401 0 null 78.5395ms
2026-08-28 16:03:35.013 +03:00 [INF] Request finished HTTP/1.1 GET http://localhost:5078/api/hareketler/stok-durum?kritik=true&pageSize=5 - 401 0 null 75.3845ms
2026-08-28 16:03:38.108 +03:00 [INF] Request starting HTTP/1.1 OPTIONS http://localhost:5078/api/auth/login - null null
2026-08-28 16:03:38.115 +03:00 [INF] CORS policy execution successful.
2026-08-28 16:03:38.117 +03:00 [INF] HTTP OPTIONS /api/auth/login responded 204 in 2.0763 ms
2026-08-28 16:03:38.121 +03:00 [INF] Request finished HTTP/1.1 OPTIONS http://localhost:5078/api/auth/login - 204 null null 12.7496ms
2026-08-28 16:03:38.144 +03:00 [INF] Request starting HTTP/1.1 POST http://localhost:5078/api/auth/login - application/json 45
2026-08-28 16:03:38.150 +03:00 [INF] CORS policy execution successful.
2026-08-28 16:03:38.155 +03:00 [INF] Executing endpoint 'DepoStok.API.Controllers.AuthController.Login (DepoStok.API)'
2026-08-28 16:03:38.184 +03:00 [INF] Route matched with {action = "Login", controller = "Auth"}. Executing controller action with signature System.Threading.Tasks.Task`1[Microsoft.AspNetCore.Mvc.IActionResult] Login(DepoStok.Application.LoginDto) on controller DepoStok.API.Controllers.AuthController (DepoStok.API).
2026-08-28 16:03:38.437 +03:00 [INF] Executed DbCommand (43ms) [Parameters=[@__dto_KullaniciAdi_0='?' (Size = 50)], CommandType='"Text"', CommandTimeout='30']
SELECT `u`.`Id`, `u`.`AdSoyad`, `u`.`CreatedAt`, `u`.`Email`, `u`.`IsActive`, `u`.`KullaniciAdi`, `u`.`ParolaHash`, `u`.`RoleId`, `r`.`Id`, `r`.`Aciklama`, `r`.`Ad`, `r`.`Kod`
FROM `Users` AS `u`
INNER JOIN `Roles` AS `r` ON `u`.`RoleId` = `r`.`Id`
WHERE (`u`.`KullaniciAdi` = @__dto_KullaniciAdi_0) AND `u`.`IsActive`
LIMIT 1
2026-08-28 16:03:39.046 +03:00 [INF] Executing OkObjectResult, writing value of type 'DepoStok.Application.TokenDto'.
2026-08-28 16:03:39.074 +03:00 [INF] Executed action DepoStok.API.Controllers.AuthController.Login (DepoStok.API) in 881.8482ms
2026-08-28 16:03:39.077 +03:00 [INF] Executed endpoint 'DepoStok.API.Controllers.AuthController.Login (DepoStok.API)'
2026-08-28 16:03:39.080 +03:00 [INF] HTTP POST /api/auth/login responded 200 in 929.5262 ms
2026-08-28 16:03:39.087 +03:00 [INF] Request finished HTTP/1.1 POST http://localhost:5078/api/auth/login - 200 null application/json; charset=utf-8 943.4607ms
2026-08-28 16:03:39.459 +03:00 [INF] Request starting HTTP/1.1 OPTIONS http://localhost:5078/api/hareketler/stok-durum?page=1&pageSize=10 - null null
2026-08-28 16:03:39.464 +03:00 [INF] Request starting HTTP/1.1 OPTIONS http://localhost:5078/api/hareketler/stok-durum?pageSize=5000 - null null
2026-08-28 16:03:39.467 +03:00 [INF] Request starting HTTP/1.1 OPTIONS http://localhost:5078/api/depolar - null null
2026-08-28 16:03:39.467 +03:00 [INF] Request starting HTTP/1.1 OPTIONS http://localhost:5078/api/malzemeler/gruplar - null null
2026-08-28 16:03:39.468 +03:00 [INF] Request starting HTTP/1.1 GET http://localhost:5078/api/malzemeler?pageSize=200 - null null
2026-08-28 16:03:39.469 +03:00 [INF] CORS policy execution successful.
2026-08-28 16:03:39.470 +03:00 [INF] Request starting HTTP/1.1 GET http://localhost:5078/api/hareketler/stok-durum?kritik=true&pageSize=1 - null null
2026-08-28 16:03:39.474 +03:00 [INF] CORS policy execution successful.
2026-08-28 16:03:39.479 +03:00 [INF] CORS policy execution successful.
2026-08-28 16:03:39.484 +03:00 [INF] CORS policy execution successful.
2026-08-28 16:03:39.490 +03:00 [INF] CORS policy execution successful.
2026-08-28 16:03:39.491 +03:00 [INF] HTTP OPTIONS /api/hareketler/stok-durum responded 204 in 22.2469 ms
2026-08-28 16:03:39.497 +03:00 [INF] CORS policy execution successful.
2026-08-28 16:03:39.498 +03:00 [INF] HTTP OPTIONS /api/hareketler/stok-durum responded 204 in 24.1664 ms
2026-08-28 16:03:39.500 +03:00 [INF] HTTP OPTIONS /api/depolar responded 204 in 20.5827 ms
2026-08-28 16:03:39.501 +03:00 [INF] HTTP OPTIONS /api/malzemeler/gruplar responded 204 in 17.2343 ms
2026-08-28 16:03:39.507 +03:00 [INF] Request finished HTTP/1.1 OPTIONS http://localhost:5078/api/hareketler/stok-durum?page=1&pageSize=10 - 204 null null 48.0424ms
2026-08-28 16:03:39.514 +03:00 [INF] Request finished HTTP/1.1 OPTIONS http://localhost:5078/api/hareketler/stok-durum?pageSize=5000 - 204 null null 49.7983ms
2026-08-28 16:03:39.517 +03:00 [INF] Request finished HTTP/1.1 OPTIONS http://localhost:5078/api/depolar - 204 null null 50.1794ms
2026-08-28 16:03:39.521 +03:00 [INF] Request finished HTTP/1.1 OPTIONS http://localhost:5078/api/malzemeler/gruplar - 204 null null 53.799ms
2026-08-28 16:03:39.522 +03:00 [INF] Executing endpoint 'DepoStok.API.Controllers.HareketlerController.GetStokDurum (DepoStok.API)'
2026-08-28 16:03:39.522 +03:00 [INF] Executing endpoint 'DepoStok.API.Controllers.MalzemelerController.GetMalzemeler (DepoStok.API)'
2026-08-28 16:03:39.528 +03:00 [INF] Request starting HTTP/1.1 GET http://localhost:5078/api/hareketler?pageSize=5 - null null
2026-08-28 16:03:39.533 +03:00 [INF] Request starting HTTP/1.1 GET http://localhost:5078/api/hareketler/stok-durum?kritik=true&pageSize=5 - null null
2026-08-28 16:03:39.539 +03:00 [INF] Request starting HTTP/1.1 OPTIONS http://localhost:5078/api/hareketler/stok-durum?page=1&pageSize=10 - null null
2026-08-28 16:03:39.546 +03:00 [INF] Request starting HTTP/1.1 OPTIONS http://localhost:5078/api/hareketler/stok-durum?pageSize=5000 - null null
2026-08-28 16:03:39.555 +03:00 [INF] CORS policy execution successful.
2026-08-28 16:03:39.556 +03:00 [INF] Route matched with {action = "GetMalzemeler", controller = "Malzemeler"}. Executing controller action with signature System.Threading.Tasks.Task`1[Microsoft.AspNetCore.Mvc.ActionResult`1[DepoStok.Application.PagedResult`1[DepoStok.Application.MalzemeDto]]] GetMalzemeler(System.Nullable`1[System.Int32], System.String, Int32, Int32) on controller DepoStok.API.Controllers.MalzemelerController (DepoStok.API).
2026-08-28 16:03:39.558 +03:00 [INF] Route matched with {action = "GetStokDurum", controller = "Hareketler"}. Executing controller action with signature System.Threading.Tasks.Task`1[Microsoft.AspNetCore.Mvc.ActionResult`1[DepoStok.Application.PagedResult`1[DepoStok.Application.StokDurumDto]]] GetStokDurum(System.Nullable`1[System.Int32], System.Nullable`1[System.Int32], System.String, System.Nullable`1[System.Boolean], Int32, Int32) on controller DepoStok.API.Controllers.HareketlerController (DepoStok.API).
2026-08-28 16:03:39.560 +03:00 [INF] CORS policy execution successful.
2026-08-28 16:03:39.565 +03:00 [INF] CORS policy execution successful.
2026-08-28 16:03:39.569 +03:00 [INF] CORS policy execution successful.
2026-08-28 16:03:39.572 +03:00 [INF] Executing endpoint 'DepoStok.API.Controllers.HareketlerController.GetHareketler (DepoStok.API)'
2026-08-28 16:03:39.580 +03:00 [INF] Executing endpoint 'DepoStok.API.Controllers.HareketlerController.GetStokDurum (DepoStok.API)'
2026-08-28 16:03:39.581 +03:00 [INF] HTTP OPTIONS /api/hareketler/stok-durum responded 204 in 16.1646 ms
2026-08-28 16:03:39.582 +03:00 [INF] HTTP OPTIONS /api/hareketler/stok-durum responded 204 in 13.2198 ms
2026-08-28 16:03:39.586 +03:00 [INF] Route matched with {action = "GetStokDurum", controller = "Hareketler"}. Executing controller action with signature System.Threading.Tasks.Task`1[Microsoft.AspNetCore.Mvc.ActionResult`1[DepoStok.Application.PagedResult`1[DepoStok.Application.StokDurumDto]]] GetStokDurum(System.Nullable`1[System.Int32], System.Nullable`1[System.Int32], System.String, System.Nullable`1[System.Boolean], Int32, Int32) on controller DepoStok.API.Controllers.HareketlerController (DepoStok.API).
2026-08-28 16:03:39.590 +03:00 [INF] Request finished HTTP/1.1 OPTIONS http://localhost:5078/api/hareketler/stok-durum?page=1&pageSize=10 - 204 null null 51.0675ms
2026-08-28 16:03:39.594 +03:00 [INF] Request finished HTTP/1.1 OPTIONS http://localhost:5078/api/hareketler/stok-durum?pageSize=5000 - 204 null null 48.0671ms
2026-08-28 16:03:39.594 +03:00 [INF] Route matched with {action = "GetHareketler", controller = "Hareketler"}. Executing controller action with signature System.Threading.Tasks.Task`1[Microsoft.AspNetCore.Mvc.ActionResult`1[DepoStok.Application.PagedResult`1[DepoStok.Application.HareketBaslikDto]]] GetHareketler(System.Nullable`1[DepoStok.Domain.HareketTipiEnum], System.Nullable`1[System.Int32], System.Nullable`1[System.Int32], System.Nullable`1[System.DateTime], System.Nullable`1[System.DateTime], Int32, Int32) on controller DepoStok.API.Controllers.HareketlerController (DepoStok.API).
2026-08-28 16:03:39.604 +03:00 [INF] Request starting HTTP/1.1 OPTIONS http://localhost:5078/api/depolar - null null
2026-08-28 16:03:39.610 +03:00 [INF] Request starting HTTP/1.1 OPTIONS http://localhost:5078/api/malzemeler/gruplar - null null
2026-08-28 16:03:39.618 +03:00 [INF] CORS policy execution successful.
2026-08-28 16:03:39.623 +03:00 [INF] CORS policy execution successful.
2026-08-28 16:03:39.624 +03:00 [INF] HTTP OPTIONS /api/depolar responded 204 in 5.9768 ms
2026-08-28 16:03:39.625 +03:00 [INF] HTTP OPTIONS /api/malzemeler/gruplar responded 204 in 3.0127 ms
2026-08-28 16:03:39.629 +03:00 [INF] Request finished HTTP/1.1 OPTIONS http://localhost:5078/api/depolar - 204 null null 25.4397ms
2026-08-28 16:03:39.632 +03:00 [INF] Request finished HTTP/1.1 OPTIONS http://localhost:5078/api/malzemeler/gruplar - 204 null null 22.4852ms
2026-08-28 16:03:39.639 +03:00 [INF] Request starting HTTP/1.1 GET http://localhost:5078/api/hareketler/stok-durum?page=1&pageSize=10 - null null
2026-08-28 16:03:39.644 +03:00 [INF] Request starting HTTP/1.1 GET http://localhost:5078/api/hareketler/stok-durum?pageSize=5000 - null null
2026-08-28 16:03:39.649 +03:00 [INF] CORS policy execution successful.
2026-08-28 16:03:39.654 +03:00 [INF] CORS policy execution successful.
2026-08-28 16:03:39.656 +03:00 [INF] Executing endpoint 'DepoStok.API.Controllers.HareketlerController.GetStokDurum (DepoStok.API)'
2026-08-28 16:03:39.657 +03:00 [INF] Executing endpoint 'DepoStok.API.Controllers.HareketlerController.GetStokDurum (DepoStok.API)'
2026-08-28 16:03:39.659 +03:00 [INF] Route matched with {action = "GetStokDurum", controller = "Hareketler"}. Executing controller action with signature System.Threading.Tasks.Task`1[Microsoft.AspNetCore.Mvc.ActionResult`1[DepoStok.Application.PagedResult`1[DepoStok.Application.StokDurumDto]]] GetStokDurum(System.Nullable`1[System.Int32], System.Nullable`1[System.Int32], System.String, System.Nullable`1[System.Boolean], Int32, Int32) on controller DepoStok.API.Controllers.HareketlerController (DepoStok.API).
2026-08-28 16:03:39.661 +03:00 [INF] Route matched with {action = "GetStokDurum", controller = "Hareketler"}. Executing controller action with signature System.Threading.Tasks.Task`1[Microsoft.AspNetCore.Mvc.ActionResult`1[DepoStok.Application.PagedResult`1[DepoStok.Application.StokDurumDto]]] GetStokDurum(System.Nullable`1[System.Int32], System.Nullable`1[System.Int32], System.String, System.Nullable`1[System.Boolean], Int32, Int32) on controller DepoStok.API.Controllers.HareketlerController (DepoStok.API).
2026-08-28 16:03:39.724 +03:00 [INF] Executed DbCommand (10ms) [Parameters=[], CommandType='"Text"', CommandTimeout='30']
SELECT `m`.`Id`, `m`.`Aciklama`, `m`.`Ad`, `m`.`Birim`, `m`.`IsActive`, `m`.`Kod`, `m`.`KritikStokSeviyesi`, `m`.`MalzemeGrubuId`, `m`.`MarkaModel`, `m`.`MaxStokSeviyesi`, `m`.`TeknikOzellik`, `m0`.`Id`, `m0`.`Ad`, `m0`.`Kod`, `m0`.`ParentId`
FROM `Malzemeler` AS `m`
INNER JOIN `MalzemeGruplari` AS `m0` ON `m`.`MalzemeGrubuId` = `m0`.`Id`
WHERE `m`.`IsActive`
2026-08-28 16:03:39.741 +03:00 [INF] Executed DbCommand (1ms) [Parameters=[], CommandType='"Text"', CommandTimeout='30']
SELECT COUNT(*)
FROM `Malzemeler` AS `m`
2026-08-28 16:03:39.741 +03:00 [INF] Executed DbCommand (1ms) [Parameters=[], CommandType='"Text"', CommandTimeout='30']
SELECT COUNT(*)
FROM `HareketBasliklari` AS `h`
2026-08-28 16:03:39.741 +03:00 [INF] Executed DbCommand (1ms) [Parameters=[], CommandType='"Text"', CommandTimeout='30']
SELECT `m`.`Id`, `m`.`Aciklama`, `m`.`Ad`, `m`.`Birim`, `m`.`IsActive`, `m`.`Kod`, `m`.`KritikStokSeviyesi`, `m`.`MalzemeGrubuId`, `m`.`MarkaModel`, `m`.`MaxStokSeviyesi`, `m`.`TeknikOzellik`, `m0`.`Id`, `m0`.`Ad`, `m0`.`Kod`, `m0`.`ParentId`
FROM `Malzemeler` AS `m`
INNER JOIN `MalzemeGruplari` AS `m0` ON `m`.`MalzemeGrubuId` = `m0`.`Id`
WHERE `m`.`IsActive`
2026-08-28 16:03:39.741 +03:00 [INF] Executed DbCommand (2ms) [Parameters=[], CommandType='"Text"', CommandTimeout='30']
SELECT `m`.`Id`, `m`.`Aciklama`, `m`.`Ad`, `m`.`Birim`, `m`.`IsActive`, `m`.`Kod`, `m`.`KritikStokSeviyesi`, `m`.`MalzemeGrubuId`, `m`.`MarkaModel`, `m`.`MaxStokSeviyesi`, `m`.`TeknikOzellik`, `m0`.`Id`, `m0`.`Ad`, `m0`.`Kod`, `m0`.`ParentId`
FROM `Malzemeler` AS `m`
INNER JOIN `MalzemeGruplari` AS `m0` ON `m`.`MalzemeGrubuId` = `m0`.`Id`
WHERE `m`.`IsActive`
2026-08-28 16:03:39.741 +03:00 [INF] Executed DbCommand (1ms) [Parameters=[], CommandType='"Text"', CommandTimeout='30']
SELECT `m`.`Id`, `m`.`Aciklama`, `m`.`Ad`, `m`.`Birim`, `m`.`IsActive`, `m`.`Kod`, `m`.`KritikStokSeviyesi`, `m`.`MalzemeGrubuId`, `m`.`MarkaModel`, `m`.`MaxStokSeviyesi`, `m`.`TeknikOzellik`, `m0`.`Id`, `m0`.`Ad`, `m0`.`Kod`, `m0`.`ParentId`
FROM `Malzemeler` AS `m`
INNER JOIN `MalzemeGruplari` AS `m0` ON `m`.`MalzemeGrubuId` = `m0`.`Id`
WHERE `m`.`IsActive`
2026-08-28 16:03:39.746 +03:00 [INF] Executed DbCommand (1ms) [Parameters=[], CommandType='"Text"', CommandTimeout='30']
SELECT `d`.`Id`, `d`.`Ad`, `d`.`Bolge`, `d`.`IsActive`, `d`.`Kod`, `d`.`Sorumlu`
FROM `Depolar` AS `d`
WHERE `d`.`IsActive`
2026-08-28 16:03:39.757 +03:00 [INF] Executed DbCommand (1ms) [Parameters=[], CommandType='"Text"', CommandTimeout='30']
SELECT `d`.`Id`, `d`.`Ad`, `d`.`Bolge`, `d`.`IsActive`, `d`.`Kod`, `d`.`Sorumlu`
FROM `Depolar` AS `d`
WHERE `d`.`IsActive`
2026-08-28 16:03:39.761 +03:00 [INF] Executed DbCommand (1ms) [Parameters=[], CommandType='"Text"', CommandTimeout='30']
SELECT `d`.`Id`, `d`.`Ad`, `d`.`Bolge`, `d`.`IsActive`, `d`.`Kod`, `d`.`Sorumlu`
FROM `Depolar` AS `d`
WHERE `d`.`IsActive`
2026-08-28 16:03:39.765 +03:00 [INF] Executed DbCommand (1ms) [Parameters=[], CommandType='"Text"', CommandTimeout='30']
SELECT `d`.`Id`, `d`.`Ad`, `d`.`Bolge`, `d`.`IsActive`, `d`.`Kod`, `d`.`Sorumlu`
FROM `Depolar` AS `d`
WHERE `d`.`IsActive`
2026-08-28 16:03:39.770 +03:00 [INF] Executed DbCommand (3ms) [Parameters=[@__p_1='?' (DbType = Int32), @__p_0='?' (DbType = Int32)], CommandType='"Text"', CommandTimeout='30']
SELECT `m1`.`Id`, `m1`.`Aciklama`, `m1`.`Ad`, `m1`.`Birim`, `m1`.`IsActive`, `m1`.`Kod`, `m1`.`KritikStokSeviyesi`, `m1`.`MalzemeGrubuId`, `m1`.`MarkaModel`, `m1`.`MaxStokSeviyesi`, `m1`.`TeknikOzellik`, `m0`.`Id`, `m0`.`Ad`, `m0`.`Kod`, `m0`.`ParentId`
FROM (
    SELECT `m`.`Id`, `m`.`Aciklama`, `m`.`Ad`, `m`.`Birim`, `m`.`IsActive`, `m`.`Kod`, `m`.`KritikStokSeviyesi`, `m`.`MalzemeGrubuId`, `m`.`MarkaModel`, `m`.`MaxStokSeviyesi`, `m`.`TeknikOzellik`
    FROM `Malzemeler` AS `m`
    ORDER BY `m`.`Kod`
    LIMIT @__p_1 OFFSET @__p_0
) AS `m1`
INNER JOIN `MalzemeGruplari` AS `m0` ON `m1`.`MalzemeGrubuId` = `m0`.`Id`
ORDER BY `m1`.`Kod`
2026-08-28 16:03:39.786 +03:00 [INF] Executing OkObjectResult, writing value of type 'DepoStok.Application.PagedResult`1[[DepoStok.Application.MalzemeDto, DepoStok.Application, Version=1.0.0.0, Culture=neutral, PublicKeyToken=null]]'.
2026-08-28 16:03:39.822 +03:00 [INF] Executed action DepoStok.API.Controllers.MalzemelerController.GetMalzemeler (DepoStok.API) in 247.9441ms
2026-08-28 16:03:39.825 +03:00 [INF] Executed endpoint 'DepoStok.API.Controllers.MalzemelerController.GetMalzemeler (DepoStok.API)'
2026-08-28 16:03:39.826 +03:00 [INF] Executed DbCommand (14ms) [Parameters=[@__p_1='?' (DbType = Int32), @__p_0='?' (DbType = Int32)], CommandType='"Text"', CommandTimeout='30']
SELECT `h0`.`Id`, `h0`.`Aciklama`, `h0`.`CreatedAt`, `h0`.`FisNo`, `h0`.`HareketTipi`, `h0`.`HedefDepoId`, `h0`.`IptalNedeni`, `h0`.`IptalTarihi`, `h0`.`IsIptal`, `h0`.`KaynakDepoId`, `h0`.`OlusturanKullaniciId`, `h0`.`Tarih`, `d`.`Id`, `d`.`Ad`, `d`.`Bolge`, `d`.`IsActive`, `d`.`Kod`, `d`.`Sorumlu`, `d0`.`Id`, `d0`.`Ad`, `d0`.`Bolge`, `d0`.`IsActive`, `d0`.`Kod`, `d0`.`Sorumlu`, `u`.`Id`, `u`.`AdSoyad`, `u`.`CreatedAt`, `u`.`Email`, `u`.`IsActive`, `u`.`KullaniciAdi`, `u`.`ParolaHash`, `u`.`RoleId`, `s`.`Id`, `s`.`BirimFiyat`, `s`.`HareketBaslikId`, `s`.`Huycre`, `s`.`MalzemeDurumu`, `s`.`MalzemeId`, `s`.`Miktar`, `s`.`Raf`, `s`.`SatirAciklamasi`, `s`.`Id0`, `s`.`Aciklama`, `s`.`Ad`, `s`.`Birim`, `s`.`IsActive`, `s`.`Kod`, `s`.`KritikStokSeviyesi`, `s`.`MalzemeGrubuId`, `s`.`MarkaModel`, `s`.`MaxStokSeviyesi`, `s`.`TeknikOzellik`
FROM (
    SELECT `h`.`Id`, `h`.`Aciklama`, `h`.`CreatedAt`, `h`.`FisNo`, `h`.`HareketTipi`, `h`.`HedefDepoId`, `h`.`IptalNedeni`, `h`.`IptalTarihi`, `h`.`IsIptal`, `h`.`KaynakDepoId`, `h`.`OlusturanKullaniciId`, `h`.`Tarih`
    FROM `HareketBasliklari` AS `h`
    ORDER BY `h`.`Tarih` DESC, `h`.`Id` DESC
    LIMIT @__p_1 OFFSET @__p_0
) AS `h0`
LEFT JOIN `Depolar` AS `d` ON `h0`.`KaynakDepoId` = `d`.`Id`
LEFT JOIN `Depolar` AS `d0` ON `h0`.`HedefDepoId` = `d0`.`Id`
INNER JOIN `Users` AS `u` ON `h0`.`OlusturanKullaniciId` = `u`.`Id`
LEFT JOIN (
    SELECT `h1`.`Id`, `h1`.`BirimFiyat`, `h1`.`HareketBaslikId`, `h1`.`Huycre`, `h1`.`MalzemeDurumu`, `h1`.`MalzemeId`, `h1`.`Miktar`, `h1`.`Raf`, `h1`.`SatirAciklamasi`, `m`.`Id` AS `Id0`, `m`.`Aciklama`, `m`.`Ad`, `m`.`Birim`, `m`.`IsActive`, `m`.`Kod`, `m`.`KritikStokSeviyesi`, `m`.`MalzemeGrubuId`, `m`.`MarkaModel`, `m`.`MaxStokSeviyesi`, `m`.`TeknikOzellik`
    FROM `HareketKalemleri` AS `h1`
    INNER JOIN `Malzemeler` AS `m` ON `h1`.`MalzemeId` = `m`.`Id`
) AS `s` ON `h0`.`Id` = `s`.`HareketBaslikId`
ORDER BY `h0`.`Tarih` DESC, `h0`.`Id` DESC, `d`.`Id`, `d0`.`Id`, `u`.`Id`, `s`.`Id`
2026-08-28 16:03:39.828 +03:00 [INF] HTTP GET /api/malzemeler responded 200 in 338.2315 ms
2026-08-28 16:03:39.829 +03:00 [INF] Executed DbCommand (17ms) [Parameters=[], CommandType='"Text"', CommandTimeout='30']
SELECT `h`.`MalzemeId`, `h0`.`HedefDepoId` AS `DepoId`, COALESCE(SUM(`h`.`Miktar`), 0.0) AS `Toplam`
FROM `HareketKalemleri` AS `h`
INNER JOIN `HareketBasliklari` AS `h0` ON `h`.`HareketBaslikId` = `h0`.`Id`
WHERE NOT (`h0`.`IsIptal`) AND (`h0`.`HedefDepoId` IS NOT NULL)
GROUP BY `h`.`MalzemeId`, `h0`.`HedefDepoId`
2026-08-28 16:03:39.829 +03:00 [INF] Executed DbCommand (18ms) [Parameters=[], CommandType='"Text"', CommandTimeout='30']
SELECT `h`.`MalzemeId`, `h0`.`HedefDepoId` AS `DepoId`, COALESCE(SUM(`h`.`Miktar`), 0.0) AS `Toplam`
FROM `HareketKalemleri` AS `h`
INNER JOIN `HareketBasliklari` AS `h0` ON `h`.`HareketBaslikId` = `h0`.`Id`
WHERE NOT (`h0`.`IsIptal`) AND (`h0`.`HedefDepoId` IS NOT NULL)
GROUP BY `h`.`MalzemeId`, `h0`.`HedefDepoId`
2026-08-28 16:03:39.829 +03:00 [INF] Executed DbCommand (17ms) [Parameters=[], CommandType='"Text"', CommandTimeout='30']
SELECT `h`.`MalzemeId`, `h0`.`HedefDepoId` AS `DepoId`, COALESCE(SUM(`h`.`Miktar`), 0.0) AS `Toplam`
FROM `HareketKalemleri` AS `h`
INNER JOIN `HareketBasliklari` AS `h0` ON `h`.`HareketBaslikId` = `h0`.`Id`
WHERE NOT (`h0`.`IsIptal`) AND (`h0`.`HedefDepoId` IS NOT NULL)
GROUP BY `h`.`MalzemeId`, `h0`.`HedefDepoId`
2026-08-28 16:03:39.829 +03:00 [INF] Executed DbCommand (17ms) [Parameters=[], CommandType='"Text"', CommandTimeout='30']
SELECT `h`.`MalzemeId`, `h0`.`HedefDepoId` AS `DepoId`, COALESCE(SUM(`h`.`Miktar`), 0.0) AS `Toplam`
FROM `HareketKalemleri` AS `h`
INNER JOIN `HareketBasliklari` AS `h0` ON `h`.`HareketBaslikId` = `h0`.`Id`
WHERE NOT (`h0`.`IsIptal`) AND (`h0`.`HedefDepoId` IS NOT NULL)
GROUP BY `h`.`MalzemeId`, `h0`.`HedefDepoId`
2026-08-28 16:03:39.835 +03:00 [INF] Request finished HTTP/1.1 GET http://localhost:5078/api/malzemeler?pageSize=200 - 200 null application/json; charset=utf-8 366.9754ms
2026-08-28 16:03:39.850 +03:00 [INF] Executing OkObjectResult, writing value of type 'DepoStok.Application.PagedResult`1[[DepoStok.Application.HareketBaslikDto, DepoStok.Application, Version=1.0.0.0, Culture=neutral, PublicKeyToken=null]]'.
2026-08-28 16:03:39.853 +03:00 [INF] Executed DbCommand (3ms) [Parameters=[], CommandType='"Text"', CommandTimeout='30']
SELECT `h`.`MalzemeId`, `h0`.`KaynakDepoId` AS `DepoId`, COALESCE(SUM(`h`.`Miktar`), 0.0) AS `Toplam`
FROM `HareketKalemleri` AS `h`
INNER JOIN `HareketBasliklari` AS `h0` ON `h`.`HareketBaslikId` = `h0`.`Id`
WHERE NOT (`h0`.`IsIptal`) AND (`h0`.`KaynakDepoId` IS NOT NULL)
GROUP BY `h`.`MalzemeId`, `h0`.`KaynakDepoId`
2026-08-28 16:03:39.853 +03:00 [INF] Executed DbCommand (3ms) [Parameters=[], CommandType='"Text"', CommandTimeout='30']
SELECT `h`.`MalzemeId`, `h0`.`KaynakDepoId` AS `DepoId`, COALESCE(SUM(`h`.`Miktar`), 0.0) AS `Toplam`
FROM `HareketKalemleri` AS `h`
INNER JOIN `HareketBasliklari` AS `h0` ON `h`.`HareketBaslikId` = `h0`.`Id`
WHERE NOT (`h0`.`IsIptal`) AND (`h0`.`KaynakDepoId` IS NOT NULL)
GROUP BY `h`.`MalzemeId`, `h0`.`KaynakDepoId`
2026-08-28 16:03:39.855 +03:00 [INF] Executed DbCommand (2ms) [Parameters=[], CommandType='"Text"', CommandTimeout='30']
SELECT `h`.`MalzemeId`, `h0`.`KaynakDepoId` AS `DepoId`, COALESCE(SUM(`h`.`Miktar`), 0.0) AS `Toplam`
FROM `HareketKalemleri` AS `h`
INNER JOIN `HareketBasliklari` AS `h0` ON `h`.`HareketBaslikId` = `h0`.`Id`
WHERE NOT (`h0`.`IsIptal`) AND (`h0`.`KaynakDepoId` IS NOT NULL)
GROUP BY `h`.`MalzemeId`, `h0`.`KaynakDepoId`
2026-08-28 16:03:39.858 +03:00 [INF] Executed DbCommand (2ms) [Parameters=[], CommandType='"Text"', CommandTimeout='30']
SELECT `h`.`MalzemeId`, `h0`.`KaynakDepoId` AS `DepoId`, COALESCE(SUM(`h`.`Miktar`), 0.0) AS `Toplam`
FROM `HareketKalemleri` AS `h`
INNER JOIN `HareketBasliklari` AS `h0` ON `h`.`HareketBaslikId` = `h0`.`Id`
WHERE NOT (`h0`.`IsIptal`) AND (`h0`.`KaynakDepoId` IS NOT NULL)
GROUP BY `h`.`MalzemeId`, `h0`.`KaynakDepoId`
2026-08-28 16:03:39.860 +03:00 [INF] Request starting HTTP/1.1 GET http://localhost:5078/api/depolar - null null
2026-08-28 16:03:39.870 +03:00 [INF] Executing OkObjectResult, writing value of type 'DepoStok.Application.PagedResult`1[[DepoStok.Application.StokDurumDto, DepoStok.Application, Version=1.0.0.0, Culture=neutral, PublicKeyToken=null]]'.
2026-08-28 16:03:39.872 +03:00 [INF] Executing OkObjectResult, writing value of type 'DepoStok.Application.PagedResult`1[[DepoStok.Application.StokDurumDto, DepoStok.Application, Version=1.0.0.0, Culture=neutral, PublicKeyToken=null]]'.
2026-08-28 16:03:39.876 +03:00 [INF] Executing OkObjectResult, writing value of type 'DepoStok.Application.PagedResult`1[[DepoStok.Application.StokDurumDto, DepoStok.Application, Version=1.0.0.0, Culture=neutral, PublicKeyToken=null]]'.
2026-08-28 16:03:39.880 +03:00 [INF] Executing OkObjectResult, writing value of type 'DepoStok.Application.PagedResult`1[[DepoStok.Application.StokDurumDto, DepoStok.Application, Version=1.0.0.0, Culture=neutral, PublicKeyToken=null]]'.
2026-08-28 16:03:39.883 +03:00 [INF] CORS policy execution successful.
2026-08-28 16:03:39.895 +03:00 [INF] Executing endpoint 'DepoStok.API.Controllers.DepolarController.GetDepolar (DepoStok.API)'
2026-08-28 16:03:39.901 +03:00 [INF] Route matched with {action = "GetDepolar", controller = "Depolar"}. Executing controller action with signature System.Threading.Tasks.Task`1[Microsoft.AspNetCore.Mvc.ActionResult`1[System.Collections.Generic.IEnumerable`1[DepoStok.Application.DepoDto]]] GetDepolar() on controller DepoStok.API.Controllers.DepolarController (DepoStok.API).
2026-08-28 16:03:39.903 +03:00 [INF] Executed action DepoStok.API.Controllers.HareketlerController.GetStokDurum (DepoStok.API) in 238.2677ms
2026-08-28 16:03:39.903 +03:00 [INF] Executed action DepoStok.API.Controllers.HareketlerController.GetStokDurum (DepoStok.API) in 325.195ms
2026-08-28 16:03:39.903 +03:00 [INF] Executed action DepoStok.API.Controllers.HareketlerController.GetStokDurum (DepoStok.API) in 305.7139ms
2026-08-28 16:03:39.904 +03:00 [INF] Executed action DepoStok.API.Controllers.HareketlerController.GetStokDurum (DepoStok.API) in 236.4946ms
2026-08-28 16:03:39.908 +03:00 [INF] Executed endpoint 'DepoStok.API.Controllers.HareketlerController.GetStokDurum (DepoStok.API)'
2026-08-28 16:03:39.910 +03:00 [INF] Executed endpoint 'DepoStok.API.Controllers.HareketlerController.GetStokDurum (DepoStok.API)'
2026-08-28 16:03:39.910 +03:00 [INF] Executed action DepoStok.API.Controllers.HareketlerController.GetHareketler (DepoStok.API) in 296.7874ms
2026-08-28 16:03:39.912 +03:00 [INF] Executed endpoint 'DepoStok.API.Controllers.HareketlerController.GetStokDurum (DepoStok.API)'
2026-08-28 16:03:39.914 +03:00 [INF] Executed endpoint 'DepoStok.API.Controllers.HareketlerController.GetStokDurum (DepoStok.API)'
2026-08-28 16:03:39.916 +03:00 [INF] HTTP GET /api/hareketler/stok-durum responded 200 in 267.4168 ms
2026-08-28 16:03:39.918 +03:00 [INF] HTTP GET /api/hareketler/stok-durum responded 200 in 421.8655 ms
2026-08-28 16:03:39.921 +03:00 [INF] Executed endpoint 'DepoStok.API.Controllers.HareketlerController.GetHareketler (DepoStok.API)'
2026-08-28 16:03:39.923 +03:00 [INF] HTTP GET /api/hareketler/stok-durum responded 200 in 363.1782 ms
2026-08-28 16:03:39.925 +03:00 [INF] HTTP GET /api/hareketler/stok-durum responded 200 in 270.9243 ms
2026-08-28 16:03:39.927 +03:00 [INF] Executed DbCommand (1ms) [Parameters=[], CommandType='"Text"', CommandTimeout='30']
SELECT `d`.`Id`, `d`.`Ad`, `d`.`Bolge`, `d`.`IsActive`, `d`.`Kod`, `d`.`Sorumlu`
FROM `Depolar` AS `d`
ORDER BY `d`.`Kod`
2026-08-28 16:03:39.928 +03:00 [INF] Request finished HTTP/1.1 GET http://localhost:5078/api/hareketler/stok-durum?page=1&pageSize=10 - 200 null application/json; charset=utf-8 289.9325ms
2026-08-28 16:03:39.931 +03:00 [INF] Request finished HTTP/1.1 GET http://localhost:5078/api/hareketler/stok-durum?kritik=true&pageSize=1 - 200 null application/json; charset=utf-8 461.8764ms
2026-08-28 16:03:39.933 +03:00 [INF] HTTP GET /api/hareketler responded 200 in 378.7392 ms
2026-08-28 16:03:39.937 +03:00 [INF] Request finished HTTP/1.1 GET http://localhost:5078/api/hareketler/stok-durum?kritik=true&pageSize=5 - 200 null application/json; charset=utf-8 403.8268ms
2026-08-28 16:03:39.940 +03:00 [INF] Request finished HTTP/1.1 GET http://localhost:5078/api/hareketler/stok-durum?pageSize=5000 - 200 null application/json; charset=utf-8 296.0201ms
2026-08-28 16:03:39.945 +03:00 [INF] Executing OkObjectResult, writing value of type 'System.Linq.Enumerable+SelectListIterator`2[[DepoStok.Domain.Depo, DepoStok.Domain, Version=1.0.0.0, Culture=neutral, PublicKeyToken=null],[DepoStok.Application.DepoDto, DepoStok.Application, Version=1.0.0.0, Culture=neutral, PublicKeyToken=null]]'.
2026-08-28 16:03:39.950 +03:00 [INF] Request starting HTTP/1.1 GET http://localhost:5078/api/malzemeler/gruplar - null null
2026-08-28 16:03:39.956 +03:00 [INF] Request starting HTTP/1.1 GET http://localhost:5078/api/malzemeler?pageSize=200 - null null
2026-08-28 16:03:39.958 +03:00 [INF] Request finished HTTP/1.1 GET http://localhost:5078/api/hareketler?pageSize=5 - 200 null application/json; charset=utf-8 430.6572ms
2026-08-28 16:03:39.964 +03:00 [INF] Request starting HTTP/1.1 GET http://localhost:5078/api/hareketler/stok-durum?page=1&pageSize=10 - null null
2026-08-28 16:03:39.970 +03:00 [INF] Request starting HTTP/1.1 GET http://localhost:5078/api/hareketler/stok-durum?kritik=true&pageSize=1 - null null
2026-08-28 16:03:39.976 +03:00 [INF] Executed action DepoStok.API.Controllers.DepolarController.GetDepolar (DepoStok.API) in 71.2787ms
2026-08-28 16:03:39.977 +03:00 [INF] CORS policy execution successful.
2026-08-28 16:03:39.982 +03:00 [INF] CORS policy execution successful.
2026-08-28 16:03:39.987 +03:00 [INF] Request starting HTTP/1.1 GET http://localhost:5078/api/hareketler/stok-durum?kritik=true&pageSize=5 - null null
2026-08-28 16:03:39.991 +03:00 [INF] CORS policy execution successful.
2026-08-28 16:03:39.996 +03:00 [INF] CORS policy execution successful.
2026-08-28 16:03:39.999 +03:00 [INF] Executed endpoint 'DepoStok.API.Controllers.DepolarController.GetDepolar (DepoStok.API)'
2026-08-28 16:03:40.001 +03:00 [INF] Executing endpoint 'DepoStok.API.Controllers.MalzemelerController.GetGruplar (DepoStok.API)'
2026-08-28 16:03:40.002 +03:00 [INF] Executing endpoint 'DepoStok.API.Controllers.MalzemelerController.GetMalzemeler (DepoStok.API)'
2026-08-28 16:03:40.006 +03:00 [INF] CORS policy execution successful.
2026-08-28 16:03:40.008 +03:00 [INF] Executing endpoint 'DepoStok.API.Controllers.HareketlerController.GetStokDurum (DepoStok.API)'
2026-08-28 16:03:40.010 +03:00 [INF] Executing endpoint 'DepoStok.API.Controllers.HareketlerController.GetStokDurum (DepoStok.API)'
2026-08-28 16:03:40.012 +03:00 [INF] HTTP GET /api/depolar responded 200 in 128.4249 ms
2026-08-28 16:03:40.016 +03:00 [INF] Route matched with {action = "GetMalzemeler", controller = "Malzemeler"}. Executing controller action with signature System.Threading.Tasks.Task`1[Microsoft.AspNetCore.Mvc.ActionResult`1[DepoStok.Application.PagedResult`1[DepoStok.Application.MalzemeDto]]] GetMalzemeler(System.Nullable`1[System.Int32], System.String, Int32, Int32) on controller DepoStok.API.Controllers.MalzemelerController (DepoStok.API).
2026-08-28 16:03:40.018 +03:00 [INF] Executing endpoint 'DepoStok.API.Controllers.HareketlerController.GetStokDurum (DepoStok.API)'
2026-08-28 16:03:40.018 +03:00 [INF] Route matched with {action = "GetGruplar", controller = "Malzemeler"}. Executing controller action with signature System.Threading.Tasks.Task`1[Microsoft.AspNetCore.Mvc.ActionResult`1[System.Collections.Generic.IEnumerable`1[DepoStok.Application.MalzemeGrubuDto]]] GetGruplar() on controller DepoStok.API.Controllers.MalzemelerController (DepoStok.API).
2026-08-28 16:03:40.019 +03:00 [INF] Route matched with {action = "GetStokDurum", controller = "Hareketler"}. Executing controller action with signature System.Threading.Tasks.Task`1[Microsoft.AspNetCore.Mvc.ActionResult`1[DepoStok.Application.PagedResult`1[DepoStok.Application.StokDurumDto]]] GetStokDurum(System.Nullable`1[System.Int32], System.Nullable`1[System.Int32], System.String, System.Nullable`1[System.Boolean], Int32, Int32) on controller DepoStok.API.Controllers.HareketlerController (DepoStok.API).
2026-08-28 16:03:40.021 +03:00 [INF] Route matched with {action = "GetStokDurum", controller = "Hareketler"}. Executing controller action with signature System.Threading.Tasks.Task`1[Microsoft.AspNetCore.Mvc.ActionResult`1[DepoStok.Application.PagedResult`1[DepoStok.Application.StokDurumDto]]] GetStokDurum(System.Nullable`1[System.Int32], System.Nullable`1[System.Int32], System.String, System.Nullable`1[System.Boolean], Int32, Int32) on controller DepoStok.API.Controllers.HareketlerController (DepoStok.API).
2026-08-28 16:03:40.025 +03:00 [INF] Request finished HTTP/1.1 GET http://localhost:5078/api/depolar - 200 null application/json; charset=utf-8 164.5167ms
2026-08-28 16:03:40.031 +03:00 [INF] Route matched with {action = "GetStokDurum", controller = "Hareketler"}. Executing controller action with signature System.Threading.Tasks.Task`1[Microsoft.AspNetCore.Mvc.ActionResult`1[DepoStok.Application.PagedResult`1[DepoStok.Application.StokDurumDto]]] GetStokDurum(System.Nullable`1[System.Int32], System.Nullable`1[System.Int32], System.String, System.Nullable`1[System.Boolean], Int32, Int32) on controller DepoStok.API.Controllers.HareketlerController (DepoStok.API).
2026-08-28 16:03:40.043 +03:00 [INF] Executed DbCommand (1ms) [Parameters=[], CommandType='"Text"', CommandTimeout='30']
SELECT COUNT(*)
FROM `Malzemeler` AS `m`
2026-08-28 16:03:40.048 +03:00 [INF] Request starting HTTP/1.1 GET http://localhost:5078/api/hareketler/stok-durum?pageSize=5000 - null null
2026-08-28 16:03:40.052 +03:00 [INF] Executed DbCommand (1ms) [Parameters=[], CommandType='"Text"', CommandTimeout='30']
SELECT `m`.`Id`, `m`.`Aciklama`, `m`.`Ad`, `m`.`Birim`, `m`.`IsActive`, `m`.`Kod`, `m`.`KritikStokSeviyesi`, `m`.`MalzemeGrubuId`, `m`.`MarkaModel`, `m`.`MaxStokSeviyesi`, `m`.`TeknikOzellik`, `m0`.`Id`, `m0`.`Ad`, `m0`.`Kod`, `m0`.`ParentId`
FROM `Malzemeler` AS `m`
INNER JOIN `MalzemeGruplari` AS `m0` ON `m`.`MalzemeGrubuId` = `m0`.`Id`
WHERE `m`.`IsActive`
2026-08-28 16:03:40.054 +03:00 [INF] Executed DbCommand (1ms) [Parameters=[], CommandType='"Text"', CommandTimeout='30']
SELECT `m`.`Id`, `m`.`Aciklama`, `m`.`Ad`, `m`.`Birim`, `m`.`IsActive`, `m`.`Kod`, `m`.`KritikStokSeviyesi`, `m`.`MalzemeGrubuId`, `m`.`MarkaModel`, `m`.`MaxStokSeviyesi`, `m`.`TeknikOzellik`, `m0`.`Id`, `m0`.`Ad`, `m0`.`Kod`, `m0`.`ParentId`
FROM `Malzemeler` AS `m`
INNER JOIN `MalzemeGruplari` AS `m0` ON `m`.`MalzemeGrubuId` = `m0`.`Id`
WHERE `m`.`IsActive`
2026-08-28 16:03:40.058 +03:00 [INF] Executed DbCommand (2ms) [Parameters=[@__p_1='?' (DbType = Int32), @__p_0='?' (DbType = Int32)], CommandType='"Text"', CommandTimeout='30']
SELECT `m1`.`Id`, `m1`.`Aciklama`, `m1`.`Ad`, `m1`.`Birim`, `m1`.`IsActive`, `m1`.`Kod`, `m1`.`KritikStokSeviyesi`, `m1`.`MalzemeGrubuId`, `m1`.`MarkaModel`, `m1`.`MaxStokSeviyesi`, `m1`.`TeknikOzellik`, `m0`.`Id`, `m0`.`Ad`, `m0`.`Kod`, `m0`.`ParentId`
FROM (
    SELECT `m`.`Id`, `m`.`Aciklama`, `m`.`Ad`, `m`.`Birim`, `m`.`IsActive`, `m`.`Kod`, `m`.`KritikStokSeviyesi`, `m`.`MalzemeGrubuId`, `m`.`MarkaModel`, `m`.`MaxStokSeviyesi`, `m`.`TeknikOzellik`
    FROM `Malzemeler` AS `m`
    ORDER BY `m`.`Kod`
    LIMIT @__p_1 OFFSET @__p_0
) AS `m1`
INNER JOIN `MalzemeGruplari` AS `m0` ON `m1`.`MalzemeGrubuId` = `m0`.`Id`
ORDER BY `m1`.`Kod`
2026-08-28 16:03:40.060 +03:00 [INF] CORS policy execution successful.
2026-08-28 16:03:40.063 +03:00 [INF] Executed DbCommand (1ms) [Parameters=[], CommandType='"Text"', CommandTimeout='30']
SELECT `m`.`Id`, `m`.`Ad`, `m`.`Kod`, `m`.`ParentId`, `m0`.`Id`, `m0`.`Ad`, `m0`.`Kod`, `m0`.`ParentId`
FROM `MalzemeGruplari` AS `m`
LEFT JOIN `MalzemeGruplari` AS `m0` ON `m`.`ParentId` = `m0`.`Id`
ORDER BY `m`.`Kod`
2026-08-28 16:03:40.064 +03:00 [INF] Executed DbCommand (1ms) [Parameters=[], CommandType='"Text"', CommandTimeout='30']
SELECT `m`.`Id`, `m`.`Aciklama`, `m`.`Ad`, `m`.`Birim`, `m`.`IsActive`, `m`.`Kod`, `m`.`KritikStokSeviyesi`, `m`.`MalzemeGrubuId`, `m`.`MarkaModel`, `m`.`MaxStokSeviyesi`, `m`.`TeknikOzellik`, `m0`.`Id`, `m0`.`Ad`, `m0`.`Kod`, `m0`.`ParentId`
FROM `Malzemeler` AS `m`
INNER JOIN `MalzemeGruplari` AS `m0` ON `m`.`MalzemeGrubuId` = `m0`.`Id`
WHERE `m`.`IsActive`
2026-08-28 16:03:40.068 +03:00 [INF] Executed DbCommand (1ms) [Parameters=[], CommandType='"Text"', CommandTimeout='30']
SELECT `d`.`Id`, `d`.`Ad`, `d`.`Bolge`, `d`.`IsActive`, `d`.`Kod`, `d`.`Sorumlu`
FROM `Depolar` AS `d`
WHERE `d`.`IsActive`
2026-08-28 16:03:40.072 +03:00 [INF] Executed DbCommand (1ms) [Parameters=[], CommandType='"Text"', CommandTimeout='30']
SELECT `d`.`Id`, `d`.`Ad`, `d`.`Bolge`, `d`.`IsActive`, `d`.`Kod`, `d`.`Sorumlu`
FROM `Depolar` AS `d`
WHERE `d`.`IsActive`
2026-08-28 16:03:40.074 +03:00 [INF] Executing endpoint 'DepoStok.API.Controllers.HareketlerController.GetStokDurum (DepoStok.API)'
2026-08-28 16:03:40.074 +03:00 [INF] Executing OkObjectResult, writing value of type 'DepoStok.Application.PagedResult`1[[DepoStok.Application.MalzemeDto, DepoStok.Application, Version=1.0.0.0, Culture=neutral, PublicKeyToken=null]]'.
2026-08-28 16:03:40.079 +03:00 [INF] Executing OkObjectResult, writing value of type 'System.Linq.Enumerable+SelectListIterator`2[[DepoStok.Domain.MalzemeGrubu, DepoStok.Domain, Version=1.0.0.0, Culture=neutral, PublicKeyToken=null],[DepoStok.Application.MalzemeGrubuDto, DepoStok.Application, Version=1.0.0.0, Culture=neutral, PublicKeyToken=null]]'.
2026-08-28 16:03:40.084 +03:00 [INF] Executed DbCommand (1ms) [Parameters=[], CommandType='"Text"', CommandTimeout='30']
SELECT `d`.`Id`, `d`.`Ad`, `d`.`Bolge`, `d`.`IsActive`, `d`.`Kod`, `d`.`Sorumlu`
FROM `Depolar` AS `d`
WHERE `d`.`IsActive`
2026-08-28 16:03:40.087 +03:00 [INF] Executed DbCommand (2ms) [Parameters=[], CommandType='"Text"', CommandTimeout='30']
SELECT `h`.`MalzemeId`, `h0`.`HedefDepoId` AS `DepoId`, COALESCE(SUM(`h`.`Miktar`), 0.0) AS `Toplam`
FROM `HareketKalemleri` AS `h`
INNER JOIN `HareketBasliklari` AS `h0` ON `h`.`HareketBaslikId` = `h0`.`Id`
WHERE NOT (`h0`.`IsIptal`) AND (`h0`.`HedefDepoId` IS NOT NULL)
GROUP BY `h`.`MalzemeId`, `h0`.`HedefDepoId`
2026-08-28 16:03:40.103 +03:00 [INF] Executed DbCommand (2ms) [Parameters=[], CommandType='"Text"', CommandTimeout='30']
SELECT `h`.`MalzemeId`, `h0`.`HedefDepoId` AS `DepoId`, COALESCE(SUM(`h`.`Miktar`), 0.0) AS `Toplam`
FROM `HareketKalemleri` AS `h`
INNER JOIN `HareketBasliklari` AS `h0` ON `h`.`HareketBaslikId` = `h0`.`Id`
WHERE NOT (`h0`.`IsIptal`) AND (`h0`.`HedefDepoId` IS NOT NULL)
GROUP BY `h`.`MalzemeId`, `h0`.`HedefDepoId`
2026-08-28 16:03:40.091 +03:00 [INF] Executed DbCommand (2ms) [Parameters=[], CommandType='"Text"', CommandTimeout='30']
SELECT `h`.`MalzemeId`, `h0`.`HedefDepoId` AS `DepoId`, COALESCE(SUM(`h`.`Miktar`), 0.0) AS `Toplam`
FROM `HareketKalemleri` AS `h`
INNER JOIN `HareketBasliklari` AS `h0` ON `h`.`HareketBaslikId` = `h0`.`Id`
WHERE NOT (`h0`.`IsIptal`) AND (`h0`.`HedefDepoId` IS NOT NULL)
GROUP BY `h`.`MalzemeId`, `h0`.`HedefDepoId`
2026-08-28 16:03:40.094 +03:00 [INF] Executed action DepoStok.API.Controllers.MalzemelerController.GetMalzemeler (DepoStok.API) in 65.3073ms
2026-08-28 16:03:40.099 +03:00 [INF] Executed action DepoStok.API.Controllers.MalzemelerController.GetGruplar (DepoStok.API) in 64.7437ms
2026-08-28 16:03:40.090 +03:00 [INF] Route matched with {action = "GetStokDurum", controller = "Hareketler"}. Executing controller action with signature System.Threading.Tasks.Task`1[Microsoft.AspNetCore.Mvc.ActionResult`1[DepoStok.Application.PagedResult`1[DepoStok.Application.StokDurumDto]]] GetStokDurum(System.Nullable`1[System.Int32], System.Nullable`1[System.Int32], System.String, System.Nullable`1[System.Boolean], Int32, Int32) on controller DepoStok.API.Controllers.HareketlerController (DepoStok.API).
2026-08-28 16:03:40.108 +03:00 [INF] Executed DbCommand (2ms) [Parameters=[], CommandType='"Text"', CommandTimeout='30']
SELECT `h`.`MalzemeId`, `h0`.`KaynakDepoId` AS `DepoId`, COALESCE(SUM(`h`.`Miktar`), 0.0) AS `Toplam`
FROM `HareketKalemleri` AS `h`
INNER JOIN `HareketBasliklari` AS `h0` ON `h`.`HareketBaslikId` = `h0`.`Id`
WHERE NOT (`h0`.`IsIptal`) AND (`h0`.`KaynakDepoId` IS NOT NULL)
GROUP BY `h`.`MalzemeId`, `h0`.`KaynakDepoId`
2026-08-28 16:03:40.112 +03:00 [INF] Executed DbCommand (2ms) [Parameters=[], CommandType='"Text"', CommandTimeout='30']
SELECT `h`.`MalzemeId`, `h0`.`KaynakDepoId` AS `DepoId`, COALESCE(SUM(`h`.`Miktar`), 0.0) AS `Toplam`
FROM `HareketKalemleri` AS `h`
INNER JOIN `HareketBasliklari` AS `h0` ON `h`.`HareketBaslikId` = `h0`.`Id`
WHERE NOT (`h0`.`IsIptal`) AND (`h0`.`KaynakDepoId` IS NOT NULL)
GROUP BY `h`.`MalzemeId`, `h0`.`KaynakDepoId`
2026-08-28 16:03:40.113 +03:00 [INF] Executed endpoint 'DepoStok.API.Controllers.MalzemelerController.GetMalzemeler (DepoStok.API)'
2026-08-28 16:03:40.115 +03:00 [INF] Executed DbCommand (1ms) [Parameters=[], CommandType='"Text"', CommandTimeout='30']
SELECT `h`.`MalzemeId`, `h0`.`KaynakDepoId` AS `DepoId`, COALESCE(SUM(`h`.`Miktar`), 0.0) AS `Toplam`
FROM `HareketKalemleri` AS `h`
INNER JOIN `HareketBasliklari` AS `h0` ON `h`.`HareketBaslikId` = `h0`.`Id`
WHERE NOT (`h0`.`IsIptal`) AND (`h0`.`KaynakDepoId` IS NOT NULL)
GROUP BY `h`.`MalzemeId`, `h0`.`KaynakDepoId`
2026-08-28 16:03:40.115 +03:00 [INF] Executed endpoint 'DepoStok.API.Controllers.MalzemelerController.GetGruplar (DepoStok.API)'
2026-08-28 16:03:40.124 +03:00 [INF] Executing OkObjectResult, writing value of type 'DepoStok.Application.PagedResult`1[[DepoStok.Application.StokDurumDto, DepoStok.Application, Version=1.0.0.0, Culture=neutral, PublicKeyToken=null]]'.
2026-08-28 16:03:40.127 +03:00 [INF] Executing OkObjectResult, writing value of type 'DepoStok.Application.PagedResult`1[[DepoStok.Application.StokDurumDto, DepoStok.Application, Version=1.0.0.0, Culture=neutral, PublicKeyToken=null]]'.
2026-08-28 16:03:40.129 +03:00 [INF] HTTP GET /api/malzemeler responded 200 in 146.9307 ms
2026-08-28 16:03:40.132 +03:00 [INF] Executed DbCommand (1ms) [Parameters=[], CommandType='"Text"', CommandTimeout='30']
SELECT `m`.`Id`, `m`.`Aciklama`, `m`.`Ad`, `m`.`Birim`, `m`.`IsActive`, `m`.`Kod`, `m`.`KritikStokSeviyesi`, `m`.`MalzemeGrubuId`, `m`.`MarkaModel`, `m`.`MaxStokSeviyesi`, `m`.`TeknikOzellik`, `m0`.`Id`, `m0`.`Ad`, `m0`.`Kod`, `m0`.`ParentId`
FROM `Malzemeler` AS `m`
INNER JOIN `MalzemeGruplari` AS `m0` ON `m`.`MalzemeGrubuId` = `m0`.`Id`
WHERE `m`.`IsActive`
2026-08-28 16:03:40.134 +03:00 [INF] Executing OkObjectResult, writing value of type 'DepoStok.Application.PagedResult`1[[DepoStok.Application.StokDurumDto, DepoStok.Application, Version=1.0.0.0, Culture=neutral, PublicKeyToken=null]]'.
2026-08-28 16:03:40.135 +03:00 [INF] HTTP GET /api/malzemeler/gruplar responded 200 in 157.8536 ms
2026-08-28 16:03:40.138 +03:00 [INF] Executed action DepoStok.API.Controllers.HareketlerController.GetStokDurum (DepoStok.API) in 100.2243ms
2026-08-28 16:03:40.140 +03:00 [INF] Executed action DepoStok.API.Controllers.HareketlerController.GetStokDurum (DepoStok.API) in 88.7071ms
2026-08-28 16:03:40.144 +03:00 [INF] Request finished HTTP/1.1 GET http://localhost:5078/api/malzemeler?pageSize=200 - 200 null application/json; charset=utf-8 188.3078ms
2026-08-28 16:03:40.151 +03:00 [INF] Executed action DepoStok.API.Controllers.HareketlerController.GetStokDurum (DepoStok.API) in 109.6223ms
2026-08-28 16:03:40.152 +03:00 [INF] Executed DbCommand (1ms) [Parameters=[], CommandType='"Text"', CommandTimeout='30']
SELECT `d`.`Id`, `d`.`Ad`, `d`.`Bolge`, `d`.`IsActive`, `d`.`Kod`, `d`.`Sorumlu`
FROM `Depolar` AS `d`
WHERE `d`.`IsActive`
2026-08-28 16:03:40.153 +03:00 [INF] Request finished HTTP/1.1 GET http://localhost:5078/api/malzemeler/gruplar - 200 null application/json; charset=utf-8 203.1085ms
2026-08-28 16:03:40.156 +03:00 [INF] Executed endpoint 'DepoStok.API.Controllers.HareketlerController.GetStokDurum (DepoStok.API)'
2026-08-28 16:03:40.158 +03:00 [INF] Executed endpoint 'DepoStok.API.Controllers.HareketlerController.GetStokDurum (DepoStok.API)'
2026-08-28 16:03:40.164 +03:00 [INF] Request starting HTTP/1.1 GET http://localhost:5078/api/hareketler?pageSize=5 - null null
2026-08-28 16:03:40.166 +03:00 [INF] Executed endpoint 'DepoStok.API.Controllers.HareketlerController.GetStokDurum (DepoStok.API)'
2026-08-28 16:03:40.174 +03:00 [INF] Executed DbCommand (2ms) [Parameters=[], CommandType='"Text"', CommandTimeout='30']
SELECT `h`.`MalzemeId`, `h0`.`HedefDepoId` AS `DepoId`, COALESCE(SUM(`h`.`Miktar`), 0.0) AS `Toplam`
FROM `HareketKalemleri` AS `h`
INNER JOIN `HareketBasliklari` AS `h0` ON `h`.`HareketBaslikId` = `h0`.`Id`
WHERE NOT (`h0`.`IsIptal`) AND (`h0`.`HedefDepoId` IS NOT NULL)
GROUP BY `h`.`MalzemeId`, `h0`.`HedefDepoId`
2026-08-28 16:03:40.176 +03:00 [INF] Request starting HTTP/1.1 GET http://localhost:5078/api/depolar - null null
2026-08-28 16:03:40.179 +03:00 [INF] HTTP GET /api/hareketler/stok-durum responded 200 in 187.0621 ms
2026-08-28 16:03:40.181 +03:00 [INF] HTTP GET /api/hareketler/stok-durum responded 200 in 174.2498 ms
2026-08-28 16:03:40.186 +03:00 [INF] CORS policy execution successful.
2026-08-28 16:03:40.188 +03:00 [INF] HTTP GET /api/hareketler/stok-durum responded 200 in 191.5911 ms
2026-08-28 16:03:40.197 +03:00 [INF] Executed DbCommand (2ms) [Parameters=[], CommandType='"Text"', CommandTimeout='30']
SELECT `h`.`MalzemeId`, `h0`.`KaynakDepoId` AS `DepoId`, COALESCE(SUM(`h`.`Miktar`), 0.0) AS `Toplam`
FROM `HareketKalemleri` AS `h`
INNER JOIN `HareketBasliklari` AS `h0` ON `h`.`HareketBaslikId` = `h0`.`Id`
WHERE NOT (`h0`.`IsIptal`) AND (`h0`.`KaynakDepoId` IS NOT NULL)
GROUP BY `h`.`MalzemeId`, `h0`.`KaynakDepoId`
2026-08-28 16:03:40.197 +03:00 [INF] CORS policy execution successful.
2026-08-28 16:03:40.214 +03:00 [INF] Executing OkObjectResult, writing value of type 'DepoStok.Application.PagedResult`1[[DepoStok.Application.StokDurumDto, DepoStok.Application, Version=1.0.0.0, Culture=neutral, PublicKeyToken=null]]'.
2026-08-28 16:03:40.204 +03:00 [INF] Request finished HTTP/1.1 GET http://localhost:5078/api/hareketler/stok-durum?kritik=true&pageSize=5 - 200 null application/json; charset=utf-8 216.9869ms
2026-08-28 16:03:40.206 +03:00 [INF] Executing endpoint 'DepoStok.API.Controllers.HareketlerController.GetHareketler (DepoStok.API)'
2026-08-28 16:03:40.209 +03:00 [INF] Request finished HTTP/1.1 GET http://localhost:5078/api/hareketler/stok-durum?kritik=true&pageSize=1 - 200 null application/json; charset=utf-8 239.3025ms
2026-08-28 16:03:40.200 +03:00 [INF] Request finished HTTP/1.1 GET http://localhost:5078/api/hareketler/stok-durum?page=1&pageSize=10 - 200 null application/json; charset=utf-8 236.2823ms
2026-08-28 16:03:40.215 +03:00 [INF] Executing endpoint 'DepoStok.API.Controllers.DepolarController.GetDepolar (DepoStok.API)'
2026-08-28 16:03:40.219 +03:00 [INF] Executed action DepoStok.API.Controllers.HareketlerController.GetStokDurum (DepoStok.API) in 100.3046ms
2026-08-28 16:03:40.223 +03:00 [INF] Route matched with {action = "GetHareketler", controller = "Hareketler"}. Executing controller action with signature System.Threading.Tasks.Task`1[Microsoft.AspNetCore.Mvc.ActionResult`1[DepoStok.Application.PagedResult`1[DepoStok.Application.HareketBaslikDto]]] GetHareketler(System.Nullable`1[DepoStok.Domain.HareketTipiEnum], System.Nullable`1[System.Int32], System.Nullable`1[System.Int32], System.Nullable`1[System.DateTime], System.Nullable`1[System.DateTime], Int32, Int32) on controller DepoStok.API.Controllers.HareketlerController (DepoStok.API).
2026-08-28 16:03:40.235 +03:00 [INF] Request starting HTTP/1.1 GET http://localhost:5078/api/malzemeler/gruplar - null null
2026-08-28 16:03:40.236 +03:00 [INF] Route matched with {action = "GetDepolar", controller = "Depolar"}. Executing controller action with signature System.Threading.Tasks.Task`1[Microsoft.AspNetCore.Mvc.ActionResult`1[System.Collections.Generic.IEnumerable`1[DepoStok.Application.DepoDto]]] GetDepolar() on controller DepoStok.API.Controllers.DepolarController (DepoStok.API).
2026-08-28 16:03:40.238 +03:00 [INF] Executed endpoint 'DepoStok.API.Controllers.HareketlerController.GetStokDurum (DepoStok.API)'
2026-08-28 16:03:40.246 +03:00 [INF] CORS policy execution successful.
2026-08-28 16:03:40.251 +03:00 [INF] HTTP GET /api/hareketler/stok-durum responded 200 in 190.7705 ms
2026-08-28 16:03:40.253 +03:00 [INF] Executing endpoint 'DepoStok.API.Controllers.MalzemelerController.GetGruplar (DepoStok.API)'
2026-08-28 16:03:40.254 +03:00 [INF] Executed DbCommand (1ms) [Parameters=[], CommandType='"Text"', CommandTimeout='30']
SELECT COUNT(*)
FROM `HareketBasliklari` AS `h`
2026-08-28 16:03:40.256 +03:00 [INF] Request finished HTTP/1.1 GET http://localhost:5078/api/hareketler/stok-durum?pageSize=5000 - 200 null application/json; charset=utf-8 208.2014ms
2026-08-28 16:03:40.258 +03:00 [INF] Route matched with {action = "GetGruplar", controller = "Malzemeler"}. Executing controller action with signature System.Threading.Tasks.Task`1[Microsoft.AspNetCore.Mvc.ActionResult`1[System.Collections.Generic.IEnumerable`1[DepoStok.Application.MalzemeGrubuDto]]] GetGruplar() on controller DepoStok.API.Controllers.MalzemelerController (DepoStok.API).
2026-08-28 16:03:40.263 +03:00 [INF] Executed DbCommand (1ms) [Parameters=[], CommandType='"Text"', CommandTimeout='30']
SELECT `d`.`Id`, `d`.`Ad`, `d`.`Bolge`, `d`.`IsActive`, `d`.`Kod`, `d`.`Sorumlu`
FROM `Depolar` AS `d`
ORDER BY `d`.`Kod`
2026-08-28 16:03:40.268 +03:00 [INF] Executed DbCommand (2ms) [Parameters=[@__p_1='?' (DbType = Int32), @__p_0='?' (DbType = Int32)], CommandType='"Text"', CommandTimeout='30']
SELECT `h0`.`Id`, `h0`.`Aciklama`, `h0`.`CreatedAt`, `h0`.`FisNo`, `h0`.`HareketTipi`, `h0`.`HedefDepoId`, `h0`.`IptalNedeni`, `h0`.`IptalTarihi`, `h0`.`IsIptal`, `h0`.`KaynakDepoId`, `h0`.`OlusturanKullaniciId`, `h0`.`Tarih`, `d`.`Id`, `d`.`Ad`, `d`.`Bolge`, `d`.`IsActive`, `d`.`Kod`, `d`.`Sorumlu`, `d0`.`Id`, `d0`.`Ad`, `d0`.`Bolge`, `d0`.`IsActive`, `d0`.`Kod`, `d0`.`Sorumlu`, `u`.`Id`, `u`.`AdSoyad`, `u`.`CreatedAt`, `u`.`Email`, `u`.`IsActive`, `u`.`KullaniciAdi`, `u`.`ParolaHash`, `u`.`RoleId`, `s`.`Id`, `s`.`BirimFiyat`, `s`.`HareketBaslikId`, `s`.`Huycre`, `s`.`MalzemeDurumu`, `s`.`MalzemeId`, `s`.`Miktar`, `s`.`Raf`, `s`.`SatirAciklamasi`, `s`.`Id0`, `s`.`Aciklama`, `s`.`Ad`, `s`.`Birim`, `s`.`IsActive`, `s`.`Kod`, `s`.`KritikStokSeviyesi`, `s`.`MalzemeGrubuId`, `s`.`MarkaModel`, `s`.`MaxStokSeviyesi`, `s`.`TeknikOzellik`
FROM (
    SELECT `h`.`Id`, `h`.`Aciklama`, `h`.`CreatedAt`, `h`.`FisNo`, `h`.`HareketTipi`, `h`.`HedefDepoId`, `h`.`IptalNedeni`, `h`.`IptalTarihi`, `h`.`IsIptal`, `h`.`KaynakDepoId`, `h`.`OlusturanKullaniciId`, `h`.`Tarih`
    FROM `HareketBasliklari` AS `h`
    ORDER BY `h`.`Tarih` DESC, `h`.`Id` DESC
    LIMIT @__p_1 OFFSET @__p_0
) AS `h0`
LEFT JOIN `Depolar` AS `d` ON `h0`.`KaynakDepoId` = `d`.`Id`
LEFT JOIN `Depolar` AS `d0` ON `h0`.`HedefDepoId` = `d0`.`Id`
INNER JOIN `Users` AS `u` ON `h0`.`OlusturanKullaniciId` = `u`.`Id`
LEFT JOIN (
    SELECT `h1`.`Id`, `h1`.`BirimFiyat`, `h1`.`HareketBaslikId`, `h1`.`Huycre`, `h1`.`MalzemeDurumu`, `h1`.`MalzemeId`, `h1`.`Miktar`, `h1`.`Raf`, `h1`.`SatirAciklamasi`, `m`.`Id` AS `Id0`, `m`.`Aciklama`, `m`.`Ad`, `m`.`Birim`, `m`.`IsActive`, `m`.`Kod`, `m`.`KritikStokSeviyesi`, `m`.`MalzemeGrubuId`, `m`.`MarkaModel`, `m`.`MaxStokSeviyesi`, `m`.`TeknikOzellik`
    FROM `HareketKalemleri` AS `h1`
    INNER JOIN `Malzemeler` AS `m` ON `h1`.`MalzemeId` = `m`.`Id`
) AS `s` ON `h0`.`Id` = `s`.`HareketBaslikId`
ORDER BY `h0`.`Tarih` DESC, `h0`.`Id` DESC, `d`.`Id`, `d0`.`Id`, `u`.`Id`, `s`.`Id`
2026-08-28 16:03:40.277 +03:00 [INF] Executing OkObjectResult, writing value of type 'System.Linq.Enumerable+SelectListIterator`2[[DepoStok.Domain.Depo, DepoStok.Domain, Version=1.0.0.0, Culture=neutral, PublicKeyToken=null],[DepoStok.Application.DepoDto, DepoStok.Application, Version=1.0.0.0, Culture=neutral, PublicKeyToken=null]]'.
2026-08-28 16:03:40.283 +03:00 [INF] Executing OkObjectResult, writing value of type 'DepoStok.Application.PagedResult`1[[DepoStok.Application.HareketBaslikDto, DepoStok.Application, Version=1.0.0.0, Culture=neutral, PublicKeyToken=null]]'.
2026-08-28 16:03:40.284 +03:00 [INF] Executed action DepoStok.API.Controllers.DepolarController.GetDepolar (DepoStok.API) in 35.4265ms
2026-08-28 16:03:40.287 +03:00 [INF] Executed DbCommand (1ms) [Parameters=[], CommandType='"Text"', CommandTimeout='30']
SELECT `m`.`Id`, `m`.`Ad`, `m`.`Kod`, `m`.`ParentId`, `m0`.`Id`, `m0`.`Ad`, `m0`.`Kod`, `m0`.`ParentId`
FROM `MalzemeGruplari` AS `m`
LEFT JOIN `MalzemeGruplari` AS `m0` ON `m`.`ParentId` = `m0`.`Id`
ORDER BY `m`.`Kod`
2026-08-28 16:03:40.287 +03:00 [INF] Executed action DepoStok.API.Controllers.HareketlerController.GetHareketler (DepoStok.API) in 46.1077ms
2026-08-28 16:03:40.289 +03:00 [INF] Executed endpoint 'DepoStok.API.Controllers.DepolarController.GetDepolar (DepoStok.API)'
2026-08-28 16:03:40.293 +03:00 [INF] Executing OkObjectResult, writing value of type 'System.Linq.Enumerable+SelectListIterator`2[[DepoStok.Domain.MalzemeGrubu, DepoStok.Domain, Version=1.0.0.0, Culture=neutral, PublicKeyToken=null],[DepoStok.Application.MalzemeGrubuDto, DepoStok.Application, Version=1.0.0.0, Culture=neutral, PublicKeyToken=null]]'.
2026-08-28 16:03:40.294 +03:00 [INF] Executed endpoint 'DepoStok.API.Controllers.HareketlerController.GetHareketler (DepoStok.API)'
2026-08-28 16:03:40.296 +03:00 [INF] HTTP GET /api/depolar responded 200 in 98.9319 ms
2026-08-28 16:03:40.299 +03:00 [INF] Executed action DepoStok.API.Controllers.MalzemelerController.GetGruplar (DepoStok.API) in 25.5813ms
2026-08-28 16:03:40.300 +03:00 [INF] HTTP GET /api/hareketler responded 200 in 114.3466 ms
2026-08-28 16:03:40.303 +03:00 [INF] Request finished HTTP/1.1 GET http://localhost:5078/api/depolar - 200 null application/json; charset=utf-8 127.1525ms
2026-08-28 16:03:40.306 +03:00 [INF] Executed endpoint 'DepoStok.API.Controllers.MalzemelerController.GetGruplar (DepoStok.API)'
2026-08-28 16:03:40.309 +03:00 [INF] Request finished HTTP/1.1 GET http://localhost:5078/api/hareketler?pageSize=5 - 200 null application/json; charset=utf-8 145.0909ms
2026-08-28 16:03:40.317 +03:00 [INF] HTTP GET /api/malzemeler/gruplar responded 200 in 70.7730 ms
2026-08-28 16:03:40.326 +03:00 [INF] Request finished HTTP/1.1 GET http://localhost:5078/api/malzemeler/gruplar - 200 null application/json; charset=utf-8 91.4338ms
2026-08-28 16:47:20.451 +03:00 [INF] Request starting HTTP/1.1 OPTIONS http://localhost:5078/api/hareketler/stok-durum?kritik=true&pageSize=5 - null null
2026-08-28 16:47:20.451 +03:00 [INF] Request starting HTTP/1.1 OPTIONS http://localhost:5078/api/auth/me - null null
2026-08-28 16:47:20.452 +03:00 [INF] Request starting HTTP/1.1 OPTIONS http://localhost:5078/api/auth/me - null null
2026-08-28 16:47:20.455 +03:00 [INF] CORS policy execution successful.
2026-08-28 16:47:20.458 +03:00 [INF] CORS policy execution successful.
2026-08-28 16:47:20.460 +03:00 [INF] CORS policy execution successful.
2026-08-28 16:47:20.461 +03:00 [INF] HTTP OPTIONS /api/hareketler/stok-durum responded 204 in 6.6431 ms
2026-08-28 16:47:20.462 +03:00 [INF] HTTP OPTIONS /api/auth/me responded 204 in 4.2341 ms
2026-08-28 16:47:20.463 +03:00 [INF] HTTP OPTIONS /api/auth/me responded 204 in 2.4025 ms
2026-08-28 16:47:20.465 +03:00 [INF] Request finished HTTP/1.1 OPTIONS http://localhost:5078/api/hareketler/stok-durum?kritik=true&pageSize=5 - 204 null null 13.7117ms
2026-08-28 16:47:20.470 +03:00 [INF] Request finished HTTP/1.1 OPTIONS http://localhost:5078/api/auth/me - 204 null null 19.0916ms
2026-08-28 16:47:20.472 +03:00 [INF] Request finished HTTP/1.1 OPTIONS http://localhost:5078/api/auth/me - 204 null null 20.488ms
2026-08-28 16:47:20.477 +03:00 [INF] Request starting HTTP/1.1 GET http://localhost:5078/api/hareketler/stok-durum?kritik=true&pageSize=5 - null null
2026-08-28 16:47:20.484 +03:00 [INF] Request starting HTTP/1.1 GET http://localhost:5078/api/auth/me - null null
2026-08-28 16:47:20.488 +03:00 [INF] CORS policy execution successful.
2026-08-28 16:47:20.491 +03:00 [INF] CORS policy execution successful.
2026-08-28 16:47:20.493 +03:00 [INF] Executing endpoint 'DepoStok.API.Controllers.HareketlerController.GetStokDurum (DepoStok.API)'
2026-08-28 16:47:20.494 +03:00 [INF] Executing endpoint 'DepoStok.API.Controllers.AuthController.GetMe (DepoStok.API)'
2026-08-28 16:47:20.495 +03:00 [INF] Route matched with {action = "GetStokDurum", controller = "Hareketler"}. Executing controller action with signature System.Threading.Tasks.Task`1[Microsoft.AspNetCore.Mvc.ActionResult`1[DepoStok.Application.PagedResult`1[DepoStok.Application.StokDurumDto]]] GetStokDurum(System.Nullable`1[System.Int32], System.Nullable`1[System.Int32], System.String, System.Nullable`1[System.Boolean], Int32, Int32) on controller DepoStok.API.Controllers.HareketlerController (DepoStok.API).
2026-08-28 16:47:20.501 +03:00 [INF] Route matched with {action = "GetMe", controller = "Auth"}. Executing controller action with signature System.Threading.Tasks.Task`1[Microsoft.AspNetCore.Mvc.IActionResult] GetMe() on controller DepoStok.API.Controllers.AuthController (DepoStok.API).
2026-08-28 16:47:20.562 +03:00 [INF] Executed DbCommand (1ms) [Parameters=[], CommandType='"Text"', CommandTimeout='30']
SELECT `m`.`Id`, `m`.`Aciklama`, `m`.`Ad`, `m`.`Birim`, `m`.`IsActive`, `m`.`Kod`, `m`.`KritikStokSeviyesi`, `m`.`MalzemeGrubuId`, `m`.`MarkaModel`, `m`.`MaxStokSeviyesi`, `m`.`TeknikOzellik`, `m0`.`Id`, `m0`.`Ad`, `m0`.`Kod`, `m0`.`ParentId`
FROM `Malzemeler` AS `m`
INNER JOIN `MalzemeGruplari` AS `m0` ON `m`.`MalzemeGrubuId` = `m0`.`Id`
WHERE `m`.`IsActive`
2026-08-28 16:47:20.569 +03:00 [INF] Executed DbCommand (1ms) [Parameters=[], CommandType='"Text"', CommandTimeout='30']
SELECT `d`.`Id`, `d`.`Ad`, `d`.`Bolge`, `d`.`IsActive`, `d`.`Kod`, `d`.`Sorumlu`
FROM `Depolar` AS `d`
WHERE `d`.`IsActive`
2026-08-28 16:47:20.571 +03:00 [INF] Executed DbCommand (2ms) [Parameters=[@__userId_0='?' (DbType = Int32)], CommandType='"Text"', CommandTimeout='30']
SELECT `u`.`Id`, `u`.`AdSoyad`, `u`.`CreatedAt`, `u`.`Email`, `u`.`IsActive`, `u`.`KullaniciAdi`, `u`.`ParolaHash`, `u`.`RoleId`, `r`.`Id`, `r`.`Aciklama`, `r`.`Ad`, `r`.`Kod`
FROM `Users` AS `u`
INNER JOIN `Roles` AS `r` ON `u`.`RoleId` = `r`.`Id`
WHERE `u`.`Id` = @__userId_0
LIMIT 1
2026-08-28 16:47:20.577 +03:00 [INF] Executed DbCommand (3ms) [Parameters=[], CommandType='"Text"', CommandTimeout='30']
SELECT `h`.`MalzemeId`, `h0`.`HedefDepoId` AS `DepoId`, COALESCE(SUM(`h`.`Miktar`), 0.0) AS `Toplam`
FROM `HareketKalemleri` AS `h`
INNER JOIN `HareketBasliklari` AS `h0` ON `h`.`HareketBaslikId` = `h0`.`Id`
WHERE NOT (`h0`.`IsIptal`) AND (`h0`.`HedefDepoId` IS NOT NULL)
GROUP BY `h`.`MalzemeId`, `h0`.`HedefDepoId`
2026-08-28 16:47:20.587 +03:00 [INF] Executed DbCommand (6ms) [Parameters=[], CommandType='"Text"', CommandTimeout='30']
SELECT `h`.`MalzemeId`, `h0`.`KaynakDepoId` AS `DepoId`, COALESCE(SUM(`h`.`Miktar`), 0.0) AS `Toplam`
FROM `HareketKalemleri` AS `h`
INNER JOIN `HareketBasliklari` AS `h0` ON `h`.`HareketBaslikId` = `h0`.`Id`
WHERE NOT (`h0`.`IsIptal`) AND (`h0`.`KaynakDepoId` IS NOT NULL)
GROUP BY `h`.`MalzemeId`, `h0`.`KaynakDepoId`
2026-08-28 16:47:20.593 +03:00 [INF] Executing OkObjectResult, writing value of type 'DepoStok.Application.PagedResult`1[[DepoStok.Application.StokDurumDto, DepoStok.Application, Version=1.0.0.0, Culture=neutral, PublicKeyToken=null]]'.
2026-08-28 16:47:20.595 +03:00 [INF] Executed action DepoStok.API.Controllers.HareketlerController.GetStokDurum (DepoStok.API) in 96.7814ms
2026-08-28 16:47:20.597 +03:00 [INF] Executed endpoint 'DepoStok.API.Controllers.HareketlerController.GetStokDurum (DepoStok.API)'
2026-08-28 16:47:20.598 +03:00 [INF] HTTP GET /api/hareketler/stok-durum responded 200 in 109.9621 ms
2026-08-28 16:47:20.601 +03:00 [INF] Request finished HTTP/1.1 GET http://localhost:5078/api/hareketler/stok-durum?kritik=true&pageSize=5 - 200 null application/json; charset=utf-8 123.8013ms
2026-08-28 16:47:20.620 +03:00 [INF] Executing OkObjectResult, writing value of type '<>f__AnonymousType0`9[[System.Int32, System.Private.CoreLib, Version=8.0.0.0, Culture=neutral, PublicKeyToken=7cec85d7bea7798e],[System.String, System.Private.CoreLib, Version=8.0.0.0, Culture=neutral, PublicKeyToken=7cec85d7bea7798e],[System.String, System.Private.CoreLib, Version=8.0.0.0, Culture=neutral, PublicKeyToken=7cec85d7bea7798e],[System.String, System.Private.CoreLib, Version=8.0.0.0, Culture=neutral, PublicKeyToken=7cec85d7bea7798e],[System.DateTime, System.Private.CoreLib, Version=8.0.0.0, Culture=neutral, PublicKeyToken=7cec85d7bea7798e],[System.Boolean, System.Private.CoreLib, Version=8.0.0.0, Culture=neutral, PublicKeyToken=7cec85d7bea7798e],[System.Int32, System.Private.CoreLib, Version=8.0.0.0, Culture=neutral, PublicKeyToken=7cec85d7bea7798e],[System.String, System.Private.CoreLib, Version=8.0.0.0, Culture=neutral, PublicKeyToken=7cec85d7bea7798e],[System.String, System.Private.CoreLib, Version=8.0.0.0, Culture=neutral, PublicKeyToken=7cec85d7bea7798e]]'.
2026-08-28 16:47:20.626 +03:00 [INF] Executed action DepoStok.API.Controllers.AuthController.GetMe (DepoStok.API) in 121.743ms
2026-08-28 16:47:20.629 +03:00 [INF] Executed endpoint 'DepoStok.API.Controllers.AuthController.GetMe (DepoStok.API)'
2026-08-28 16:47:20.630 +03:00 [INF] HTTP GET /api/auth/me responded 200 in 138.7090 ms
2026-08-28 16:47:20.633 +03:00 [INF] Request finished HTTP/1.1 GET http://localhost:5078/api/auth/me - 200 null application/json; charset=utf-8 148.1372ms
2026-08-28 16:47:20.643 +03:00 [INF] Request starting HTTP/1.1 GET http://localhost:5078/api/auth/me - null null
2026-08-28 16:47:20.646 +03:00 [INF] CORS policy execution successful.
2026-08-28 16:47:20.648 +03:00 [INF] Executing endpoint 'DepoStok.API.Controllers.AuthController.GetMe (DepoStok.API)'
2026-08-28 16:47:20.649 +03:00 [INF] Route matched with {action = "GetMe", controller = "Auth"}. Executing controller action with signature System.Threading.Tasks.Task`1[Microsoft.AspNetCore.Mvc.IActionResult] GetMe() on controller DepoStok.API.Controllers.AuthController (DepoStok.API).
2026-08-28 16:47:20.664 +03:00 [INF] Executed DbCommand (1ms) [Parameters=[@__userId_0='?' (DbType = Int32)], CommandType='"Text"', CommandTimeout='30']
SELECT `u`.`Id`, `u`.`AdSoyad`, `u`.`CreatedAt`, `u`.`Email`, `u`.`IsActive`, `u`.`KullaniciAdi`, `u`.`ParolaHash`, `u`.`RoleId`, `r`.`Id`, `r`.`Aciklama`, `r`.`Ad`, `r`.`Kod`
FROM `Users` AS `u`
INNER JOIN `Roles` AS `r` ON `u`.`RoleId` = `r`.`Id`
WHERE `u`.`Id` = @__userId_0
LIMIT 1
2026-08-28 16:47:20.668 +03:00 [INF] Executing OkObjectResult, writing value of type '<>f__AnonymousType0`9[[System.Int32, System.Private.CoreLib, Version=8.0.0.0, Culture=neutral, PublicKeyToken=7cec85d7bea7798e],[System.String, System.Private.CoreLib, Version=8.0.0.0, Culture=neutral, PublicKeyToken=7cec85d7bea7798e],[System.String, System.Private.CoreLib, Version=8.0.0.0, Culture=neutral, PublicKeyToken=7cec85d7bea7798e],[System.String, System.Private.CoreLib, Version=8.0.0.0, Culture=neutral, PublicKeyToken=7cec85d7bea7798e],[System.DateTime, System.Private.CoreLib, Version=8.0.0.0, Culture=neutral, PublicKeyToken=7cec85d7bea7798e],[System.Boolean, System.Private.CoreLib, Version=8.0.0.0, Culture=neutral, PublicKeyToken=7cec85d7bea7798e],[System.Int32, System.Private.CoreLib, Version=8.0.0.0, Culture=neutral, PublicKeyToken=7cec85d7bea7798e],[System.String, System.Private.CoreLib, Version=8.0.0.0, Culture=neutral, PublicKeyToken=7cec85d7bea7798e],[System.String, System.Private.CoreLib, Version=8.0.0.0, Culture=neutral, PublicKeyToken=7cec85d7bea7798e]]'.
2026-08-28 16:47:20.670 +03:00 [INF] Executed action DepoStok.API.Controllers.AuthController.GetMe (DepoStok.API) in 18.0711ms
2026-08-28 16:47:20.671 +03:00 [INF] Executed endpoint 'DepoStok.API.Controllers.AuthController.GetMe (DepoStok.API)'
2026-08-28 16:47:20.673 +03:00 [INF] HTTP GET /api/auth/me responded 200 in 26.3787 ms
2026-08-28 16:47:20.676 +03:00 [INF] Request finished HTTP/1.1 GET http://localhost:5078/api/auth/me - 200 null application/json; charset=utf-8 32.8211ms
2026-08-28 16:47:23.303 +03:00 [INF] Request starting HTTP/1.1 OPTIONS http://localhost:5078/api/hareketler/stok-durum?page=1&pageSize=10 - null null
2026-08-28 16:47:23.307 +03:00 [INF] CORS policy execution successful.
2026-08-28 16:47:23.307 +03:00 [INF] Request starting HTTP/1.1 OPTIONS http://localhost:5078/api/hareketler/stok-durum?pageSize=5000 - null null
2026-08-28 16:47:23.308 +03:00 [INF] HTTP OPTIONS /api/hareketler/stok-durum responded 204 in 1.4051 ms
2026-08-28 16:47:23.311 +03:00 [INF] Request starting HTTP/1.1 OPTIONS http://localhost:5078/api/depolar - null null
2026-08-28 16:47:23.312 +03:00 [INF] CORS policy execution successful.
2026-08-28 16:47:23.315 +03:00 [INF] Request finished HTTP/1.1 OPTIONS http://localhost:5078/api/hareketler/stok-durum?page=1&pageSize=10 - 204 null null 12.177ms
2026-08-28 16:47:23.316 +03:00 [INF] Request starting HTTP/1.1 OPTIONS http://localhost:5078/api/malzemeler/gruplar - null null
2026-08-28 16:47:23.316 +03:00 [INF] Request starting HTTP/1.1 OPTIONS http://localhost:5078/api/malzemeler?pageSize=200 - null null
2026-08-28 16:47:23.318 +03:00 [INF] CORS policy execution successful.
2026-08-28 16:47:23.320 +03:00 [INF] HTTP OPTIONS /api/hareketler/stok-durum responded 204 in 7.5720 ms
2026-08-28 16:47:23.320 +03:00 [INF] Request starting HTTP/1.1 OPTIONS http://localhost:5078/api/hareketler/stok-durum?kritik=true&pageSize=1 - null null
2026-08-28 16:47:23.325 +03:00 [INF] Request starting HTTP/1.1 OPTIONS http://localhost:5078/api/hareketler?pageSize=5 - null null
2026-08-28 16:47:23.327 +03:00 [INF] CORS policy execution successful.
2026-08-28 16:47:23.330 +03:00 [INF] CORS policy execution successful.
2026-08-28 16:47:23.334 +03:00 [INF] HTTP OPTIONS /api/depolar responded 204 in 16.1258 ms
2026-08-28 16:47:23.337 +03:00 [INF] Request finished HTTP/1.1 OPTIONS http://localhost:5078/api/hareketler/stok-durum?pageSize=5000 - 204 null null 30.3992ms
2026-08-28 16:47:23.341 +03:00 [INF] CORS policy execution successful.
2026-08-28 16:47:23.345 +03:00 [INF] CORS policy execution successful.
2026-08-28 16:47:23.346 +03:00 [INF] HTTP OPTIONS /api/malzemeler/gruplar responded 204 in 18.8480 ms
2026-08-28 16:47:23.347 +03:00 [INF] HTTP OPTIONS /api/malzemeler responded 204 in 16.4506 ms
2026-08-28 16:47:23.349 +03:00 [INF] Request finished HTTP/1.1 OPTIONS http://localhost:5078/api/depolar - 204 null null 38.0803ms
2026-08-28 16:47:23.353 +03:00 [INF] Request starting HTTP/1.1 OPTIONS http://localhost:5078/api/hareketler/stok-durum?page=1&pageSize=10 - null null
2026-08-28 16:47:23.354 +03:00 [INF] HTTP OPTIONS /api/hareketler/stok-durum responded 204 in 13.1064 ms
2026-08-28 16:47:23.356 +03:00 [INF] HTTP OPTIONS /api/hareketler responded 204 in 10.7850 ms
2026-08-28 16:47:23.358 +03:00 [INF] Request finished HTTP/1.1 OPTIONS http://localhost:5078/api/malzemeler/gruplar - 204 null null 41.0781ms
2026-08-28 16:47:23.360 +03:00 [INF] Request finished HTTP/1.1 OPTIONS http://localhost:5078/api/malzemeler?pageSize=200 - 204 null null 43.5536ms
2026-08-28 16:47:23.373 +03:00 [INF] Request starting HTTP/1.1 GET http://localhost:5078/api/hareketler/stok-durum?kritik=true&pageSize=5 - null null
2026-08-28 16:47:23.378 +03:00 [INF] CORS policy execution successful.
2026-08-28 16:47:23.380 +03:00 [INF] Request finished HTTP/1.1 OPTIONS http://localhost:5078/api/hareketler/stok-durum?kritik=true&pageSize=1 - 204 null null 59.6748ms
2026-08-28 16:47:23.382 +03:00 [INF] Request finished HTTP/1.1 OPTIONS http://localhost:5078/api/hareketler?pageSize=5 - 204 null null 57.489ms
2026-08-28 16:47:23.388 +03:00 [INF] Request starting HTTP/1.1 OPTIONS http://localhost:5078/api/hareketler/stok-durum?pageSize=5000 - null null
2026-08-28 16:47:23.392 +03:00 [INF] Request starting HTTP/1.1 OPTIONS http://localhost:5078/api/depolar - null null
2026-08-28 16:47:23.395 +03:00 [INF] CORS policy execution successful.
2026-08-28 16:47:23.396 +03:00 [INF] HTTP OPTIONS /api/hareketler/stok-durum responded 204 in 18.5091 ms
2026-08-28 16:47:23.402 +03:00 [INF] Request starting HTTP/1.1 OPTIONS http://localhost:5078/api/malzemeler/gruplar - null null
2026-08-28 16:47:23.406 +03:00 [INF] Request starting HTTP/1.1 OPTIONS http://localhost:5078/api/malzemeler?pageSize=200 - null null
2026-08-28 16:47:23.410 +03:00 [INF] CORS policy execution successful.
2026-08-28 16:47:23.413 +03:00 [INF] CORS policy execution successful.
2026-08-28 16:47:23.414 +03:00 [INF] Executing endpoint 'DepoStok.API.Controllers.HareketlerController.GetStokDurum (DepoStok.API)'
2026-08-28 16:47:23.416 +03:00 [INF] Request finished HTTP/1.1 OPTIONS http://localhost:5078/api/hareketler/stok-durum?page=1&pageSize=10 - 204 null null 63.1965ms
2026-08-28 16:47:23.420 +03:00 [INF] CORS policy execution successful.
2026-08-28 16:47:23.424 +03:00 [INF] CORS policy execution successful.
2026-08-28 16:47:23.425 +03:00 [INF] HTTP OPTIONS /api/hareketler/stok-durum responded 204 in 15.2195 ms
2026-08-28 16:47:23.426 +03:00 [INF] HTTP OPTIONS /api/depolar responded 204 in 12.4832 ms
2026-08-28 16:47:23.427 +03:00 [INF] Route matched with {action = "GetStokDurum", controller = "Hareketler"}. Executing controller action with signature System.Threading.Tasks.Task`1[Microsoft.AspNetCore.Mvc.ActionResult`1[DepoStok.Application.PagedResult`1[DepoStok.Application.StokDurumDto]]] GetStokDurum(System.Nullable`1[System.Int32], System.Nullable`1[System.Int32], System.String, System.Nullable`1[System.Boolean], Int32, Int32) on controller DepoStok.API.Controllers.HareketlerController (DepoStok.API).
2026-08-28 16:47:23.431 +03:00 [INF] Request starting HTTP/1.1 OPTIONS http://localhost:5078/api/hareketler/stok-durum?kritik=true&pageSize=1 - null null
2026-08-28 16:47:23.432 +03:00 [INF] HTTP OPTIONS /api/malzemeler/gruplar responded 204 in 11.8814 ms
2026-08-28 16:47:23.433 +03:00 [INF] HTTP OPTIONS /api/malzemeler responded 204 in 9.4601 ms
2026-08-28 16:47:23.436 +03:00 [INF] Request finished HTTP/1.1 OPTIONS http://localhost:5078/api/hareketler/stok-durum?pageSize=5000 - 204 null null 48.1083ms
2026-08-28 16:47:23.440 +03:00 [INF] Request finished HTTP/1.1 OPTIONS http://localhost:5078/api/depolar - 204 null null 47.5665ms
2026-08-28 16:47:23.446 +03:00 [INF] CORS policy execution successful.
2026-08-28 16:47:23.449 +03:00 [INF] Request finished HTTP/1.1 OPTIONS http://localhost:5078/api/malzemeler/gruplar - 204 null null 46.7793ms
2026-08-28 16:47:23.451 +03:00 [INF] Request finished HTTP/1.1 OPTIONS http://localhost:5078/api/malzemeler?pageSize=200 - 204 null null 44.899ms
2026-08-28 16:47:23.456 +03:00 [INF] Request starting HTTP/1.1 OPTIONS http://localhost:5078/api/hareketler?pageSize=5 - null null
2026-08-28 16:47:23.457 +03:00 [INF] Executed DbCommand (1ms) [Parameters=[], CommandType='"Text"', CommandTimeout='30']
SELECT `m`.`Id`, `m`.`Aciklama`, `m`.`Ad`, `m`.`Birim`, `m`.`IsActive`, `m`.`Kod`, `m`.`KritikStokSeviyesi`, `m`.`MalzemeGrubuId`, `m`.`MarkaModel`, `m`.`MaxStokSeviyesi`, `m`.`TeknikOzellik`, `m0`.`Id`, `m0`.`Ad`, `m0`.`Kod`, `m0`.`ParentId`
FROM `Malzemeler` AS `m`
INNER JOIN `MalzemeGruplari` AS `m0` ON `m`.`MalzemeGrubuId` = `m0`.`Id`
WHERE `m`.`IsActive`
2026-08-28 16:47:23.461 +03:00 [INF] Request starting HTTP/1.1 GET http://localhost:5078/api/hareketler/stok-durum?page=1&pageSize=10 - null null
2026-08-28 16:47:23.462 +03:00 [INF] HTTP OPTIONS /api/hareketler/stok-durum responded 204 in 15.5275 ms
2026-08-28 16:47:23.466 +03:00 [INF] Request starting HTTP/1.1 GET http://localhost:5078/api/hareketler/stok-durum?pageSize=5000 - null null
2026-08-28 16:47:23.472 +03:00 [INF] Request starting HTTP/1.1 GET http://localhost:5078/api/depolar - null null
2026-08-28 16:47:23.475 +03:00 [INF] CORS policy execution successful.
2026-08-28 16:47:23.480 +03:00 [INF] Executed DbCommand (1ms) [Parameters=[], CommandType='"Text"', CommandTimeout='30']
SELECT `d`.`Id`, `d`.`Ad`, `d`.`Bolge`, `d`.`IsActive`, `d`.`Kod`, `d`.`Sorumlu`
FROM `Depolar` AS `d`
WHERE `d`.`IsActive`
2026-08-28 16:47:23.480 +03:00 [INF] CORS policy execution successful.
2026-08-28 16:47:23.483 +03:00 [INF] Request finished HTTP/1.1 OPTIONS http://localhost:5078/api/hareketler/stok-durum?kritik=true&pageSize=1 - 204 null null 51.6117ms
2026-08-28 16:47:23.486 +03:00 [INF] CORS policy execution successful.
2026-08-28 16:47:23.490 +03:00 [INF] CORS policy execution successful.
2026-08-28 16:47:23.491 +03:00 [INF] HTTP OPTIONS /api/hareketler responded 204 in 16.1679 ms
2026-08-28 16:47:23.495 +03:00 [INF] Executing endpoint 'DepoStok.API.Controllers.HareketlerController.GetStokDurum (DepoStok.API)'
2026-08-28 16:47:23.497 +03:00 [INF] Executed DbCommand (2ms) [Parameters=[], CommandType='"Text"', CommandTimeout='30']
SELECT `h`.`MalzemeId`, `h0`.`HedefDepoId` AS `DepoId`, COALESCE(SUM(`h`.`Miktar`), 0.0) AS `Toplam`
FROM `HareketKalemleri` AS `h`
INNER JOIN `HareketBasliklari` AS `h0` ON `h`.`HareketBaslikId` = `h0`.`Id`
WHERE NOT (`h0`.`IsIptal`) AND (`h0`.`HedefDepoId` IS NOT NULL)
GROUP BY `h`.`MalzemeId`, `h0`.`HedefDepoId`
2026-08-28 16:47:23.499 +03:00 [INF] Request starting HTTP/1.1 GET http://localhost:5078/api/malzemeler/gruplar - null null
2026-08-28 16:47:23.501 +03:00 [INF] Executing endpoint 'DepoStok.API.Controllers.HareketlerController.GetStokDurum (DepoStok.API)'
2026-08-28 16:47:23.502 +03:00 [INF] Executing endpoint 'DepoStok.API.Controllers.DepolarController.GetDepolar (DepoStok.API)'
2026-08-28 16:47:23.504 +03:00 [INF] Request finished HTTP/1.1 OPTIONS http://localhost:5078/api/hareketler?pageSize=5 - 204 null null 48.2929ms
2026-08-28 16:47:23.507 +03:00 [INF] Route matched with {action = "GetStokDurum", controller = "Hareketler"}. Executing controller action with signature System.Threading.Tasks.Task`1[Microsoft.AspNetCore.Mvc.ActionResult`1[DepoStok.Application.PagedResult`1[DepoStok.Application.StokDurumDto]]] GetStokDurum(System.Nullable`1[System.Int32], System.Nullable`1[System.Int32], System.String, System.Nullable`1[System.Boolean], Int32, Int32) on controller DepoStok.API.Controllers.HareketlerController (DepoStok.API).
2026-08-28 16:47:23.514 +03:00 [INF] Executed DbCommand (2ms) [Parameters=[], CommandType='"Text"', CommandTimeout='30']
SELECT `h`.`MalzemeId`, `h0`.`KaynakDepoId` AS `DepoId`, COALESCE(SUM(`h`.`Miktar`), 0.0) AS `Toplam`
FROM `HareketKalemleri` AS `h`
INNER JOIN `HareketBasliklari` AS `h0` ON `h`.`HareketBaslikId` = `h0`.`Id`
WHERE NOT (`h0`.`IsIptal`) AND (`h0`.`KaynakDepoId` IS NOT NULL)
GROUP BY `h`.`MalzemeId`, `h0`.`KaynakDepoId`
2026-08-28 16:47:23.516 +03:00 [INF] CORS policy execution successful.
2026-08-28 16:47:23.518 +03:00 [INF] Route matched with {action = "GetStokDurum", controller = "Hareketler"}. Executing controller action with signature System.Threading.Tasks.Task`1[Microsoft.AspNetCore.Mvc.ActionResult`1[DepoStok.Application.PagedResult`1[DepoStok.Application.StokDurumDto]]] GetStokDurum(System.Nullable`1[System.Int32], System.Nullable`1[System.Int32], System.String, System.Nullable`1[System.Boolean], Int32, Int32) on controller DepoStok.API.Controllers.HareketlerController (DepoStok.API).
2026-08-28 16:47:23.520 +03:00 [INF] Route matched with {action = "GetDepolar", controller = "Depolar"}. Executing controller action with signature System.Threading.Tasks.Task`1[Microsoft.AspNetCore.Mvc.ActionResult`1[System.Collections.Generic.IEnumerable`1[DepoStok.Application.DepoDto]]] GetDepolar() on controller DepoStok.API.Controllers.DepolarController (DepoStok.API).
2026-08-28 16:47:23.524 +03:00 [INF] Request starting HTTP/1.1 GET http://localhost:5078/api/malzemeler?pageSize=200 - null null
2026-08-28 16:47:23.530 +03:00 [INF] Executing OkObjectResult, writing value of type 'DepoStok.Application.PagedResult`1[[DepoStok.Application.StokDurumDto, DepoStok.Application, Version=1.0.0.0, Culture=neutral, PublicKeyToken=null]]'.
2026-08-28 16:47:23.531 +03:00 [INF] Executing endpoint 'DepoStok.API.Controllers.MalzemelerController.GetGruplar (DepoStok.API)'
2026-08-28 16:47:23.541 +03:00 [INF] CORS policy execution successful.
2026-08-28 16:47:23.544 +03:00 [INF] Executed DbCommand (1ms) [Parameters=[], CommandType='"Text"', CommandTimeout='30']
SELECT `m`.`Id`, `m`.`Aciklama`, `m`.`Ad`, `m`.`Birim`, `m`.`IsActive`, `m`.`Kod`, `m`.`KritikStokSeviyesi`, `m`.`MalzemeGrubuId`, `m`.`MarkaModel`, `m`.`MaxStokSeviyesi`, `m`.`TeknikOzellik`, `m0`.`Id`, `m0`.`Ad`, `m0`.`Kod`, `m0`.`ParentId`
FROM `Malzemeler` AS `m`
INNER JOIN `MalzemeGruplari` AS `m0` ON `m`.`MalzemeGrubuId` = `m0`.`Id`
WHERE `m`.`IsActive`
2026-08-28 16:47:23.544 +03:00 [INF] Executed action DepoStok.API.Controllers.HareketlerController.GetStokDurum (DepoStok.API) in 101.2604ms
2026-08-28 16:47:23.545 +03:00 [INF] Route matched with {action = "GetGruplar", controller = "Malzemeler"}. Executing controller action with signature System.Threading.Tasks.Task`1[Microsoft.AspNetCore.Mvc.ActionResult`1[System.Collections.Generic.IEnumerable`1[DepoStok.Application.MalzemeGrubuDto]]] GetGruplar() on controller DepoStok.API.Controllers.MalzemelerController (DepoStok.API).
2026-08-28 16:47:23.546 +03:00 [INF] Executing endpoint 'DepoStok.API.Controllers.MalzemelerController.GetMalzemeler (DepoStok.API)'
2026-08-28 16:47:23.548 +03:00 [INF] Executed DbCommand (1ms) [Parameters=[], CommandType='"Text"', CommandTimeout='30']
SELECT `m`.`Id`, `m`.`Aciklama`, `m`.`Ad`, `m`.`Birim`, `m`.`IsActive`, `m`.`Kod`, `m`.`KritikStokSeviyesi`, `m`.`MalzemeGrubuId`, `m`.`MarkaModel`, `m`.`MaxStokSeviyesi`, `m`.`TeknikOzellik`, `m0`.`Id`, `m0`.`Ad`, `m0`.`Kod`, `m0`.`ParentId`
FROM `Malzemeler` AS `m`
INNER JOIN `MalzemeGruplari` AS `m0` ON `m`.`MalzemeGrubuId` = `m0`.`Id`
WHERE `m`.`IsActive`
2026-08-28 16:47:23.551 +03:00 [INF] Executed endpoint 'DepoStok.API.Controllers.HareketlerController.GetStokDurum (DepoStok.API)'
2026-08-28 16:47:23.551 +03:00 [INF] Executed DbCommand (1ms) [Parameters=[], CommandType='"Text"', CommandTimeout='30']
SELECT `d`.`Id`, `d`.`Ad`, `d`.`Bolge`, `d`.`IsActive`, `d`.`Kod`, `d`.`Sorumlu`
FROM `Depolar` AS `d`
WHERE `d`.`IsActive`
2026-08-28 16:47:23.555 +03:00 [INF] Route matched with {action = "GetMalzemeler", controller = "Malzemeler"}. Executing controller action with signature System.Threading.Tasks.Task`1[Microsoft.AspNetCore.Mvc.ActionResult`1[DepoStok.Application.PagedResult`1[DepoStok.Application.MalzemeDto]]] GetMalzemeler(System.Nullable`1[System.Int32], System.String, Int32, Int32) on controller DepoStok.API.Controllers.MalzemelerController (DepoStok.API).
2026-08-28 16:47:23.559 +03:00 [INF] HTTP GET /api/hareketler/stok-durum responded 200 in 163.8210 ms
2026-08-28 16:47:23.560 +03:00 [INF] Executed DbCommand (0ms) [Parameters=[], CommandType='"Text"', CommandTimeout='30']
SELECT `d`.`Id`, `d`.`Ad`, `d`.`Bolge`, `d`.`IsActive`, `d`.`Kod`, `d`.`Sorumlu`
FROM `Depolar` AS `d`
WHERE `d`.`IsActive`
2026-08-28 16:47:23.561 +03:00 [INF] Executed DbCommand (1ms) [Parameters=[], CommandType='"Text"', CommandTimeout='30']
SELECT `d`.`Id`, `d`.`Ad`, `d`.`Bolge`, `d`.`IsActive`, `d`.`Kod`, `d`.`Sorumlu`
FROM `Depolar` AS `d`
ORDER BY `d`.`Kod`
2026-08-28 16:47:23.564 +03:00 [INF] Executed DbCommand (2ms) [Parameters=[], CommandType='"Text"', CommandTimeout='30']
SELECT `h`.`MalzemeId`, `h0`.`HedefDepoId` AS `DepoId`, COALESCE(SUM(`h`.`Miktar`), 0.0) AS `Toplam`
FROM `HareketKalemleri` AS `h`
INNER JOIN `HareketBasliklari` AS `h0` ON `h`.`HareketBaslikId` = `h0`.`Id`
WHERE NOT (`h0`.`IsIptal`) AND (`h0`.`HedefDepoId` IS NOT NULL)
GROUP BY `h`.`MalzemeId`, `h0`.`HedefDepoId`
2026-08-28 16:47:23.567 +03:00 [INF] Request finished HTTP/1.1 GET http://localhost:5078/api/hareketler/stok-durum?kritik=true&pageSize=5 - 200 null application/json; charset=utf-8 194.0622ms
2026-08-28 16:47:23.575 +03:00 [INF] Executed DbCommand (3ms) [Parameters=[], CommandType='"Text"', CommandTimeout='30']
SELECT `h`.`MalzemeId`, `h0`.`HedefDepoId` AS `DepoId`, COALESCE(SUM(`h`.`Miktar`), 0.0) AS `Toplam`
FROM `HareketKalemleri` AS `h`
INNER JOIN `HareketBasliklari` AS `h0` ON `h`.`HareketBaslikId` = `h0`.`Id`
WHERE NOT (`h0`.`IsIptal`) AND (`h0`.`HedefDepoId` IS NOT NULL)
GROUP BY `h`.`MalzemeId`, `h0`.`HedefDepoId`
2026-08-28 16:47:23.576 +03:00 [INF] Executing OkObjectResult, writing value of type 'System.Linq.Enumerable+SelectListIterator`2[[DepoStok.Domain.Depo, DepoStok.Domain, Version=1.0.0.0, Culture=neutral, PublicKeyToken=null],[DepoStok.Application.DepoDto, DepoStok.Application, Version=1.0.0.0, Culture=neutral, PublicKeyToken=null]]'.
2026-08-28 16:47:23.579 +03:00 [INF] Executed DbCommand (1ms) [Parameters=[], CommandType='"Text"', CommandTimeout='30']
SELECT `m`.`Id`, `m`.`Ad`, `m`.`Kod`, `m`.`ParentId`, `m0`.`Id`, `m0`.`Ad`, `m0`.`Kod`, `m0`.`ParentId`
FROM `MalzemeGruplari` AS `m`
LEFT JOIN `MalzemeGruplari` AS `m0` ON `m`.`ParentId` = `m0`.`Id`
ORDER BY `m`.`Kod`
2026-08-28 16:47:23.579 +03:00 [INF] Executed DbCommand (1ms) [Parameters=[], CommandType='"Text"', CommandTimeout='30']
SELECT COUNT(*)
FROM `Malzemeler` AS `m`
2026-08-28 16:47:23.584 +03:00 [INF] Executed DbCommand (3ms) [Parameters=[], CommandType='"Text"', CommandTimeout='30']
SELECT `h`.`MalzemeId`, `h0`.`KaynakDepoId` AS `DepoId`, COALESCE(SUM(`h`.`Miktar`), 0.0) AS `Toplam`
FROM `HareketKalemleri` AS `h`
INNER JOIN `HareketBasliklari` AS `h0` ON `h`.`HareketBaslikId` = `h0`.`Id`
WHERE NOT (`h0`.`IsIptal`) AND (`h0`.`KaynakDepoId` IS NOT NULL)
GROUP BY `h`.`MalzemeId`, `h0`.`KaynakDepoId`
2026-08-28 16:47:23.585 +03:00 [INF] Request starting HTTP/1.1 GET http://localhost:5078/api/hareketler/stok-durum?kritik=true&pageSize=1 - null null
2026-08-28 16:47:23.591 +03:00 [INF] Executed action DepoStok.API.Controllers.DepolarController.GetDepolar (DepoStok.API) in 54.5111ms
2026-08-28 16:47:23.592 +03:00 [INF] Executed DbCommand (2ms) [Parameters=[], CommandType='"Text"', CommandTimeout='30']
SELECT `h`.`MalzemeId`, `h0`.`KaynakDepoId` AS `DepoId`, COALESCE(SUM(`h`.`Miktar`), 0.0) AS `Toplam`
FROM `HareketKalemleri` AS `h`
INNER JOIN `HareketBasliklari` AS `h0` ON `h`.`HareketBaslikId` = `h0`.`Id`
WHERE NOT (`h0`.`IsIptal`) AND (`h0`.`KaynakDepoId` IS NOT NULL)
GROUP BY `h`.`MalzemeId`, `h0`.`KaynakDepoId`
2026-08-28 16:47:23.594 +03:00 [INF] Executing OkObjectResult, writing value of type 'System.Linq.Enumerable+SelectListIterator`2[[DepoStok.Domain.MalzemeGrubu, DepoStok.Domain, Version=1.0.0.0, Culture=neutral, PublicKeyToken=null],[DepoStok.Application.MalzemeGrubuDto, DepoStok.Application, Version=1.0.0.0, Culture=neutral, PublicKeyToken=null]]'.
2026-08-28 16:47:23.599 +03:00 [INF] Executing OkObjectResult, writing value of type 'DepoStok.Application.PagedResult`1[[DepoStok.Application.StokDurumDto, DepoStok.Application, Version=1.0.0.0, Culture=neutral, PublicKeyToken=null]]'.
2026-08-28 16:47:23.600 +03:00 [INF] Executed DbCommand (3ms) [Parameters=[@__p_1='?' (DbType = Int32), @__p_0='?' (DbType = Int32)], CommandType='"Text"', CommandTimeout='30']
SELECT `m1`.`Id`, `m1`.`Aciklama`, `m1`.`Ad`, `m1`.`Birim`, `m1`.`IsActive`, `m1`.`Kod`, `m1`.`KritikStokSeviyesi`, `m1`.`MalzemeGrubuId`, `m1`.`MarkaModel`, `m1`.`MaxStokSeviyesi`, `m1`.`TeknikOzellik`, `m0`.`Id`, `m0`.`Ad`, `m0`.`Kod`, `m0`.`ParentId`
FROM (
    SELECT `m`.`Id`, `m`.`Aciklama`, `m`.`Ad`, `m`.`Birim`, `m`.`IsActive`, `m`.`Kod`, `m`.`KritikStokSeviyesi`, `m`.`MalzemeGrubuId`, `m`.`MarkaModel`, `m`.`MaxStokSeviyesi`, `m`.`TeknikOzellik`
    FROM `Malzemeler` AS `m`
    ORDER BY `m`.`Kod`
    LIMIT @__p_1 OFFSET @__p_0
) AS `m1`
INNER JOIN `MalzemeGruplari` AS `m0` ON `m1`.`MalzemeGrubuId` = `m0`.`Id`
ORDER BY `m1`.`Kod`
2026-08-28 16:47:23.605 +03:00 [INF] CORS policy execution successful.
2026-08-28 16:47:23.607 +03:00 [INF] Executed endpoint 'DepoStok.API.Controllers.DepolarController.GetDepolar (DepoStok.API)'
2026-08-28 16:47:23.611 +03:00 [INF] Executing OkObjectResult, writing value of type 'DepoStok.Application.PagedResult`1[[DepoStok.Application.StokDurumDto, DepoStok.Application, Version=1.0.0.0, Culture=neutral, PublicKeyToken=null]]'.
2026-08-28 16:47:23.612 +03:00 [INF] Executed action DepoStok.API.Controllers.MalzemelerController.GetGruplar (DepoStok.API) in 59.23ms
2026-08-28 16:47:23.614 +03:00 [INF] Executed action DepoStok.API.Controllers.HareketlerController.GetStokDurum (DepoStok.API) in 87.5009ms
2026-08-28 16:47:23.618 +03:00 [INF] Executing OkObjectResult, writing value of type 'DepoStok.Application.PagedResult`1[[DepoStok.Application.MalzemeDto, DepoStok.Application, Version=1.0.0.0, Culture=neutral, PublicKeyToken=null]]'.
2026-08-28 16:47:23.619 +03:00 [INF] Executing endpoint 'DepoStok.API.Controllers.HareketlerController.GetStokDurum (DepoStok.API)'
2026-08-28 16:47:23.620 +03:00 [INF] HTTP GET /api/depolar responded 200 in 129.7691 ms
2026-08-28 16:47:23.623 +03:00 [INF] Executed action DepoStok.API.Controllers.HareketlerController.GetStokDurum (DepoStok.API) in 89.9806ms
2026-08-28 16:47:23.624 +03:00 [INF] Executed endpoint 'DepoStok.API.Controllers.MalzemelerController.GetGruplar (DepoStok.API)'
2026-08-28 16:47:23.625 +03:00 [INF] Executed endpoint 'DepoStok.API.Controllers.HareketlerController.GetStokDurum (DepoStok.API)'
2026-08-28 16:47:23.628 +03:00 [INF] Executed action DepoStok.API.Controllers.MalzemelerController.GetMalzemeler (DepoStok.API) in 63.6274ms
2026-08-28 16:47:23.628 +03:00 [INF] Route matched with {action = "GetStokDurum", controller = "Hareketler"}. Executing controller action with signature System.Threading.Tasks.Task`1[Microsoft.AspNetCore.Mvc.ActionResult`1[DepoStok.Application.PagedResult`1[DepoStok.Application.StokDurumDto]]] GetStokDurum(System.Nullable`1[System.Int32], System.Nullable`1[System.Int32], System.String, System.Nullable`1[System.Boolean], Int32, Int32) on controller DepoStok.API.Controllers.HareketlerController (DepoStok.API).
2026-08-28 16:47:23.631 +03:00 [INF] Request finished HTTP/1.1 GET http://localhost:5078/api/depolar - 200 null application/json; charset=utf-8 158.9829ms
2026-08-28 16:47:23.632 +03:00 [INF] Executed endpoint 'DepoStok.API.Controllers.HareketlerController.GetStokDurum (DepoStok.API)'
2026-08-28 16:47:23.634 +03:00 [INF] HTTP GET /api/malzemeler/gruplar responded 200 in 117.9101 ms
2026-08-28 16:47:23.635 +03:00 [INF] HTTP GET /api/hareketler/stok-durum responded 200 in 154.9999 ms
2026-08-28 16:47:23.638 +03:00 [INF] Executed endpoint 'DepoStok.API.Controllers.MalzemelerController.GetMalzemeler (DepoStok.API)'
2026-08-28 16:47:23.644 +03:00 [INF] Request starting HTTP/1.1 GET http://localhost:5078/api/hareketler?pageSize=5 - null null
2026-08-28 16:47:23.645 +03:00 [INF] HTTP GET /api/hareketler/stok-durum responded 200 in 158.7915 ms
2026-08-28 16:47:23.648 +03:00 [INF] Request finished HTTP/1.1 GET http://localhost:5078/api/malzemeler/gruplar - 200 null application/json; charset=utf-8 149.0598ms
2026-08-28 16:47:23.650 +03:00 [INF] Request finished HTTP/1.1 GET http://localhost:5078/api/hareketler/stok-durum?page=1&pageSize=10 - 200 null application/json; charset=utf-8 189.6453ms
2026-08-28 16:47:23.652 +03:00 [INF] HTTP GET /api/malzemeler responded 200 in 111.0935 ms
2026-08-28 16:47:23.655 +03:00 [INF] Executed DbCommand (1ms) [Parameters=[], CommandType='"Text"', CommandTimeout='30']
SELECT `m`.`Id`, `m`.`Aciklama`, `m`.`Ad`, `m`.`Birim`, `m`.`IsActive`, `m`.`Kod`, `m`.`KritikStokSeviyesi`, `m`.`MalzemeGrubuId`, `m`.`MarkaModel`, `m`.`MaxStokSeviyesi`, `m`.`TeknikOzellik`, `m0`.`Id`, `m0`.`Ad`, `m0`.`Kod`, `m0`.`ParentId`
FROM `Malzemeler` AS `m`
INNER JOIN `MalzemeGruplari` AS `m0` ON `m`.`MalzemeGrubuId` = `m0`.`Id`
WHERE `m`.`IsActive`
2026-08-28 16:47:23.656 +03:00 [INF] CORS policy execution successful.
2026-08-28 16:47:23.659 +03:00 [INF] Request finished HTTP/1.1 GET http://localhost:5078/api/hareketler/stok-durum?pageSize=5000 - 200 null application/json; charset=utf-8 192.6394ms
2026-08-28 16:47:23.663 +03:00 [INF] Request starting HTTP/1.1 GET http://localhost:5078/api/depolar - null null
2026-08-28 16:47:23.667 +03:00 [INF] Request starting HTTP/1.1 GET http://localhost:5078/api/malzemeler/gruplar - null null
2026-08-28 16:47:23.670 +03:00 [INF] Request finished HTTP/1.1 GET http://localhost:5078/api/malzemeler?pageSize=200 - 200 null application/json; charset=utf-8 145.6782ms
2026-08-28 16:47:23.674 +03:00 [INF] Executing endpoint 'DepoStok.API.Controllers.HareketlerController.GetHareketler (DepoStok.API)'
2026-08-28 16:47:23.675 +03:00 [INF] Executed DbCommand (1ms) [Parameters=[], CommandType='"Text"', CommandTimeout='30']
SELECT `d`.`Id`, `d`.`Ad`, `d`.`Bolge`, `d`.`IsActive`, `d`.`Kod`, `d`.`Sorumlu`
FROM `Depolar` AS `d`
WHERE `d`.`IsActive`
2026-08-28 16:47:23.679 +03:00 [INF] Request starting HTTP/1.1 GET http://localhost:5078/api/hareketler/stok-durum?page=1&pageSize=10 - null null
2026-08-28 16:47:23.682 +03:00 [INF] CORS policy execution successful.
2026-08-28 16:47:23.686 +03:00 [INF] CORS policy execution successful.
2026-08-28 16:47:23.690 +03:00 [INF] Request starting HTTP/1.1 GET http://localhost:5078/api/hareketler/stok-durum?pageSize=5000 - null null
2026-08-28 16:47:23.691 +03:00 [INF] Route matched with {action = "GetHareketler", controller = "Hareketler"}. Executing controller action with signature System.Threading.Tasks.Task`1[Microsoft.AspNetCore.Mvc.ActionResult`1[DepoStok.Application.PagedResult`1[DepoStok.Application.HareketBaslikDto]]] GetHareketler(System.Nullable`1[DepoStok.Domain.HareketTipiEnum], System.Nullable`1[System.Int32], System.Nullable`1[System.Int32], System.Nullable`1[System.DateTime], System.Nullable`1[System.DateTime], Int32, Int32) on controller DepoStok.API.Controllers.HareketlerController (DepoStok.API).
2026-08-28 16:47:23.697 +03:00 [INF] Executed DbCommand (2ms) [Parameters=[], CommandType='"Text"', CommandTimeout='30']
SELECT `h`.`MalzemeId`, `h0`.`HedefDepoId` AS `DepoId`, COALESCE(SUM(`h`.`Miktar`), 0.0) AS `Toplam`
FROM `HareketKalemleri` AS `h`
INNER JOIN `HareketBasliklari` AS `h0` ON `h`.`HareketBaslikId` = `h0`.`Id`
WHERE NOT (`h0`.`IsIptal`) AND (`h0`.`HedefDepoId` IS NOT NULL)
GROUP BY `h`.`MalzemeId`, `h0`.`HedefDepoId`
2026-08-28 16:47:23.697 +03:00 [INF] CORS policy execution successful.
2026-08-28 16:47:23.699 +03:00 [INF] Executing endpoint 'DepoStok.API.Controllers.DepolarController.GetDepolar (DepoStok.API)'
2026-08-28 16:47:23.701 +03:00 [INF] Executing endpoint 'DepoStok.API.Controllers.MalzemelerController.GetGruplar (DepoStok.API)'
2026-08-28 16:47:23.704 +03:00 [INF] CORS policy execution successful.
2026-08-28 16:47:23.711 +03:00 [INF] Executing endpoint 'DepoStok.API.Controllers.HareketlerController.GetStokDurum (DepoStok.API)'
2026-08-28 16:47:23.712 +03:00 [INF] Route matched with {action = "GetDepolar", controller = "Depolar"}. Executing controller action with signature System.Threading.Tasks.Task`1[Microsoft.AspNetCore.Mvc.ActionResult`1[System.Collections.Generic.IEnumerable`1[DepoStok.Application.DepoDto]]] GetDepolar() on controller DepoStok.API.Controllers.DepolarController (DepoStok.API).
2026-08-28 16:47:23.712 +03:00 [INF] Executed DbCommand (2ms) [Parameters=[], CommandType='"Text"', CommandTimeout='30']
SELECT `h`.`MalzemeId`, `h0`.`KaynakDepoId` AS `DepoId`, COALESCE(SUM(`h`.`Miktar`), 0.0) AS `Toplam`
FROM `HareketKalemleri` AS `h`
INNER JOIN `HareketBasliklari` AS `h0` ON `h`.`HareketBaslikId` = `h0`.`Id`
WHERE NOT (`h0`.`IsIptal`) AND (`h0`.`KaynakDepoId` IS NOT NULL)
GROUP BY `h`.`MalzemeId`, `h0`.`KaynakDepoId`
2026-08-28 16:47:23.713 +03:00 [INF] Route matched with {action = "GetGruplar", controller = "Malzemeler"}. Executing controller action with signature System.Threading.Tasks.Task`1[Microsoft.AspNetCore.Mvc.ActionResult`1[System.Collections.Generic.IEnumerable`1[DepoStok.Application.MalzemeGrubuDto]]] GetGruplar() on controller DepoStok.API.Controllers.MalzemelerController (DepoStok.API).
2026-08-28 16:47:23.715 +03:00 [INF] Executing endpoint 'DepoStok.API.Controllers.HareketlerController.GetStokDurum (DepoStok.API)'
2026-08-28 16:47:23.716 +03:00 [INF] Route matched with {action = "GetStokDurum", controller = "Hareketler"}. Executing controller action with signature System.Threading.Tasks.Task`1[Microsoft.AspNetCore.Mvc.ActionResult`1[DepoStok.Application.PagedResult`1[DepoStok.Application.StokDurumDto]]] GetStokDurum(System.Nullable`1[System.Int32], System.Nullable`1[System.Int32], System.String, System.Nullable`1[System.Boolean], Int32, Int32) on controller DepoStok.API.Controllers.HareketlerController (DepoStok.API).
2026-08-28 16:47:23.721 +03:00 [INF] Executed DbCommand (1ms) [Parameters=[], CommandType='"Text"', CommandTimeout='30']
SELECT COUNT(*)
FROM `HareketBasliklari` AS `h`
2026-08-28 16:47:23.722 +03:00 [INF] Executing OkObjectResult, writing value of type 'DepoStok.Application.PagedResult`1[[DepoStok.Application.StokDurumDto, DepoStok.Application, Version=1.0.0.0, Culture=neutral, PublicKeyToken=null]]'.
2026-08-28 16:47:23.725 +03:00 [INF] Route matched with {action = "GetStokDurum", controller = "Hareketler"}. Executing controller action with signature System.Threading.Tasks.Task`1[Microsoft.AspNetCore.Mvc.ActionResult`1[DepoStok.Application.PagedResult`1[DepoStok.Application.StokDurumDto]]] GetStokDurum(System.Nullable`1[System.Int32], System.Nullable`1[System.Int32], System.String, System.Nullable`1[System.Boolean], Int32, Int32) on controller DepoStok.API.Controllers.HareketlerController (DepoStok.API).
2026-08-28 16:47:23.732 +03:00 [INF] Executed action DepoStok.API.Controllers.HareketlerController.GetStokDurum (DepoStok.API) in 92.143ms
2026-08-28 16:47:23.732 +03:00 [INF] Executed DbCommand (1ms) [Parameters=[], CommandType='"Text"', CommandTimeout='30']
SELECT `d`.`Id`, `d`.`Ad`, `d`.`Bolge`, `d`.`IsActive`, `d`.`Kod`, `d`.`Sorumlu`
FROM `Depolar` AS `d`
ORDER BY `d`.`Kod`
2026-08-28 16:47:23.734 +03:00 [INF] Executed DbCommand (3ms) [Parameters=[@__p_1='?' (DbType = Int32), @__p_0='?' (DbType = Int32)], CommandType='"Text"', CommandTimeout='30']
SELECT `h0`.`Id`, `h0`.`Aciklama`, `h0`.`CreatedAt`, `h0`.`FisNo`, `h0`.`HareketTipi`, `h0`.`HedefDepoId`, `h0`.`IptalNedeni`, `h0`.`IptalTarihi`, `h0`.`IsIptal`, `h0`.`KaynakDepoId`, `h0`.`OlusturanKullaniciId`, `h0`.`Tarih`, `d`.`Id`, `d`.`Ad`, `d`.`Bolge`, `d`.`IsActive`, `d`.`Kod`, `d`.`Sorumlu`, `d0`.`Id`, `d0`.`Ad`, `d0`.`Bolge`, `d0`.`IsActive`, `d0`.`Kod`, `d0`.`Sorumlu`, `u`.`Id`, `u`.`AdSoyad`, `u`.`CreatedAt`, `u`.`Email`, `u`.`IsActive`, `u`.`KullaniciAdi`, `u`.`ParolaHash`, `u`.`RoleId`, `s`.`Id`, `s`.`BirimFiyat`, `s`.`HareketBaslikId`, `s`.`Huycre`, `s`.`MalzemeDurumu`, `s`.`MalzemeId`, `s`.`Miktar`, `s`.`Raf`, `s`.`SatirAciklamasi`, `s`.`Id0`, `s`.`Aciklama`, `s`.`Ad`, `s`.`Birim`, `s`.`IsActive`, `s`.`Kod`, `s`.`KritikStokSeviyesi`, `s`.`MalzemeGrubuId`, `s`.`MarkaModel`, `s`.`MaxStokSeviyesi`, `s`.`TeknikOzellik`
FROM (
    SELECT `h`.`Id`, `h`.`Aciklama`, `h`.`CreatedAt`, `h`.`FisNo`, `h`.`HareketTipi`, `h`.`HedefDepoId`, `h`.`IptalNedeni`, `h`.`IptalTarihi`, `h`.`IsIptal`, `h`.`KaynakDepoId`, `h`.`OlusturanKullaniciId`, `h`.`Tarih`
    FROM `HareketBasliklari` AS `h`
    ORDER BY `h`.`Tarih` DESC, `h`.`Id` DESC
    LIMIT @__p_1 OFFSET @__p_0
) AS `h0`
LEFT JOIN `Depolar` AS `d` ON `h0`.`KaynakDepoId` = `d`.`Id`
LEFT JOIN `Depolar` AS `d0` ON `h0`.`HedefDepoId` = `d0`.`Id`
INNER JOIN `Users` AS `u` ON `h0`.`OlusturanKullaniciId` = `u`.`Id`
LEFT JOIN (
    SELECT `h1`.`Id`, `h1`.`BirimFiyat`, `h1`.`HareketBaslikId`, `h1`.`Huycre`, `h1`.`MalzemeDurumu`, `h1`.`MalzemeId`, `h1`.`Miktar`, `h1`.`Raf`, `h1`.`SatirAciklamasi`, `m`.`Id` AS `Id0`, `m`.`Aciklama`, `m`.`Ad`, `m`.`Birim`, `m`.`IsActive`, `m`.`Kod`, `m`.`KritikStokSeviyesi`, `m`.`MalzemeGrubuId`, `m`.`MarkaModel`, `m`.`MaxStokSeviyesi`, `m`.`TeknikOzellik`
    FROM `HareketKalemleri` AS `h1`
    INNER JOIN `Malzemeler` AS `m` ON `h1`.`MalzemeId` = `m`.`Id`
) AS `s` ON `h0`.`Id` = `s`.`HareketBaslikId`
ORDER BY `h0`.`Tarih` DESC, `h0`.`Id` DESC, `d`.`Id`, `d0`.`Id`, `u`.`Id`, `s`.`Id`
2026-08-28 16:47:23.737 +03:00 [INF] Executed DbCommand (1ms) [Parameters=[], CommandType='"Text"', CommandTimeout='30']
SELECT `m`.`Id`, `m`.`Ad`, `m`.`Kod`, `m`.`ParentId`, `m0`.`Id`, `m0`.`Ad`, `m0`.`Kod`, `m0`.`ParentId`
FROM `MalzemeGruplari` AS `m`
LEFT JOIN `MalzemeGruplari` AS `m0` ON `m`.`ParentId` = `m0`.`Id`
ORDER BY `m`.`Kod`
2026-08-28 16:47:23.737 +03:00 [INF] Executed endpoint 'DepoStok.API.Controllers.HareketlerController.GetStokDurum (DepoStok.API)'
2026-08-28 16:47:23.740 +03:00 [INF] Executed DbCommand (1ms) [Parameters=[], CommandType='"Text"', CommandTimeout='30']
SELECT `m`.`Id`, `m`.`Aciklama`, `m`.`Ad`, `m`.`Birim`, `m`.`IsActive`, `m`.`Kod`, `m`.`KritikStokSeviyesi`, `m`.`MalzemeGrubuId`, `m`.`MarkaModel`, `m`.`MaxStokSeviyesi`, `m`.`TeknikOzellik`, `m0`.`Id`, `m0`.`Ad`, `m0`.`Kod`, `m0`.`ParentId`
FROM `Malzemeler` AS `m`
INNER JOIN `MalzemeGruplari` AS `m0` ON `m`.`MalzemeGrubuId` = `m0`.`Id`
WHERE `m`.`IsActive`
2026-08-28 16:47:23.741 +03:00 [INF] Executing OkObjectResult, writing value of type 'System.Linq.Enumerable+SelectListIterator`2[[DepoStok.Domain.Depo, DepoStok.Domain, Version=1.0.0.0, Culture=neutral, PublicKeyToken=null],[DepoStok.Application.DepoDto, DepoStok.Application, Version=1.0.0.0, Culture=neutral, PublicKeyToken=null]]'.
2026-08-28 16:47:23.745 +03:00 [INF] Executing OkObjectResult, writing value of type 'DepoStok.Application.PagedResult`1[[DepoStok.Application.HareketBaslikDto, DepoStok.Application, Version=1.0.0.0, Culture=neutral, PublicKeyToken=null]]'.
2026-08-28 16:47:23.746 +03:00 [INF] Executing OkObjectResult, writing value of type 'System.Linq.Enumerable+SelectListIterator`2[[DepoStok.Domain.MalzemeGrubu, DepoStok.Domain, Version=1.0.0.0, Culture=neutral, PublicKeyToken=null],[DepoStok.Application.MalzemeGrubuDto, DepoStok.Application, Version=1.0.0.0, Culture=neutral, PublicKeyToken=null]]'.
2026-08-28 16:47:23.748 +03:00 [INF] HTTP GET /api/hareketler/stok-durum responded 200 in 143.0325 ms
2026-08-28 16:47:23.749 +03:00 [INF] Executed DbCommand (1ms) [Parameters=[], CommandType='"Text"', CommandTimeout='30']
SELECT `m`.`Id`, `m`.`Aciklama`, `m`.`Ad`, `m`.`Birim`, `m`.`IsActive`, `m`.`Kod`, `m`.`KritikStokSeviyesi`, `m`.`MalzemeGrubuId`, `m`.`MarkaModel`, `m`.`MaxStokSeviyesi`, `m`.`TeknikOzellik`, `m0`.`Id`, `m0`.`Ad`, `m0`.`Kod`, `m0`.`ParentId`
FROM `Malzemeler` AS `m`
INNER JOIN `MalzemeGruplari` AS `m0` ON `m`.`MalzemeGrubuId` = `m0`.`Id`
WHERE `m`.`IsActive`
2026-08-28 16:47:23.752 +03:00 [INF] Executed action DepoStok.API.Controllers.DepolarController.GetDepolar (DepoStok.API) in 33.6579ms
2026-08-28 16:47:23.754 +03:00 [INF] Executed DbCommand (1ms) [Parameters=[], CommandType='"Text"', CommandTimeout='30']
SELECT `d`.`Id`, `d`.`Ad`, `d`.`Bolge`, `d`.`IsActive`, `d`.`Kod`, `d`.`Sorumlu`
FROM `Depolar` AS `d`
WHERE `d`.`IsActive`
2026-08-28 16:47:23.754 +03:00 [INF] Executed action DepoStok.API.Controllers.HareketlerController.GetHareketler (DepoStok.API) in 47.9084ms
2026-08-28 16:47:23.755 +03:00 [INF] Executed action DepoStok.API.Controllers.MalzemelerController.GetGruplar (DepoStok.API) in 32.0835ms
2026-08-28 16:47:23.757 +03:00 [INF] Request finished HTTP/1.1 GET http://localhost:5078/api/hareketler/stok-durum?kritik=true&pageSize=1 - 200 null application/json; charset=utf-8 172.4651ms
2026-08-28 16:47:23.763 +03:00 [INF] Executed endpoint 'DepoStok.API.Controllers.DepolarController.GetDepolar (DepoStok.API)'
2026-08-28 16:47:23.768 +03:00 [INF] Executed endpoint 'DepoStok.API.Controllers.HareketlerController.GetHareketler (DepoStok.API)'
2026-08-28 16:47:23.768 +03:00 [INF] Executed DbCommand (1ms) [Parameters=[], CommandType='"Text"', CommandTimeout='30']
SELECT `d`.`Id`, `d`.`Ad`, `d`.`Bolge`, `d`.`IsActive`, `d`.`Kod`, `d`.`Sorumlu`
FROM `Depolar` AS `d`
WHERE `d`.`IsActive`
2026-08-28 16:47:23.769 +03:00 [INF] Executed endpoint 'DepoStok.API.Controllers.MalzemelerController.GetGruplar (DepoStok.API)'
2026-08-28 16:47:23.770 +03:00 [INF] Executed DbCommand (2ms) [Parameters=[], CommandType='"Text"', CommandTimeout='30']
SELECT `h`.`MalzemeId`, `h0`.`HedefDepoId` AS `DepoId`, COALESCE(SUM(`h`.`Miktar`), 0.0) AS `Toplam`
FROM `HareketKalemleri` AS `h`
INNER JOIN `HareketBasliklari` AS `h0` ON `h`.`HareketBaslikId` = `h0`.`Id`
WHERE NOT (`h0`.`IsIptal`) AND (`h0`.`HedefDepoId` IS NOT NULL)
GROUP BY `h`.`MalzemeId`, `h0`.`HedefDepoId`
2026-08-28 16:47:23.773 +03:00 [INF] Request starting HTTP/1.1 GET http://localhost:5078/api/malzemeler?pageSize=200 - null null
2026-08-28 16:47:23.775 +03:00 [INF] HTTP GET /api/depolar responded 200 in 92.5472 ms
2026-08-28 16:47:23.776 +03:00 [INF] HTTP GET /api/hareketler responded 200 in 119.5061 ms
2026-08-28 16:47:23.781 +03:00 [INF] HTTP GET /api/malzemeler/gruplar responded 200 in 94.6488 ms
2026-08-28 16:47:23.783 +03:00 [INF] Executed DbCommand (2ms) [Parameters=[], CommandType='"Text"', CommandTimeout='30']
SELECT `h`.`MalzemeId`, `h0`.`HedefDepoId` AS `DepoId`, COALESCE(SUM(`h`.`Miktar`), 0.0) AS `Toplam`
FROM `HareketKalemleri` AS `h`
INNER JOIN `HareketBasliklari` AS `h0` ON `h`.`HareketBaslikId` = `h0`.`Id`
WHERE NOT (`h0`.`IsIptal`) AND (`h0`.`HedefDepoId` IS NOT NULL)
GROUP BY `h`.`MalzemeId`, `h0`.`HedefDepoId`
2026-08-28 16:47:23.788 +03:00 [INF] CORS policy execution successful.
2026-08-28 16:47:23.788 +03:00 [INF] Executed DbCommand (2ms) [Parameters=[], CommandType='"Text"', CommandTimeout='30']
SELECT `h`.`MalzemeId`, `h0`.`KaynakDepoId` AS `DepoId`, COALESCE(SUM(`h`.`Miktar`), 0.0) AS `Toplam`
FROM `HareketKalemleri` AS `h`
INNER JOIN `HareketBasliklari` AS `h0` ON `h`.`HareketBaslikId` = `h0`.`Id`
WHERE NOT (`h0`.`IsIptal`) AND (`h0`.`KaynakDepoId` IS NOT NULL)
GROUP BY `h`.`MalzemeId`, `h0`.`KaynakDepoId`
2026-08-28 16:47:23.790 +03:00 [INF] Request finished HTTP/1.1 GET http://localhost:5078/api/depolar - 200 null application/json; charset=utf-8 127.1398ms
2026-08-28 16:47:23.792 +03:00 [INF] Request finished HTTP/1.1 GET http://localhost:5078/api/hareketler?pageSize=5 - 200 null application/json; charset=utf-8 147.9628ms
2026-08-28 16:47:23.795 +03:00 [INF] Request finished HTTP/1.1 GET http://localhost:5078/api/malzemeler/gruplar - 200 null application/json; charset=utf-8 127.5698ms
2026-08-28 16:47:23.800 +03:00 [INF] Executing endpoint 'DepoStok.API.Controllers.MalzemelerController.GetMalzemeler (DepoStok.API)'
2026-08-28 16:47:23.801 +03:00 [INF] Executed DbCommand (2ms) [Parameters=[], CommandType='"Text"', CommandTimeout='30']
SELECT `h`.`MalzemeId`, `h0`.`KaynakDepoId` AS `DepoId`, COALESCE(SUM(`h`.`Miktar`), 0.0) AS `Toplam`
FROM `HareketKalemleri` AS `h`
INNER JOIN `HareketBasliklari` AS `h0` ON `h`.`HareketBaslikId` = `h0`.`Id`
WHERE NOT (`h0`.`IsIptal`) AND (`h0`.`KaynakDepoId` IS NOT NULL)
GROUP BY `h`.`MalzemeId`, `h0`.`KaynakDepoId`
2026-08-28 16:47:23.803 +03:00 [INF] Executing OkObjectResult, writing value of type 'DepoStok.Application.PagedResult`1[[DepoStok.Application.StokDurumDto, DepoStok.Application, Version=1.0.0.0, Culture=neutral, PublicKeyToken=null]]'.
2026-08-28 16:47:23.806 +03:00 [INF] Request starting HTTP/1.1 GET http://localhost:5078/api/hareketler/stok-durum?kritik=true&pageSize=1 - null null
2026-08-28 16:47:23.811 +03:00 [INF] Request starting HTTP/1.1 GET http://localhost:5078/api/hareketler?pageSize=5 - null null
2026-08-28 16:47:23.817 +03:00 [INF] Route matched with {action = "GetMalzemeler", controller = "Malzemeler"}. Executing controller action with signature System.Threading.Tasks.Task`1[Microsoft.AspNetCore.Mvc.ActionResult`1[DepoStok.Application.PagedResult`1[DepoStok.Application.MalzemeDto]]] GetMalzemeler(System.Nullable`1[System.Int32], System.String, Int32, Int32) on controller DepoStok.API.Controllers.MalzemelerController (DepoStok.API).
2026-08-28 16:47:23.820 +03:00 [INF] Executing OkObjectResult, writing value of type 'DepoStok.Application.PagedResult`1[[DepoStok.Application.StokDurumDto, DepoStok.Application, Version=1.0.0.0, Culture=neutral, PublicKeyToken=null]]'.
2026-08-28 16:47:23.821 +03:00 [INF] Executed action DepoStok.API.Controllers.HareketlerController.GetStokDurum (DepoStok.API) in 94.5668ms
2026-08-28 16:47:23.825 +03:00 [INF] CORS policy execution successful.
2026-08-28 16:47:23.828 +03:00 [INF] CORS policy execution successful.
2026-08-28 16:47:23.833 +03:00 [INF] Executed action DepoStok.API.Controllers.HareketlerController.GetStokDurum (DepoStok.API) in 97.7762ms
2026-08-28 16:47:23.834 +03:00 [INF] Executed endpoint 'DepoStok.API.Controllers.HareketlerController.GetStokDurum (DepoStok.API)'
2026-08-28 16:47:23.836 +03:00 [INF] Executing endpoint 'DepoStok.API.Controllers.HareketlerController.GetStokDurum (DepoStok.API)'
2026-08-28 16:47:23.836 +03:00 [INF] Executing endpoint 'DepoStok.API.Controllers.HareketlerController.GetHareketler (DepoStok.API)'
2026-08-28 16:47:23.838 +03:00 [INF] Executed endpoint 'DepoStok.API.Controllers.HareketlerController.GetStokDurum (DepoStok.API)'
2026-08-28 16:47:23.839 +03:00 [INF] HTTP GET /api/hareketler/stok-durum responded 200 in 142.2986 ms
2026-08-28 16:47:23.841 +03:00 [INF] Route matched with {action = "GetStokDurum", controller = "Hareketler"}. Executing controller action with signature System.Threading.Tasks.Task`1[Microsoft.AspNetCore.Mvc.ActionResult`1[DepoStok.Application.PagedResult`1[DepoStok.Application.StokDurumDto]]] GetStokDurum(System.Nullable`1[System.Int32], System.Nullable`1[System.Int32], System.String, System.Nullable`1[System.Boolean], Int32, Int32) on controller DepoStok.API.Controllers.HareketlerController (DepoStok.API).
2026-08-28 16:47:23.843 +03:00 [INF] Route matched with {action = "GetHareketler", controller = "Hareketler"}. Executing controller action with signature System.Threading.Tasks.Task`1[Microsoft.AspNetCore.Mvc.ActionResult`1[DepoStok.Application.PagedResult`1[DepoStok.Application.HareketBaslikDto]]] GetHareketler(System.Nullable`1[DepoStok.Domain.HareketTipiEnum], System.Nullable`1[System.Int32], System.Nullable`1[System.Int32], System.Nullable`1[System.DateTime], System.Nullable`1[System.DateTime], Int32, Int32) on controller DepoStok.API.Controllers.HareketlerController (DepoStok.API).
2026-08-28 16:47:23.845 +03:00 [INF] HTTP GET /api/hareketler/stok-durum responded 200 in 140.8918 ms
2026-08-28 16:47:23.846 +03:00 [INF] Executed DbCommand (1ms) [Parameters=[], CommandType='"Text"', CommandTimeout='30']
SELECT COUNT(*)
FROM `Malzemeler` AS `m`
2026-08-28 16:47:23.847 +03:00 [INF] Request finished HTTP/1.1 GET http://localhost:5078/api/hareketler/stok-durum?page=1&pageSize=10 - 200 null application/json; charset=utf-8 167.8518ms
2026-08-28 16:47:23.855 +03:00 [INF] Request finished HTTP/1.1 GET http://localhost:5078/api/hareketler/stok-durum?pageSize=5000 - 200 null application/json; charset=utf-8 165.1892ms
2026-08-28 16:47:23.861 +03:00 [INF] Executed DbCommand (2ms) [Parameters=[@__p_1='?' (DbType = Int32), @__p_0='?' (DbType = Int32)], CommandType='"Text"', CommandTimeout='30']
SELECT `m1`.`Id`, `m1`.`Aciklama`, `m1`.`Ad`, `m1`.`Birim`, `m1`.`IsActive`, `m1`.`Kod`, `m1`.`KritikStokSeviyesi`, `m1`.`MalzemeGrubuId`, `m1`.`MarkaModel`, `m1`.`MaxStokSeviyesi`, `m1`.`TeknikOzellik`, `m0`.`Id`, `m0`.`Ad`, `m0`.`Kod`, `m0`.`ParentId`
FROM (
    SELECT `m`.`Id`, `m`.`Aciklama`, `m`.`Ad`, `m`.`Birim`, `m`.`IsActive`, `m`.`Kod`, `m`.`KritikStokSeviyesi`, `m`.`MalzemeGrubuId`, `m`.`MarkaModel`, `m`.`MaxStokSeviyesi`, `m`.`TeknikOzellik`
    FROM `Malzemeler` AS `m`
    ORDER BY `m`.`Kod`
    LIMIT @__p_1 OFFSET @__p_0
) AS `m1`
INNER JOIN `MalzemeGruplari` AS `m0` ON `m1`.`MalzemeGrubuId` = `m0`.`Id`
ORDER BY `m1`.`Kod`
2026-08-28 16:47:23.863 +03:00 [INF] Executed DbCommand (1ms) [Parameters=[], CommandType='"Text"', CommandTimeout='30']
SELECT `m`.`Id`, `m`.`Aciklama`, `m`.`Ad`, `m`.`Birim`, `m`.`IsActive`, `m`.`Kod`, `m`.`KritikStokSeviyesi`, `m`.`MalzemeGrubuId`, `m`.`MarkaModel`, `m`.`MaxStokSeviyesi`, `m`.`TeknikOzellik`, `m0`.`Id`, `m0`.`Ad`, `m0`.`Kod`, `m0`.`ParentId`
FROM `Malzemeler` AS `m`
INNER JOIN `MalzemeGruplari` AS `m0` ON `m`.`MalzemeGrubuId` = `m0`.`Id`
WHERE `m`.`IsActive`
2026-08-28 16:47:23.865 +03:00 [INF] Executed DbCommand (0ms) [Parameters=[], CommandType='"Text"', CommandTimeout='30']
SELECT COUNT(*)
FROM `HareketBasliklari` AS `h`
2026-08-28 16:47:23.871 +03:00 [INF] Executing OkObjectResult, writing value of type 'DepoStok.Application.PagedResult`1[[DepoStok.Application.MalzemeDto, DepoStok.Application, Version=1.0.0.0, Culture=neutral, PublicKeyToken=null]]'.
2026-08-28 16:47:23.874 +03:00 [INF] Executed DbCommand (1ms) [Parameters=[], CommandType='"Text"', CommandTimeout='30']
SELECT `d`.`Id`, `d`.`Ad`, `d`.`Bolge`, `d`.`IsActive`, `d`.`Kod`, `d`.`Sorumlu`
FROM `Depolar` AS `d`
WHERE `d`.`IsActive`
2026-08-28 16:47:23.878 +03:00 [INF] Executed action DepoStok.API.Controllers.MalzemelerController.GetMalzemeler (DepoStok.API) in 47.2361ms
2026-08-28 16:47:23.878 +03:00 [INF] Executed DbCommand (2ms) [Parameters=[@__p_1='?' (DbType = Int32), @__p_0='?' (DbType = Int32)], CommandType='"Text"', CommandTimeout='30']
SELECT `h0`.`Id`, `h0`.`Aciklama`, `h0`.`CreatedAt`, `h0`.`FisNo`, `h0`.`HareketTipi`, `h0`.`HedefDepoId`, `h0`.`IptalNedeni`, `h0`.`IptalTarihi`, `h0`.`IsIptal`, `h0`.`KaynakDepoId`, `h0`.`OlusturanKullaniciId`, `h0`.`Tarih`, `d`.`Id`, `d`.`Ad`, `d`.`Bolge`, `d`.`IsActive`, `d`.`Kod`, `d`.`Sorumlu`, `d0`.`Id`, `d0`.`Ad`, `d0`.`Bolge`, `d0`.`IsActive`, `d0`.`Kod`, `d0`.`Sorumlu`, `u`.`Id`, `u`.`AdSoyad`, `u`.`CreatedAt`, `u`.`Email`, `u`.`IsActive`, `u`.`KullaniciAdi`, `u`.`ParolaHash`, `u`.`RoleId`, `s`.`Id`, `s`.`BirimFiyat`, `s`.`HareketBaslikId`, `s`.`Huycre`, `s`.`MalzemeDurumu`, `s`.`MalzemeId`, `s`.`Miktar`, `s`.`Raf`, `s`.`SatirAciklamasi`, `s`.`Id0`, `s`.`Aciklama`, `s`.`Ad`, `s`.`Birim`, `s`.`IsActive`, `s`.`Kod`, `s`.`KritikStokSeviyesi`, `s`.`MalzemeGrubuId`, `s`.`MarkaModel`, `s`.`MaxStokSeviyesi`, `s`.`TeknikOzellik`
FROM (
    SELECT `h`.`Id`, `h`.`Aciklama`, `h`.`CreatedAt`, `h`.`FisNo`, `h`.`HareketTipi`, `h`.`HedefDepoId`, `h`.`IptalNedeni`, `h`.`IptalTarihi`, `h`.`IsIptal`, `h`.`KaynakDepoId`, `h`.`OlusturanKullaniciId`, `h`.`Tarih`
    FROM `HareketBasliklari` AS `h`
    ORDER BY `h`.`Tarih` DESC, `h`.`Id` DESC
    LIMIT @__p_1 OFFSET @__p_0
) AS `h0`
LEFT JOIN `Depolar` AS `d` ON `h0`.`KaynakDepoId` = `d`.`Id`
LEFT JOIN `Depolar` AS `d0` ON `h0`.`HedefDepoId` = `d0`.`Id`
INNER JOIN `Users` AS `u` ON `h0`.`OlusturanKullaniciId` = `u`.`Id`
LEFT JOIN (
    SELECT `h1`.`Id`, `h1`.`BirimFiyat`, `h1`.`HareketBaslikId`, `h1`.`Huycre`, `h1`.`MalzemeDurumu`, `h1`.`MalzemeId`, `h1`.`Miktar`, `h1`.`Raf`, `h1`.`SatirAciklamasi`, `m`.`Id` AS `Id0`, `m`.`Aciklama`, `m`.`Ad`, `m`.`Birim`, `m`.`IsActive`, `m`.`Kod`, `m`.`KritikStokSeviyesi`, `m`.`MalzemeGrubuId`, `m`.`MarkaModel`, `m`.`MaxStokSeviyesi`, `m`.`TeknikOzellik`
    FROM `HareketKalemleri` AS `h1`
    INNER JOIN `Malzemeler` AS `m` ON `h1`.`MalzemeId` = `m`.`Id`
) AS `s` ON `h0`.`Id` = `s`.`HareketBaslikId`
ORDER BY `h0`.`Tarih` DESC, `h0`.`Id` DESC, `d`.`Id`, `d0`.`Id`, `u`.`Id`, `s`.`Id`
2026-08-28 16:47:23.881 +03:00 [INF] Executed endpoint 'DepoStok.API.Controllers.MalzemelerController.GetMalzemeler (DepoStok.API)'
2026-08-28 16:47:23.883 +03:00 [INF] Executed DbCommand (3ms) [Parameters=[], CommandType='"Text"', CommandTimeout='30']
SELECT `h`.`MalzemeId`, `h0`.`HedefDepoId` AS `DepoId`, COALESCE(SUM(`h`.`Miktar`), 0.0) AS `Toplam`
FROM `HareketKalemleri` AS `h`
INNER JOIN `HareketBasliklari` AS `h0` ON `h`.`HareketBaslikId` = `h0`.`Id`
WHERE NOT (`h0`.`IsIptal`) AND (`h0`.`HedefDepoId` IS NOT NULL)
GROUP BY `h`.`MalzemeId`, `h0`.`HedefDepoId`
2026-08-28 16:47:23.886 +03:00 [INF] Executing OkObjectResult, writing value of type 'DepoStok.Application.PagedResult`1[[DepoStok.Application.HareketBaslikDto, DepoStok.Application, Version=1.0.0.0, Culture=neutral, PublicKeyToken=null]]'.
2026-08-28 16:47:23.886 +03:00 [INF] HTTP GET /api/malzemeler responded 200 in 98.3438 ms
2026-08-28 16:47:23.891 +03:00 [INF] Executed action DepoStok.API.Controllers.HareketlerController.GetHareketler (DepoStok.API) in 38.2208ms
2026-08-28 16:47:23.892 +03:00 [INF] Executed DbCommand (2ms) [Parameters=[], CommandType='"Text"', CommandTimeout='30']
SELECT `h`.`MalzemeId`, `h0`.`KaynakDepoId` AS `DepoId`, COALESCE(SUM(`h`.`Miktar`), 0.0) AS `Toplam`
FROM `HareketKalemleri` AS `h`
INNER JOIN `HareketBasliklari` AS `h0` ON `h`.`HareketBaslikId` = `h0`.`Id`
WHERE NOT (`h0`.`IsIptal`) AND (`h0`.`KaynakDepoId` IS NOT NULL)
GROUP BY `h`.`MalzemeId`, `h0`.`KaynakDepoId`
2026-08-28 16:47:23.893 +03:00 [INF] Request finished HTTP/1.1 GET http://localhost:5078/api/malzemeler?pageSize=200 - 200 null application/json; charset=utf-8 119.7499ms
2026-08-28 16:47:23.895 +03:00 [INF] Executed endpoint 'DepoStok.API.Controllers.HareketlerController.GetHareketler (DepoStok.API)'
2026-08-28 16:47:23.899 +03:00 [INF] Executing OkObjectResult, writing value of type 'DepoStok.Application.PagedResult`1[[DepoStok.Application.StokDurumDto, DepoStok.Application, Version=1.0.0.0, Culture=neutral, PublicKeyToken=null]]'.
2026-08-28 16:47:23.903 +03:00 [INF] HTTP GET /api/hareketler responded 200 in 75.2196 ms
2026-08-28 16:47:23.905 +03:00 [INF] Executed action DepoStok.API.Controllers.HareketlerController.GetStokDurum (DepoStok.API) in 55.677ms
2026-08-28 16:47:23.908 +03:00 [INF] Request finished HTTP/1.1 GET http://localhost:5078/api/hareketler?pageSize=5 - 200 null application/json; charset=utf-8 96.7494ms
2026-08-28 16:47:23.910 +03:00 [INF] Executed endpoint 'DepoStok.API.Controllers.HareketlerController.GetStokDurum (DepoStok.API)'
2026-08-28 16:47:23.916 +03:00 [INF] HTTP GET /api/hareketler/stok-durum responded 200 in 90.9358 ms
2026-08-28 16:47:23.919 +03:00 [INF] Request finished HTTP/1.1 GET http://localhost:5078/api/hareketler/stok-durum?kritik=true&pageSize=1 - 200 null application/json; charset=utf-8 112.9325ms
2026-08-28 16:47:28.040 +03:00 [INF] Request starting HTTP/1.1 OPTIONS http://localhost:5078/api/hareketler/stok-durum?pageSize=500 - null null
2026-08-28 16:47:28.041 +03:00 [INF] Request starting HTTP/1.1 OPTIONS http://localhost:5078/api/hareketler?tip=1&pageSize=500 - null null
2026-08-28 16:47:28.043 +03:00 [INF] Request starting HTTP/1.1 OPTIONS http://localhost:5078/api/hareketler/stok-durum?kritik=true&pageSize=5 - null null
2026-08-28 16:47:28.043 +03:00 [INF] Request starting HTTP/1.1 OPTIONS http://localhost:5078/api/hareketler?tip=1&pageSize=500 - null null
2026-08-28 16:47:28.043 +03:00 [INF] Request starting HTTP/1.1 OPTIONS http://localhost:5078/api/hareketler/stok-durum?pageSize=500 - null null
2026-08-28 16:47:28.046 +03:00 [INF] CORS policy execution successful.
2026-08-28 16:47:28.053 +03:00 [INF] CORS policy execution successful.
2026-08-28 16:47:28.056 +03:00 [INF] CORS policy execution successful.
2026-08-28 16:47:28.060 +03:00 [INF] CORS policy execution successful.
2026-08-28 16:47:28.062 +03:00 [INF] CORS policy execution successful.
2026-08-28 16:47:28.063 +03:00 [INF] HTTP OPTIONS /api/hareketler/stok-durum responded 204 in 17.4406 ms
2026-08-28 16:47:28.064 +03:00 [INF] HTTP OPTIONS /api/hareketler responded 204 in 10.6206 ms
2026-08-28 16:47:28.065 +03:00 [INF] HTTP OPTIONS /api/hareketler/stok-durum responded 204 in 8.6854 ms
2026-08-28 16:47:28.066 +03:00 [INF] HTTP OPTIONS /api/hareketler responded 204 in 5.8378 ms
2026-08-28 16:47:28.067 +03:00 [INF] HTTP OPTIONS /api/hareketler/stok-durum responded 204 in 4.6625 ms
2026-08-28 16:47:28.069 +03:00 [INF] Request finished HTTP/1.1 OPTIONS http://localhost:5078/api/hareketler/stok-durum?pageSize=500 - 204 null null 29.3093ms
2026-08-28 16:47:28.071 +03:00 [INF] Request finished HTTP/1.1 OPTIONS http://localhost:5078/api/hareketler?tip=1&pageSize=500 - 204 null null 29.9959ms
2026-08-28 16:47:28.073 +03:00 [INF] Request finished HTTP/1.1 OPTIONS http://localhost:5078/api/hareketler/stok-durum?kritik=true&pageSize=5 - 204 null null 29.9066ms
2026-08-28 16:47:28.075 +03:00 [INF] Request finished HTTP/1.1 OPTIONS http://localhost:5078/api/hareketler?tip=1&pageSize=500 - 204 null null 32.2142ms
2026-08-28 16:47:28.078 +03:00 [INF] Request finished HTTP/1.1 OPTIONS http://localhost:5078/api/hareketler/stok-durum?pageSize=500 - 204 null null 35.0664ms
2026-08-28 16:47:28.094 +03:00 [INF] Request starting HTTP/1.1 GET http://localhost:5078/api/hareketler/stok-durum?pageSize=500 - null null
2026-08-28 16:47:28.098 +03:00 [INF] Request starting HTTP/1.1 GET http://localhost:5078/api/hareketler?tip=1&pageSize=500 - null null
2026-08-28 16:47:28.102 +03:00 [INF] Request starting HTTP/1.1 GET http://localhost:5078/api/hareketler/stok-durum?kritik=true&pageSize=5 - null null
2026-08-28 16:47:28.104 +03:00 [INF] CORS policy execution successful.
2026-08-28 16:47:28.108 +03:00 [INF] CORS policy execution successful.
2026-08-28 16:47:28.111 +03:00 [INF] CORS policy execution successful.
2026-08-28 16:47:28.113 +03:00 [INF] Executing endpoint 'DepoStok.API.Controllers.HareketlerController.GetStokDurum (DepoStok.API)'
2026-08-28 16:47:28.114 +03:00 [INF] Executing endpoint 'DepoStok.API.Controllers.HareketlerController.GetHareketler (DepoStok.API)'
2026-08-28 16:47:28.114 +03:00 [INF] Executing endpoint 'DepoStok.API.Controllers.HareketlerController.GetStokDurum (DepoStok.API)'
2026-08-28 16:47:28.116 +03:00 [INF] Route matched with {action = "GetStokDurum", controller = "Hareketler"}. Executing controller action with signature System.Threading.Tasks.Task`1[Microsoft.AspNetCore.Mvc.ActionResult`1[DepoStok.Application.PagedResult`1[DepoStok.Application.StokDurumDto]]] GetStokDurum(System.Nullable`1[System.Int32], System.Nullable`1[System.Int32], System.String, System.Nullable`1[System.Boolean], Int32, Int32) on controller DepoStok.API.Controllers.HareketlerController (DepoStok.API).
2026-08-28 16:47:28.117 +03:00 [INF] Route matched with {action = "GetHareketler", controller = "Hareketler"}. Executing controller action with signature System.Threading.Tasks.Task`1[Microsoft.AspNetCore.Mvc.ActionResult`1[DepoStok.Application.PagedResult`1[DepoStok.Application.HareketBaslikDto]]] GetHareketler(System.Nullable`1[DepoStok.Domain.HareketTipiEnum], System.Nullable`1[System.Int32], System.Nullable`1[System.Int32], System.Nullable`1[System.DateTime], System.Nullable`1[System.DateTime], Int32, Int32) on controller DepoStok.API.Controllers.HareketlerController (DepoStok.API).
2026-08-28 16:47:28.118 +03:00 [INF] Route matched with {action = "GetStokDurum", controller = "Hareketler"}. Executing controller action with signature System.Threading.Tasks.Task`1[Microsoft.AspNetCore.Mvc.ActionResult`1[DepoStok.Application.PagedResult`1[DepoStok.Application.StokDurumDto]]] GetStokDurum(System.Nullable`1[System.Int32], System.Nullable`1[System.Int32], System.String, System.Nullable`1[System.Boolean], Int32, Int32) on controller DepoStok.API.Controllers.HareketlerController (DepoStok.API).
2026-08-28 16:47:28.135 +03:00 [INF] Executed DbCommand (1ms) [Parameters=[], CommandType='"Text"', CommandTimeout='30']
SELECT `m`.`Id`, `m`.`Aciklama`, `m`.`Ad`, `m`.`Birim`, `m`.`IsActive`, `m`.`Kod`, `m`.`KritikStokSeviyesi`, `m`.`MalzemeGrubuId`, `m`.`MarkaModel`, `m`.`MaxStokSeviyesi`, `m`.`TeknikOzellik`, `m0`.`Id`, `m0`.`Ad`, `m0`.`Kod`, `m0`.`ParentId`
FROM `Malzemeler` AS `m`
INNER JOIN `MalzemeGruplari` AS `m0` ON `m`.`MalzemeGrubuId` = `m0`.`Id`
WHERE `m`.`IsActive`
2026-08-28 16:47:28.137 +03:00 [INF] Executed DbCommand (1ms) [Parameters=[], CommandType='"Text"', CommandTimeout='30']
SELECT `m`.`Id`, `m`.`Aciklama`, `m`.`Ad`, `m`.`Birim`, `m`.`IsActive`, `m`.`Kod`, `m`.`KritikStokSeviyesi`, `m`.`MalzemeGrubuId`, `m`.`MarkaModel`, `m`.`MaxStokSeviyesi`, `m`.`TeknikOzellik`, `m0`.`Id`, `m0`.`Ad`, `m0`.`Kod`, `m0`.`ParentId`
FROM `Malzemeler` AS `m`
INNER JOIN `MalzemeGruplari` AS `m0` ON `m`.`MalzemeGrubuId` = `m0`.`Id`
WHERE `m`.`IsActive`
2026-08-28 16:47:28.140 +03:00 [INF] Executed DbCommand (0ms) [Parameters=[], CommandType='"Text"', CommandTimeout='30']
SELECT `d`.`Id`, `d`.`Ad`, `d`.`Bolge`, `d`.`IsActive`, `d`.`Kod`, `d`.`Sorumlu`
FROM `Depolar` AS `d`
WHERE `d`.`IsActive`
2026-08-28 16:47:28.142 +03:00 [INF] Executed DbCommand (1ms) [Parameters=[@__tip_Value_0='?' (DbType = Int32)], CommandType='"Text"', CommandTimeout='30']
SELECT COUNT(*)
FROM `HareketBasliklari` AS `h`
WHERE `h`.`HareketTipi` = @__tip_Value_0
2026-08-28 16:47:28.142 +03:00 [INF] Executed DbCommand (0ms) [Parameters=[], CommandType='"Text"', CommandTimeout='30']
SELECT `d`.`Id`, `d`.`Ad`, `d`.`Bolge`, `d`.`IsActive`, `d`.`Kod`, `d`.`Sorumlu`
FROM `Depolar` AS `d`
WHERE `d`.`IsActive`
2026-08-28 16:47:28.145 +03:00 [INF] Executed DbCommand (2ms) [Parameters=[], CommandType='"Text"', CommandTimeout='30']
SELECT `h`.`MalzemeId`, `h0`.`HedefDepoId` AS `DepoId`, COALESCE(SUM(`h`.`Miktar`), 0.0) AS `Toplam`
FROM `HareketKalemleri` AS `h`
INNER JOIN `HareketBasliklari` AS `h0` ON `h`.`HareketBaslikId` = `h0`.`Id`
WHERE NOT (`h0`.`IsIptal`) AND (`h0`.`HedefDepoId` IS NOT NULL)
GROUP BY `h`.`MalzemeId`, `h0`.`HedefDepoId`
2026-08-28 16:47:28.154 +03:00 [INF] Executed DbCommand (4ms) [Parameters=[], CommandType='"Text"', CommandTimeout='30']
SELECT `h`.`MalzemeId`, `h0`.`HedefDepoId` AS `DepoId`, COALESCE(SUM(`h`.`Miktar`), 0.0) AS `Toplam`
FROM `HareketKalemleri` AS `h`
INNER JOIN `HareketBasliklari` AS `h0` ON `h`.`HareketBaslikId` = `h0`.`Id`
WHERE NOT (`h0`.`IsIptal`) AND (`h0`.`HedefDepoId` IS NOT NULL)
GROUP BY `h`.`MalzemeId`, `h0`.`HedefDepoId`
2026-08-28 16:47:28.157 +03:00 [INF] Executed DbCommand (2ms) [Parameters=[], CommandType='"Text"', CommandTimeout='30']
SELECT `h`.`MalzemeId`, `h0`.`KaynakDepoId` AS `DepoId`, COALESCE(SUM(`h`.`Miktar`), 0.0) AS `Toplam`
FROM `HareketKalemleri` AS `h`
INNER JOIN `HareketBasliklari` AS `h0` ON `h`.`HareketBaslikId` = `h0`.`Id`
WHERE NOT (`h0`.`IsIptal`) AND (`h0`.`KaynakDepoId` IS NOT NULL)
GROUP BY `h`.`MalzemeId`, `h0`.`KaynakDepoId`
2026-08-28 16:47:28.160 +03:00 [INF] Executed DbCommand (1ms) [Parameters=[], CommandType='"Text"', CommandTimeout='30']
SELECT `h`.`MalzemeId`, `h0`.`KaynakDepoId` AS `DepoId`, COALESCE(SUM(`h`.`Miktar`), 0.0) AS `Toplam`
FROM `HareketKalemleri` AS `h`
INNER JOIN `HareketBasliklari` AS `h0` ON `h`.`HareketBaslikId` = `h0`.`Id`
WHERE NOT (`h0`.`IsIptal`) AND (`h0`.`KaynakDepoId` IS NOT NULL)
GROUP BY `h`.`MalzemeId`, `h0`.`KaynakDepoId`
2026-08-28 16:47:28.160 +03:00 [INF] Executing OkObjectResult, writing value of type 'DepoStok.Application.PagedResult`1[[DepoStok.Application.StokDurumDto, DepoStok.Application, Version=1.0.0.0, Culture=neutral, PublicKeyToken=null]]'.
2026-08-28 16:47:28.163 +03:00 [INF] Executing OkObjectResult, writing value of type 'DepoStok.Application.PagedResult`1[[DepoStok.Application.StokDurumDto, DepoStok.Application, Version=1.0.0.0, Culture=neutral, PublicKeyToken=null]]'.
2026-08-28 16:47:28.165 +03:00 [INF] Executed action DepoStok.API.Controllers.HareketlerController.GetStokDurum (DepoStok.API) in 42.8939ms
2026-08-28 16:47:28.165 +03:00 [INF] Executed action DepoStok.API.Controllers.HareketlerController.GetStokDurum (DepoStok.API) in 39.0958ms
2026-08-28 16:47:28.167 +03:00 [INF] Executed endpoint 'DepoStok.API.Controllers.HareketlerController.GetStokDurum (DepoStok.API)'
2026-08-28 16:47:28.169 +03:00 [INF] Executed endpoint 'DepoStok.API.Controllers.HareketlerController.GetStokDurum (DepoStok.API)'
2026-08-28 16:47:28.170 +03:00 [INF] HTTP GET /api/hareketler/stok-durum responded 200 in 65.9442 ms
2026-08-28 16:47:28.171 +03:00 [INF] HTTP GET /api/hareketler/stok-durum responded 200 in 60.3935 ms
2026-08-28 16:47:28.174 +03:00 [INF] Request finished HTTP/1.1 GET http://localhost:5078/api/hareketler/stok-durum?pageSize=500 - 200 null application/json; charset=utf-8 79.3129ms
2026-08-28 16:47:28.175 +03:00 [INF] Executed DbCommand (6ms) [Parameters=[@__tip_Value_0='?' (DbType = Int32), @__p_2='?' (DbType = Int32), @__p_1='?' (DbType = Int32)], CommandType='"Text"', CommandTimeout='30']
SELECT `h0`.`Id`, `h0`.`Aciklama`, `h0`.`CreatedAt`, `h0`.`FisNo`, `h0`.`HareketTipi`, `h0`.`HedefDepoId`, `h0`.`IptalNedeni`, `h0`.`IptalTarihi`, `h0`.`IsIptal`, `h0`.`KaynakDepoId`, `h0`.`OlusturanKullaniciId`, `h0`.`Tarih`, `d`.`Id`, `d`.`Ad`, `d`.`Bolge`, `d`.`IsActive`, `d`.`Kod`, `d`.`Sorumlu`, `d0`.`Id`, `d0`.`Ad`, `d0`.`Bolge`, `d0`.`IsActive`, `d0`.`Kod`, `d0`.`Sorumlu`, `u`.`Id`, `u`.`AdSoyad`, `u`.`CreatedAt`, `u`.`Email`, `u`.`IsActive`, `u`.`KullaniciAdi`, `u`.`ParolaHash`, `u`.`RoleId`, `s`.`Id`, `s`.`BirimFiyat`, `s`.`HareketBaslikId`, `s`.`Huycre`, `s`.`MalzemeDurumu`, `s`.`MalzemeId`, `s`.`Miktar`, `s`.`Raf`, `s`.`SatirAciklamasi`, `s`.`Id0`, `s`.`Aciklama`, `s`.`Ad`, `s`.`Birim`, `s`.`IsActive`, `s`.`Kod`, `s`.`KritikStokSeviyesi`, `s`.`MalzemeGrubuId`, `s`.`MarkaModel`, `s`.`MaxStokSeviyesi`, `s`.`TeknikOzellik`
FROM (
    SELECT `h`.`Id`, `h`.`Aciklama`, `h`.`CreatedAt`, `h`.`FisNo`, `h`.`HareketTipi`, `h`.`HedefDepoId`, `h`.`IptalNedeni`, `h`.`IptalTarihi`, `h`.`IsIptal`, `h`.`KaynakDepoId`, `h`.`OlusturanKullaniciId`, `h`.`Tarih`
    FROM `HareketBasliklari` AS `h`
    WHERE `h`.`HareketTipi` = @__tip_Value_0
    ORDER BY `h`.`Tarih` DESC, `h`.`Id` DESC
    LIMIT @__p_2 OFFSET @__p_1
) AS `h0`
LEFT JOIN `Depolar` AS `d` ON `h0`.`KaynakDepoId` = `d`.`Id`
LEFT JOIN `Depolar` AS `d0` ON `h0`.`HedefDepoId` = `d0`.`Id`
INNER JOIN `Users` AS `u` ON `h0`.`OlusturanKullaniciId` = `u`.`Id`
LEFT JOIN (
    SELECT `h1`.`Id`, `h1`.`BirimFiyat`, `h1`.`HareketBaslikId`, `h1`.`Huycre`, `h1`.`MalzemeDurumu`, `h1`.`MalzemeId`, `h1`.`Miktar`, `h1`.`Raf`, `h1`.`SatirAciklamasi`, `m`.`Id` AS `Id0`, `m`.`Aciklama`, `m`.`Ad`, `m`.`Birim`, `m`.`IsActive`, `m`.`Kod`, `m`.`KritikStokSeviyesi`, `m`.`MalzemeGrubuId`, `m`.`MarkaModel`, `m`.`MaxStokSeviyesi`, `m`.`TeknikOzellik`
    FROM `HareketKalemleri` AS `h1`
    INNER JOIN `Malzemeler` AS `m` ON `h1`.`MalzemeId` = `m`.`Id`
) AS `s` ON `h0`.`Id` = `s`.`HareketBaslikId`
ORDER BY `h0`.`Tarih` DESC, `h0`.`Id` DESC, `d`.`Id`, `d0`.`Id`, `u`.`Id`, `s`.`Id`
2026-08-28 16:47:28.176 +03:00 [INF] Request finished HTTP/1.1 GET http://localhost:5078/api/hareketler/stok-durum?kritik=true&pageSize=5 - 200 null application/json; charset=utf-8 74.0117ms
2026-08-28 16:47:28.189 +03:00 [INF] Request starting HTTP/1.1 GET http://localhost:5078/api/hareketler/stok-durum?pageSize=500 - null null
2026-08-28 16:47:28.206 +03:00 [INF] CORS policy execution successful.
2026-08-28 16:47:28.207 +03:00 [INF] Executing endpoint 'DepoStok.API.Controllers.HareketlerController.GetStokDurum (DepoStok.API)'
2026-08-28 16:47:28.209 +03:00 [INF] Route matched with {action = "GetStokDurum", controller = "Hareketler"}. Executing controller action with signature System.Threading.Tasks.Task`1[Microsoft.AspNetCore.Mvc.ActionResult`1[DepoStok.Application.PagedResult`1[DepoStok.Application.StokDurumDto]]] GetStokDurum(System.Nullable`1[System.Int32], System.Nullable`1[System.Int32], System.String, System.Nullable`1[System.Boolean], Int32, Int32) on controller DepoStok.API.Controllers.HareketlerController (DepoStok.API).
2026-08-28 16:47:28.210 +03:00 [INF] Executing OkObjectResult, writing value of type 'DepoStok.Application.PagedResult`1[[DepoStok.Application.HareketBaslikDto, DepoStok.Application, Version=1.0.0.0, Culture=neutral, PublicKeyToken=null]]'.
2026-08-28 16:47:28.215 +03:00 [INF] Executed action DepoStok.API.Controllers.HareketlerController.GetHareketler (DepoStok.API) in 90.6472ms
2026-08-28 16:47:28.218 +03:00 [INF] Executed endpoint 'DepoStok.API.Controllers.HareketlerController.GetHareketler (DepoStok.API)'
2026-08-28 16:47:28.222 +03:00 [INF] HTTP GET /api/hareketler responded 200 in 113.6812 ms
2026-08-28 16:47:28.225 +03:00 [INF] Request finished HTTP/1.1 GET http://localhost:5078/api/hareketler?tip=1&pageSize=500 - 200 null application/json; charset=utf-8 127.1449ms
2026-08-28 16:47:28.226 +03:00 [INF] Executed DbCommand (1ms) [Parameters=[], CommandType='"Text"', CommandTimeout='30']
SELECT `m`.`Id`, `m`.`Aciklama`, `m`.`Ad`, `m`.`Birim`, `m`.`IsActive`, `m`.`Kod`, `m`.`KritikStokSeviyesi`, `m`.`MalzemeGrubuId`, `m`.`MarkaModel`, `m`.`MaxStokSeviyesi`, `m`.`TeknikOzellik`, `m0`.`Id`, `m0`.`Ad`, `m0`.`Kod`, `m0`.`ParentId`
FROM `Malzemeler` AS `m`
INNER JOIN `MalzemeGruplari` AS `m0` ON `m`.`MalzemeGrubuId` = `m0`.`Id`
WHERE `m`.`IsActive`
2026-08-28 16:47:28.234 +03:00 [INF] Executed DbCommand (1ms) [Parameters=[], CommandType='"Text"', CommandTimeout='30']
SELECT `d`.`Id`, `d`.`Ad`, `d`.`Bolge`, `d`.`IsActive`, `d`.`Kod`, `d`.`Sorumlu`
FROM `Depolar` AS `d`
WHERE `d`.`IsActive`
2026-08-28 16:47:28.240 +03:00 [INF] Executed DbCommand (2ms) [Parameters=[], CommandType='"Text"', CommandTimeout='30']
SELECT `h`.`MalzemeId`, `h0`.`HedefDepoId` AS `DepoId`, COALESCE(SUM(`h`.`Miktar`), 0.0) AS `Toplam`
FROM `HareketKalemleri` AS `h`
INNER JOIN `HareketBasliklari` AS `h0` ON `h`.`HareketBaslikId` = `h0`.`Id`
WHERE NOT (`h0`.`IsIptal`) AND (`h0`.`HedefDepoId` IS NOT NULL)
GROUP BY `h`.`MalzemeId`, `h0`.`HedefDepoId`
2026-08-28 16:47:28.240 +03:00 [INF] Request starting HTTP/1.1 GET http://localhost:5078/api/hareketler?tip=1&pageSize=500 - null null
2026-08-28 16:47:28.245 +03:00 [INF] CORS policy execution successful.
2026-08-28 16:47:28.245 +03:00 [INF] Executed DbCommand (2ms) [Parameters=[], CommandType='"Text"', CommandTimeout='30']
SELECT `h`.`MalzemeId`, `h0`.`KaynakDepoId` AS `DepoId`, COALESCE(SUM(`h`.`Miktar`), 0.0) AS `Toplam`
FROM `HareketKalemleri` AS `h`
INNER JOIN `HareketBasliklari` AS `h0` ON `h`.`HareketBaslikId` = `h0`.`Id`
WHERE NOT (`h0`.`IsIptal`) AND (`h0`.`KaynakDepoId` IS NOT NULL)
GROUP BY `h`.`MalzemeId`, `h0`.`KaynakDepoId`
2026-08-28 16:47:28.246 +03:00 [INF] Executing endpoint 'DepoStok.API.Controllers.HareketlerController.GetHareketler (DepoStok.API)'
2026-08-28 16:47:28.249 +03:00 [INF] Executing OkObjectResult, writing value of type 'DepoStok.Application.PagedResult`1[[DepoStok.Application.StokDurumDto, DepoStok.Application, Version=1.0.0.0, Culture=neutral, PublicKeyToken=null]]'.
2026-08-28 16:47:28.250 +03:00 [INF] Route matched with {action = "GetHareketler", controller = "Hareketler"}. Executing controller action with signature System.Threading.Tasks.Task`1[Microsoft.AspNetCore.Mvc.ActionResult`1[DepoStok.Application.PagedResult`1[DepoStok.Application.HareketBaslikDto]]] GetHareketler(System.Nullable`1[DepoStok.Domain.HareketTipiEnum], System.Nullable`1[System.Int32], System.Nullable`1[System.Int32], System.Nullable`1[System.DateTime], System.Nullable`1[System.DateTime], Int32, Int32) on controller DepoStok.API.Controllers.HareketlerController (DepoStok.API).
2026-08-28 16:47:28.253 +03:00 [INF] Executed action DepoStok.API.Controllers.HareketlerController.GetStokDurum (DepoStok.API) in 41.7355ms
2026-08-28 16:47:28.256 +03:00 [INF] Executed endpoint 'DepoStok.API.Controllers.HareketlerController.GetStokDurum (DepoStok.API)'
2026-08-28 16:47:28.259 +03:00 [INF] HTTP GET /api/hareketler/stok-durum responded 200 in 53.2857 ms
2026-08-28 16:47:28.261 +03:00 [INF] Request finished HTTP/1.1 GET http://localhost:5078/api/hareketler/stok-durum?pageSize=500 - 200 null application/json; charset=utf-8 72.1908ms
2026-08-28 16:47:28.270 +03:00 [INF] Executed DbCommand (1ms) [Parameters=[@__tip_Value_0='?' (DbType = Int32)], CommandType='"Text"', CommandTimeout='30']
SELECT COUNT(*)
FROM `HareketBasliklari` AS `h`
WHERE `h`.`HareketTipi` = @__tip_Value_0
2026-08-28 16:47:28.285 +03:00 [INF] Executed DbCommand (6ms) [Parameters=[@__tip_Value_0='?' (DbType = Int32), @__p_2='?' (DbType = Int32), @__p_1='?' (DbType = Int32)], CommandType='"Text"', CommandTimeout='30']
SELECT `h0`.`Id`, `h0`.`Aciklama`, `h0`.`CreatedAt`, `h0`.`FisNo`, `h0`.`HareketTipi`, `h0`.`HedefDepoId`, `h0`.`IptalNedeni`, `h0`.`IptalTarihi`, `h0`.`IsIptal`, `h0`.`KaynakDepoId`, `h0`.`OlusturanKullaniciId`, `h0`.`Tarih`, `d`.`Id`, `d`.`Ad`, `d`.`Bolge`, `d`.`IsActive`, `d`.`Kod`, `d`.`Sorumlu`, `d0`.`Id`, `d0`.`Ad`, `d0`.`Bolge`, `d0`.`IsActive`, `d0`.`Kod`, `d0`.`Sorumlu`, `u`.`Id`, `u`.`AdSoyad`, `u`.`CreatedAt`, `u`.`Email`, `u`.`IsActive`, `u`.`KullaniciAdi`, `u`.`ParolaHash`, `u`.`RoleId`, `s`.`Id`, `s`.`BirimFiyat`, `s`.`HareketBaslikId`, `s`.`Huycre`, `s`.`MalzemeDurumu`, `s`.`MalzemeId`, `s`.`Miktar`, `s`.`Raf`, `s`.`SatirAciklamasi`, `s`.`Id0`, `s`.`Aciklama`, `s`.`Ad`, `s`.`Birim`, `s`.`IsActive`, `s`.`Kod`, `s`.`KritikStokSeviyesi`, `s`.`MalzemeGrubuId`, `s`.`MarkaModel`, `s`.`MaxStokSeviyesi`, `s`.`TeknikOzellik`
FROM (
    SELECT `h`.`Id`, `h`.`Aciklama`, `h`.`CreatedAt`, `h`.`FisNo`, `h`.`HareketTipi`, `h`.`HedefDepoId`, `h`.`IptalNedeni`, `h`.`IptalTarihi`, `h`.`IsIptal`, `h`.`KaynakDepoId`, `h`.`OlusturanKullaniciId`, `h`.`Tarih`
    FROM `HareketBasliklari` AS `h`
    WHERE `h`.`HareketTipi` = @__tip_Value_0
    ORDER BY `h`.`Tarih` DESC, `h`.`Id` DESC
    LIMIT @__p_2 OFFSET @__p_1
) AS `h0`
LEFT JOIN `Depolar` AS `d` ON `h0`.`KaynakDepoId` = `d`.`Id`
LEFT JOIN `Depolar` AS `d0` ON `h0`.`HedefDepoId` = `d0`.`Id`
INNER JOIN `Users` AS `u` ON `h0`.`OlusturanKullaniciId` = `u`.`Id`
LEFT JOIN (
    SELECT `h1`.`Id`, `h1`.`BirimFiyat`, `h1`.`HareketBaslikId`, `h1`.`Huycre`, `h1`.`MalzemeDurumu`, `h1`.`MalzemeId`, `h1`.`Miktar`, `h1`.`Raf`, `h1`.`SatirAciklamasi`, `m`.`Id` AS `Id0`, `m`.`Aciklama`, `m`.`Ad`, `m`.`Birim`, `m`.`IsActive`, `m`.`Kod`, `m`.`KritikStokSeviyesi`, `m`.`MalzemeGrubuId`, `m`.`MarkaModel`, `m`.`MaxStokSeviyesi`, `m`.`TeknikOzellik`
    FROM `HareketKalemleri` AS `h1`
    INNER JOIN `Malzemeler` AS `m` ON `h1`.`MalzemeId` = `m`.`Id`
) AS `s` ON `h0`.`Id` = `s`.`HareketBaslikId`
ORDER BY `h0`.`Tarih` DESC, `h0`.`Id` DESC, `d`.`Id`, `d0`.`Id`, `u`.`Id`, `s`.`Id`
2026-08-28 16:47:28.299 +03:00 [INF] Executing OkObjectResult, writing value of type 'DepoStok.Application.PagedResult`1[[DepoStok.Application.HareketBaslikDto, DepoStok.Application, Version=1.0.0.0, Culture=neutral, PublicKeyToken=null]]'.
2026-08-28 16:47:28.303 +03:00 [INF] Executed action DepoStok.API.Controllers.HareketlerController.GetHareketler (DepoStok.API) in 48.4819ms
2026-08-28 16:47:28.305 +03:00 [INF] Executed endpoint 'DepoStok.API.Controllers.HareketlerController.GetHareketler (DepoStok.API)'
2026-08-28 16:47:28.306 +03:00 [INF] HTTP GET /api/hareketler responded 200 in 61.2847 ms
2026-08-28 16:47:28.308 +03:00 [INF] Request finished HTTP/1.1 GET http://localhost:5078/api/hareketler?tip=1&pageSize=500 - 200 null application/json; charset=utf-8 68.3238ms
2026-08-28 16:47:33.753 +03:00 [INF] Request starting HTTP/1.1 OPTIONS http://localhost:5078/api/hareketler/stok-durum?page=1&pageSize=10 - null null
2026-08-28 16:47:33.758 +03:00 [INF] CORS policy execution successful.
2026-08-28 16:47:33.759 +03:00 [INF] HTTP OPTIONS /api/hareketler/stok-durum responded 204 in 1.3149 ms
2026-08-28 16:47:33.761 +03:00 [INF] Request starting HTTP/1.1 OPTIONS http://localhost:5078/api/hareketler/stok-durum?pageSize=5000 - null null
2026-08-28 16:47:33.762 +03:00 [INF] Request finished HTTP/1.1 OPTIONS http://localhost:5078/api/hareketler/stok-durum?page=1&pageSize=10 - 204 null null 8.2756ms
2026-08-28 16:47:33.762 +03:00 [INF] Request starting HTTP/1.1 OPTIONS http://localhost:5078/api/depolar - null null
2026-08-28 16:47:33.762 +03:00 [INF] Request starting HTTP/1.1 OPTIONS http://localhost:5078/api/malzemeler/gruplar - null null
2026-08-28 16:47:33.763 +03:00 [INF] Request starting HTTP/1.1 OPTIONS http://localhost:5078/api/malzemeler?pageSize=200 - null null
2026-08-28 16:47:33.766 +03:00 [INF] CORS policy execution successful.
2026-08-28 16:47:33.768 +03:00 [INF] Request starting HTTP/1.1 OPTIONS http://localhost:5078/api/hareketler/stok-durum?kritik=true&pageSize=1 - null null
2026-08-28 16:47:33.773 +03:00 [INF] Request starting HTTP/1.1 OPTIONS http://localhost:5078/api/hareketler?pageSize=5 - null null
2026-08-28 16:47:33.774 +03:00 [INF] CORS policy execution successful.
2026-08-28 16:47:33.776 +03:00 [INF] CORS policy execution successful.
2026-08-28 16:47:33.779 +03:00 [INF] CORS policy execution successful.
2026-08-28 16:47:33.781 +03:00 [INF] HTTP OPTIONS /api/hareketler/stok-durum responded 204 in 14.9458 ms
2026-08-28 16:47:33.784 +03:00 [INF] CORS policy execution successful.
2026-08-28 16:47:33.789 +03:00 [INF] CORS policy execution successful.
2026-08-28 16:47:33.794 +03:00 [INF] HTTP OPTIONS /api/depolar responded 204 in 20.7803 ms
2026-08-28 16:47:33.795 +03:00 [INF] HTTP OPTIONS /api/malzemeler/gruplar responded 204 in 19.0820 ms
2026-08-28 16:47:33.796 +03:00 [INF] HTTP OPTIONS /api/malzemeler responded 204 in 17.1065 ms
2026-08-28 16:47:33.798 +03:00 [INF] Request finished HTTP/1.1 OPTIONS http://localhost:5078/api/hareketler/stok-durum?pageSize=5000 - 204 null null 37.5288ms
2026-08-28 16:47:33.799 +03:00 [INF] HTTP OPTIONS /api/hareketler/stok-durum responded 204 in 14.9976 ms
2026-08-28 16:47:33.801 +03:00 [INF] HTTP OPTIONS /api/hareketler responded 204 in 11.7324 ms
2026-08-28 16:47:33.803 +03:00 [INF] Request finished HTTP/1.1 OPTIONS http://localhost:5078/api/depolar - 204 null null 40.8879ms
2026-08-28 16:47:33.806 +03:00 [INF] Request finished HTTP/1.1 OPTIONS http://localhost:5078/api/malzemeler/gruplar - 204 null null 43.3548ms
2026-08-28 16:47:33.808 +03:00 [INF] Request finished HTTP/1.1 OPTIONS http://localhost:5078/api/malzemeler?pageSize=200 - 204 null null 45.1245ms
2026-08-28 16:47:33.813 +03:00 [INF] Request starting HTTP/1.1 OPTIONS http://localhost:5078/api/hareketler/stok-durum?kritik=true&pageSize=5 - null null
2026-08-28 16:47:33.815 +03:00 [INF] Request finished HTTP/1.1 OPTIONS http://localhost:5078/api/hareketler/stok-durum?kritik=true&pageSize=1 - 204 null null 47.6463ms
2026-08-28 16:47:33.820 +03:00 [INF] Request finished HTTP/1.1 OPTIONS http://localhost:5078/api/hareketler?pageSize=5 - 204 null null 47.0318ms
2026-08-28 16:47:33.828 +03:00 [INF] Request starting HTTP/1.1 OPTIONS http://localhost:5078/api/hareketler/stok-durum?page=1&pageSize=10 - null null
2026-08-28 16:47:33.831 +03:00 [INF] Request starting HTTP/1.1 OPTIONS http://localhost:5078/api/hareketler/stok-durum?pageSize=5000 - null null
2026-08-28 16:47:33.835 +03:00 [INF] Request starting HTTP/1.1 OPTIONS http://localhost:5078/api/depolar - null null
2026-08-28 16:47:33.838 +03:00 [INF] CORS policy execution successful.
2026-08-28 16:47:33.842 +03:00 [INF] Request starting HTTP/1.1 OPTIONS http://localhost:5078/api/malzemeler/gruplar - null null
2026-08-28 16:47:33.846 +03:00 [INF] Request starting HTTP/1.1 OPTIONS http://localhost:5078/api/malzemeler?pageSize=200 - null null
2026-08-28 16:47:33.849 +03:00 [INF] CORS policy execution successful.
2026-08-28 16:47:33.852 +03:00 [INF] CORS policy execution successful.
2026-08-28 16:47:33.855 +03:00 [INF] CORS policy execution successful.
2026-08-28 16:47:33.856 +03:00 [INF] HTTP OPTIONS /api/hareketler/stok-durum responded 204 in 18.1502 ms
2026-08-28 16:47:33.860 +03:00 [INF] CORS policy execution successful.
2026-08-28 16:47:33.863 +03:00 [INF] CORS policy execution successful.
2026-08-28 16:47:33.864 +03:00 [INF] HTTP OPTIONS /api/hareketler/stok-durum responded 204 in 15.6531 ms
2026-08-28 16:47:33.865 +03:00 [INF] HTTP OPTIONS /api/hareketler/stok-durum responded 204 in 13.3388 ms
2026-08-28 16:47:33.866 +03:00 [INF] HTTP OPTIONS /api/depolar responded 204 in 10.8986 ms
2026-08-28 16:47:33.868 +03:00 [INF] Request finished HTTP/1.1 OPTIONS http://localhost:5078/api/hareketler/stok-durum?kritik=true&pageSize=5 - 204 null null 55.2946ms
2026-08-28 16:47:33.870 +03:00 [INF] HTTP OPTIONS /api/malzemeler/gruplar responded 204 in 9.9359 ms
2026-08-28 16:47:33.870 +03:00 [INF] HTTP OPTIONS /api/malzemeler responded 204 in 7.3544 ms
2026-08-28 16:47:33.873 +03:00 [INF] Request finished HTTP/1.1 OPTIONS http://localhost:5078/api/hareketler/stok-durum?page=1&pageSize=10 - 204 null null 45.3188ms
2026-08-28 16:47:33.875 +03:00 [INF] Request finished HTTP/1.1 OPTIONS http://localhost:5078/api/hareketler/stok-durum?pageSize=5000 - 204 null null 44.3681ms
2026-08-28 16:47:33.878 +03:00 [INF] Request finished HTTP/1.1 OPTIONS http://localhost:5078/api/depolar - 204 null null 43.4248ms
2026-08-28 16:47:33.882 +03:00 [INF] Request starting HTTP/1.1 OPTIONS http://localhost:5078/api/hareketler/stok-durum?kritik=true&pageSize=1 - null null
2026-08-28 16:47:33.885 +03:00 [INF] Request finished HTTP/1.1 OPTIONS http://localhost:5078/api/malzemeler/gruplar - 204 null null 43.6378ms
2026-08-28 16:47:33.888 +03:00 [INF] Request finished HTTP/1.1 OPTIONS http://localhost:5078/api/malzemeler?pageSize=200 - 204 null null 42.7485ms
2026-08-28 16:47:33.893 +03:00 [INF] Request starting HTTP/1.1 OPTIONS http://localhost:5078/api/hareketler?pageSize=5 - null null
2026-08-28 16:47:33.897 +03:00 [INF] Request starting HTTP/1.1 GET http://localhost:5078/api/hareketler/stok-durum?page=1&pageSize=10 - null null
2026-08-28 16:47:33.901 +03:00 [INF] Request starting HTTP/1.1 GET http://localhost:5078/api/hareketler/stok-durum?pageSize=5000 - null null
2026-08-28 16:47:33.904 +03:00 [INF] CORS policy execution successful.
2026-08-28 16:47:33.907 +03:00 [INF] Request starting HTTP/1.1 GET http://localhost:5078/api/depolar - null null
2026-08-28 16:47:33.911 +03:00 [INF] Request starting HTTP/1.1 GET http://localhost:5078/api/malzemeler/gruplar - null null
2026-08-28 16:47:33.914 +03:00 [INF] CORS policy execution successful.
2026-08-28 16:47:33.916 +03:00 [INF] CORS policy execution successful.
2026-08-28 16:47:33.920 +03:00 [INF] CORS policy execution successful.
2026-08-28 16:47:33.921 +03:00 [INF] HTTP OPTIONS /api/hareketler/stok-durum responded 204 in 16.9211 ms
2026-08-28 16:47:33.924 +03:00 [INF] CORS policy execution successful.
2026-08-28 16:47:33.927 +03:00 [INF] CORS policy execution successful.
2026-08-28 16:47:33.927 +03:00 [INF] HTTP OPTIONS /api/hareketler responded 204 in 13.7178 ms
2026-08-28 16:47:33.928 +03:00 [INF] Executing endpoint 'DepoStok.API.Controllers.HareketlerController.GetStokDurum (DepoStok.API)'
2026-08-28 16:47:33.929 +03:00 [INF] Executing endpoint 'DepoStok.API.Controllers.HareketlerController.GetStokDurum (DepoStok.API)'
2026-08-28 16:47:33.931 +03:00 [INF] Request finished HTTP/1.1 OPTIONS http://localhost:5078/api/hareketler/stok-durum?kritik=true&pageSize=1 - 204 null null 48.687ms
2026-08-28 16:47:33.932 +03:00 [INF] Executing endpoint 'DepoStok.API.Controllers.DepolarController.GetDepolar (DepoStok.API)'
2026-08-28 16:47:33.935 +03:00 [INF] Executing endpoint 'DepoStok.API.Controllers.MalzemelerController.GetGruplar (DepoStok.API)'
2026-08-28 16:47:33.938 +03:00 [INF] Request finished HTTP/1.1 OPTIONS http://localhost:5078/api/hareketler?pageSize=5 - 204 null null 44.8538ms
2026-08-28 16:47:33.940 +03:00 [INF] Route matched with {action = "GetStokDurum", controller = "Hareketler"}. Executing controller action with signature System.Threading.Tasks.Task`1[Microsoft.AspNetCore.Mvc.ActionResult`1[DepoStok.Application.PagedResult`1[DepoStok.Application.StokDurumDto]]] GetStokDurum(System.Nullable`1[System.Int32], System.Nullable`1[System.Int32], System.String, System.Nullable`1[System.Boolean], Int32, Int32) on controller DepoStok.API.Controllers.HareketlerController (DepoStok.API).
2026-08-28 16:47:33.941 +03:00 [INF] Route matched with {action = "GetStokDurum", controller = "Hareketler"}. Executing controller action with signature System.Threading.Tasks.Task`1[Microsoft.AspNetCore.Mvc.ActionResult`1[DepoStok.Application.PagedResult`1[DepoStok.Application.StokDurumDto]]] GetStokDurum(System.Nullable`1[System.Int32], System.Nullable`1[System.Int32], System.String, System.Nullable`1[System.Boolean], Int32, Int32) on controller DepoStok.API.Controllers.HareketlerController (DepoStok.API).
2026-08-28 16:47:33.946 +03:00 [INF] Request starting HTTP/1.1 GET http://localhost:5078/api/malzemeler?pageSize=200 - null null
2026-08-28 16:47:33.947 +03:00 [INF] Route matched with {action = "GetDepolar", controller = "Depolar"}. Executing controller action with signature System.Threading.Tasks.Task`1[Microsoft.AspNetCore.Mvc.ActionResult`1[System.Collections.Generic.IEnumerable`1[DepoStok.Application.DepoDto]]] GetDepolar() on controller DepoStok.API.Controllers.DepolarController (DepoStok.API).
2026-08-28 16:47:33.949 +03:00 [INF] Route matched with {action = "GetGruplar", controller = "Malzemeler"}. Executing controller action with signature System.Threading.Tasks.Task`1[Microsoft.AspNetCore.Mvc.ActionResult`1[System.Collections.Generic.IEnumerable`1[DepoStok.Application.MalzemeGrubuDto]]] GetGruplar() on controller DepoStok.API.Controllers.MalzemelerController (DepoStok.API).
2026-08-28 16:47:33.953 +03:00 [INF] Request starting HTTP/1.1 GET http://localhost:5078/api/hareketler/stok-durum?kritik=true&pageSize=1 - null null
2026-08-28 16:47:33.961 +03:00 [INF] CORS policy execution successful.
2026-08-28 16:47:33.969 +03:00 [INF] Executed DbCommand (1ms) [Parameters=[], CommandType='"Text"', CommandTimeout='30']
SELECT `m`.`Id`, `m`.`Aciklama`, `m`.`Ad`, `m`.`Birim`, `m`.`IsActive`, `m`.`Kod`, `m`.`KritikStokSeviyesi`, `m`.`MalzemeGrubuId`, `m`.`MarkaModel`, `m`.`MaxStokSeviyesi`, `m`.`TeknikOzellik`, `m0`.`Id`, `m0`.`Ad`, `m0`.`Kod`, `m0`.`ParentId`
FROM `Malzemeler` AS `m`
INNER JOIN `MalzemeGruplari` AS `m0` ON `m`.`MalzemeGrubuId` = `m0`.`Id`
WHERE `m`.`IsActive`
2026-08-28 16:47:33.970 +03:00 [INF] CORS policy execution successful.
2026-08-28 16:47:33.971 +03:00 [INF] Executing endpoint 'DepoStok.API.Controllers.MalzemelerController.GetMalzemeler (DepoStok.API)'
2026-08-28 16:47:33.972 +03:00 [INF] Executed DbCommand (1ms) [Parameters=[], CommandType='"Text"', CommandTimeout='30']
SELECT `m`.`Id`, `m`.`Aciklama`, `m`.`Ad`, `m`.`Birim`, `m`.`IsActive`, `m`.`Kod`, `m`.`KritikStokSeviyesi`, `m`.`MalzemeGrubuId`, `m`.`MarkaModel`, `m`.`MaxStokSeviyesi`, `m`.`TeknikOzellik`, `m0`.`Id`, `m0`.`Ad`, `m0`.`Kod`, `m0`.`ParentId`
FROM `Malzemeler` AS `m`
INNER JOIN `MalzemeGruplari` AS `m0` ON `m`.`MalzemeGrubuId` = `m0`.`Id`
WHERE `m`.`IsActive`
2026-08-28 16:47:33.974 +03:00 [INF] Executing endpoint 'DepoStok.API.Controllers.HareketlerController.GetStokDurum (DepoStok.API)'
2026-08-28 16:47:33.975 +03:00 [INF] Executed DbCommand (0ms) [Parameters=[], CommandType='"Text"', CommandTimeout='30']
SELECT `d`.`Id`, `d`.`Ad`, `d`.`Bolge`, `d`.`IsActive`, `d`.`Kod`, `d`.`Sorumlu`
FROM `Depolar` AS `d`
WHERE `d`.`IsActive`
2026-08-28 16:47:33.975 +03:00 [INF] Executed DbCommand (0ms) [Parameters=[], CommandType='"Text"', CommandTimeout='30']
SELECT `d`.`Id`, `d`.`Ad`, `d`.`Bolge`, `d`.`IsActive`, `d`.`Kod`, `d`.`Sorumlu`
FROM `Depolar` AS `d`
ORDER BY `d`.`Kod`
2026-08-28 16:47:33.976 +03:00 [INF] Route matched with {action = "GetMalzemeler", controller = "Malzemeler"}. Executing controller action with signature System.Threading.Tasks.Task`1[Microsoft.AspNetCore.Mvc.ActionResult`1[DepoStok.Application.PagedResult`1[DepoStok.Application.MalzemeDto]]] GetMalzemeler(System.Nullable`1[System.Int32], System.String, Int32, Int32) on controller DepoStok.API.Controllers.MalzemelerController (DepoStok.API).
2026-08-28 16:47:33.978 +03:00 [INF] Executed DbCommand (1ms) [Parameters=[], CommandType='"Text"', CommandTimeout='30']
SELECT `m`.`Id`, `m`.`Ad`, `m`.`Kod`, `m`.`ParentId`, `m0`.`Id`, `m0`.`Ad`, `m0`.`Kod`, `m0`.`ParentId`
FROM `MalzemeGruplari` AS `m`
LEFT JOIN `MalzemeGruplari` AS `m0` ON `m`.`ParentId` = `m0`.`Id`
ORDER BY `m`.`Kod`
2026-08-28 16:47:33.979 +03:00 [INF] Route matched with {action = "GetStokDurum", controller = "Hareketler"}. Executing controller action with signature System.Threading.Tasks.Task`1[Microsoft.AspNetCore.Mvc.ActionResult`1[DepoStok.Application.PagedResult`1[DepoStok.Application.StokDurumDto]]] GetStokDurum(System.Nullable`1[System.Int32], System.Nullable`1[System.Int32], System.String, System.Nullable`1[System.Boolean], Int32, Int32) on controller DepoStok.API.Controllers.HareketlerController (DepoStok.API).
2026-08-28 16:47:33.980 +03:00 [INF] Executed DbCommand (0ms) [Parameters=[], CommandType='"Text"', CommandTimeout='30']
SELECT `d`.`Id`, `d`.`Ad`, `d`.`Bolge`, `d`.`IsActive`, `d`.`Kod`, `d`.`Sorumlu`
FROM `Depolar` AS `d`
WHERE `d`.`IsActive`
2026-08-28 16:47:33.984 +03:00 [INF] Executing OkObjectResult, writing value of type 'System.Linq.Enumerable+SelectListIterator`2[[DepoStok.Domain.Depo, DepoStok.Domain, Version=1.0.0.0, Culture=neutral, PublicKeyToken=null],[DepoStok.Application.DepoDto, DepoStok.Application, Version=1.0.0.0, Culture=neutral, PublicKeyToken=null]]'.
2026-08-28 16:47:33.985 +03:00 [INF] Executed DbCommand (3ms) [Parameters=[], CommandType='"Text"', CommandTimeout='30']
SELECT `h`.`MalzemeId`, `h0`.`HedefDepoId` AS `DepoId`, COALESCE(SUM(`h`.`Miktar`), 0.0) AS `Toplam`
FROM `HareketKalemleri` AS `h`
INNER JOIN `HareketBasliklari` AS `h0` ON `h`.`HareketBaslikId` = `h0`.`Id`
WHERE NOT (`h0`.`IsIptal`) AND (`h0`.`HedefDepoId` IS NOT NULL)
GROUP BY `h`.`MalzemeId`, `h0`.`HedefDepoId`
2026-08-28 16:47:33.990 +03:00 [INF] Executing OkObjectResult, writing value of type 'System.Linq.Enumerable+SelectListIterator`2[[DepoStok.Domain.MalzemeGrubu, DepoStok.Domain, Version=1.0.0.0, Culture=neutral, PublicKeyToken=null],[DepoStok.Application.MalzemeGrubuDto, DepoStok.Application, Version=1.0.0.0, Culture=neutral, PublicKeyToken=null]]'.
2026-08-28 16:47:33.996 +03:00 [INF] Executed action DepoStok.API.Controllers.DepolarController.GetDepolar (DepoStok.API) in 32.6868ms
2026-08-28 16:47:33.997 +03:00 [INF] Executed DbCommand (2ms) [Parameters=[], CommandType='"Text"', CommandTimeout='30']
SELECT `h`.`MalzemeId`, `h0`.`HedefDepoId` AS `DepoId`, COALESCE(SUM(`h`.`Miktar`), 0.0) AS `Toplam`
FROM `HareketKalemleri` AS `h`
INNER JOIN `HareketBasliklari` AS `h0` ON `h`.`HareketBaslikId` = `h0`.`Id`
WHERE NOT (`h0`.`IsIptal`) AND (`h0`.`HedefDepoId` IS NOT NULL)
GROUP BY `h`.`MalzemeId`, `h0`.`HedefDepoId`
2026-08-28 16:47:34.001 +03:00 [INF] Executed DbCommand (1ms) [Parameters=[], CommandType='"Text"', CommandTimeout='30']
SELECT COUNT(*)
FROM `Malzemeler` AS `m`
2026-08-28 16:47:34.001 +03:00 [INF] Executed action DepoStok.API.Controllers.MalzemelerController.GetGruplar (DepoStok.API) in 34.9799ms
2026-08-28 16:47:34.002 +03:00 [INF] Executed DbCommand (2ms) [Parameters=[], CommandType='"Text"', CommandTimeout='30']
SELECT `h`.`MalzemeId`, `h0`.`KaynakDepoId` AS `DepoId`, COALESCE(SUM(`h`.`Miktar`), 0.0) AS `Toplam`
FROM `HareketKalemleri` AS `h`
INNER JOIN `HareketBasliklari` AS `h0` ON `h`.`HareketBaslikId` = `h0`.`Id`
WHERE NOT (`h0`.`IsIptal`) AND (`h0`.`KaynakDepoId` IS NOT NULL)
GROUP BY `h`.`MalzemeId`, `h0`.`KaynakDepoId`
2026-08-28 16:47:34.002 +03:00 [INF] Executed endpoint 'DepoStok.API.Controllers.DepolarController.GetDepolar (DepoStok.API)'
2026-08-28 16:47:34.005 +03:00 [INF] Executed DbCommand (1ms) [Parameters=[], CommandType='"Text"', CommandTimeout='30']
SELECT `m`.`Id`, `m`.`Aciklama`, `m`.`Ad`, `m`.`Birim`, `m`.`IsActive`, `m`.`Kod`, `m`.`KritikStokSeviyesi`, `m`.`MalzemeGrubuId`, `m`.`MarkaModel`, `m`.`MaxStokSeviyesi`, `m`.`TeknikOzellik`, `m0`.`Id`, `m0`.`Ad`, `m0`.`Kod`, `m0`.`ParentId`
FROM `Malzemeler` AS `m`
INNER JOIN `MalzemeGruplari` AS `m0` ON `m`.`MalzemeGrubuId` = `m0`.`Id`
WHERE `m`.`IsActive`
2026-08-28 16:47:34.008 +03:00 [INF] Executed DbCommand (2ms) [Parameters=[], CommandType='"Text"', CommandTimeout='30']
SELECT `h`.`MalzemeId`, `h0`.`KaynakDepoId` AS `DepoId`, COALESCE(SUM(`h`.`Miktar`), 0.0) AS `Toplam`
FROM `HareketKalemleri` AS `h`
INNER JOIN `HareketBasliklari` AS `h0` ON `h`.`HareketBaslikId` = `h0`.`Id`
WHERE NOT (`h0`.`IsIptal`) AND (`h0`.`KaynakDepoId` IS NOT NULL)
GROUP BY `h`.`MalzemeId`, `h0`.`KaynakDepoId`
2026-08-28 16:47:34.009 +03:00 [INF] Executed endpoint 'DepoStok.API.Controllers.MalzemelerController.GetGruplar (DepoStok.API)'
2026-08-28 16:47:34.010 +03:00 [INF] Executed DbCommand (2ms) [Parameters=[@__p_1='?' (DbType = Int32), @__p_0='?' (DbType = Int32)], CommandType='"Text"', CommandTimeout='30']
SELECT `m1`.`Id`, `m1`.`Aciklama`, `m1`.`Ad`, `m1`.`Birim`, `m1`.`IsActive`, `m1`.`Kod`, `m1`.`KritikStokSeviyesi`, `m1`.`MalzemeGrubuId`, `m1`.`MarkaModel`, `m1`.`MaxStokSeviyesi`, `m1`.`TeknikOzellik`, `m0`.`Id`, `m0`.`Ad`, `m0`.`Kod`, `m0`.`ParentId`
FROM (
    SELECT `m`.`Id`, `m`.`Aciklama`, `m`.`Ad`, `m`.`Birim`, `m`.`IsActive`, `m`.`Kod`, `m`.`KritikStokSeviyesi`, `m`.`MalzemeGrubuId`, `m`.`MarkaModel`, `m`.`MaxStokSeviyesi`, `m`.`TeknikOzellik`
    FROM `Malzemeler` AS `m`
    ORDER BY `m`.`Kod`
    LIMIT @__p_1 OFFSET @__p_0
) AS `m1`
INNER JOIN `MalzemeGruplari` AS `m0` ON `m1`.`MalzemeGrubuId` = `m0`.`Id`
ORDER BY `m1`.`Kod`
2026-08-28 16:47:34.012 +03:00 [INF] Executing OkObjectResult, writing value of type 'DepoStok.Application.PagedResult`1[[DepoStok.Application.StokDurumDto, DepoStok.Application, Version=1.0.0.0, Culture=neutral, PublicKeyToken=null]]'.
2026-08-28 16:47:34.012 +03:00 [INF] HTTP GET /api/depolar responded 200 in 88.2825 ms
2026-08-28 16:47:34.017 +03:00 [INF] Executed DbCommand (1ms) [Parameters=[], CommandType='"Text"', CommandTimeout='30']
SELECT `d`.`Id`, `d`.`Ad`, `d`.`Bolge`, `d`.`IsActive`, `d`.`Kod`, `d`.`Sorumlu`
FROM `Depolar` AS `d`
WHERE `d`.`IsActive`
2026-08-28 16:47:34.018 +03:00 [INF] Executing OkObjectResult, writing value of type 'DepoStok.Application.PagedResult`1[[DepoStok.Application.StokDurumDto, DepoStok.Application, Version=1.0.0.0, Culture=neutral, PublicKeyToken=null]]'.
2026-08-28 16:47:34.019 +03:00 [INF] HTTP GET /api/malzemeler/gruplar responded 200 in 92.3358 ms
2026-08-28 16:47:34.023 +03:00 [INF] Executing OkObjectResult, writing value of type 'DepoStok.Application.PagedResult`1[[DepoStok.Application.MalzemeDto, DepoStok.Application, Version=1.0.0.0, Culture=neutral, PublicKeyToken=null]]'.
2026-08-28 16:47:34.023 +03:00 [INF] Executed action DepoStok.API.Controllers.HareketlerController.GetStokDurum (DepoStok.API) in 67.8601ms
2026-08-28 16:47:34.026 +03:00 [INF] Request finished HTTP/1.1 GET http://localhost:5078/api/depolar - 200 null application/json; charset=utf-8 118.7373ms
2026-08-28 16:47:34.031 +03:00 [INF] Executed action DepoStok.API.Controllers.HareketlerController.GetStokDurum (DepoStok.API) in 72.3665ms
2026-08-28 16:47:34.031 +03:00 [INF] Executed DbCommand (2ms) [Parameters=[], CommandType='"Text"', CommandTimeout='30']
SELECT `h`.`MalzemeId`, `h0`.`HedefDepoId` AS `DepoId`, COALESCE(SUM(`h`.`Miktar`), 0.0) AS `Toplam`
FROM `HareketKalemleri` AS `h`
INNER JOIN `HareketBasliklari` AS `h0` ON `h`.`HareketBaslikId` = `h0`.`Id`
WHERE NOT (`h0`.`IsIptal`) AND (`h0`.`HedefDepoId` IS NOT NULL)
GROUP BY `h`.`MalzemeId`, `h0`.`HedefDepoId`
2026-08-28 16:47:34.033 +03:00 [INF] Request finished HTTP/1.1 GET http://localhost:5078/api/malzemeler/gruplar - 200 null application/json; charset=utf-8 121.8405ms
2026-08-28 16:47:34.035 +03:00 [INF] Executed action DepoStok.API.Controllers.MalzemelerController.GetMalzemeler (DepoStok.API) in 47.895ms
2026-08-28 16:47:34.036 +03:00 [INF] Executed endpoint 'DepoStok.API.Controllers.HareketlerController.GetStokDurum (DepoStok.API)'
2026-08-28 16:47:34.040 +03:00 [INF] Request starting HTTP/1.1 GET http://localhost:5078/api/hareketler?pageSize=5 - null null
2026-08-28 16:47:34.042 +03:00 [INF] Executed endpoint 'DepoStok.API.Controllers.HareketlerController.GetStokDurum (DepoStok.API)'
2026-08-28 16:47:34.048 +03:00 [INF] Executed DbCommand (2ms) [Parameters=[], CommandType='"Text"', CommandTimeout='30']
SELECT `h`.`MalzemeId`, `h0`.`KaynakDepoId` AS `DepoId`, COALESCE(SUM(`h`.`Miktar`), 0.0) AS `Toplam`
FROM `HareketKalemleri` AS `h`
INNER JOIN `HareketBasliklari` AS `h0` ON `h`.`HareketBaslikId` = `h0`.`Id`
WHERE NOT (`h0`.`IsIptal`) AND (`h0`.`KaynakDepoId` IS NOT NULL)
GROUP BY `h`.`MalzemeId`, `h0`.`KaynakDepoId`
2026-08-28 16:47:34.048 +03:00 [INF] Request starting HTTP/1.1 GET http://localhost:5078/api/hareketler/stok-durum?kritik=true&pageSize=5 - null null
2026-08-28 16:47:34.050 +03:00 [INF] Executed endpoint 'DepoStok.API.Controllers.MalzemelerController.GetMalzemeler (DepoStok.API)'
2026-08-28 16:47:34.051 +03:00 [INF] HTTP GET /api/hareketler/stok-durum responded 200 in 135.1153 ms
2026-08-28 16:47:34.055 +03:00 [INF] CORS policy execution successful.
2026-08-28 16:47:34.056 +03:00 [INF] HTTP GET /api/hareketler/stok-durum responded 200 in 136.0477 ms
2026-08-28 16:47:34.059 +03:00 [INF] Executing OkObjectResult, writing value of type 'DepoStok.Application.PagedResult`1[[DepoStok.Application.StokDurumDto, DepoStok.Application, Version=1.0.0.0, Culture=neutral, PublicKeyToken=null]]'.
2026-08-28 16:47:34.062 +03:00 [INF] CORS policy execution successful.
2026-08-28 16:47:34.063 +03:00 [INF] HTTP GET /api/malzemeler responded 200 in 101.8654 ms
2026-08-28 16:47:34.066 +03:00 [INF] Request finished HTTP/1.1 GET http://localhost:5078/api/hareketler/stok-durum?page=1&pageSize=10 - 200 null application/json; charset=utf-8 169.0007ms
2026-08-28 16:47:34.067 +03:00 [INF] Executing endpoint 'DepoStok.API.Controllers.HareketlerController.GetHareketler (DepoStok.API)'
2026-08-28 16:47:34.070 +03:00 [INF] Request finished HTTP/1.1 GET http://localhost:5078/api/hareketler/stok-durum?pageSize=5000 - 200 null application/json; charset=utf-8 169.2772ms
2026-08-28 16:47:34.072 +03:00 [INF] Executed action DepoStok.API.Controllers.HareketlerController.GetStokDurum (DepoStok.API) in 79.7857ms
2026-08-28 16:47:34.073 +03:00 [INF] Executing endpoint 'DepoStok.API.Controllers.HareketlerController.GetStokDurum (DepoStok.API)'
2026-08-28 16:47:34.075 +03:00 [INF] Request finished HTTP/1.1 GET http://localhost:5078/api/malzemeler?pageSize=200 - 200 null application/json; charset=utf-8 129.0515ms
2026-08-28 16:47:34.079 +03:00 [INF] Request starting HTTP/1.1 GET http://localhost:5078/api/depolar - null null
2026-08-28 16:47:34.081 +03:00 [INF] Route matched with {action = "GetHareketler", controller = "Hareketler"}. Executing controller action with signature System.Threading.Tasks.Task`1[Microsoft.AspNetCore.Mvc.ActionResult`1[DepoStok.Application.PagedResult`1[DepoStok.Application.HareketBaslikDto]]] GetHareketler(System.Nullable`1[DepoStok.Domain.HareketTipiEnum], System.Nullable`1[System.Int32], System.Nullable`1[System.Int32], System.Nullable`1[System.DateTime], System.Nullable`1[System.DateTime], Int32, Int32) on controller DepoStok.API.Controllers.HareketlerController (DepoStok.API).
2026-08-28 16:47:34.084 +03:00 [INF] Request starting HTTP/1.1 GET http://localhost:5078/api/malzemeler/gruplar - null null
2026-08-28 16:47:34.086 +03:00 [INF] Executed endpoint 'DepoStok.API.Controllers.HareketlerController.GetStokDurum (DepoStok.API)'
2026-08-28 16:47:34.087 +03:00 [INF] Route matched with {action = "GetStokDurum", controller = "Hareketler"}. Executing controller action with signature System.Threading.Tasks.Task`1[Microsoft.AspNetCore.Mvc.ActionResult`1[DepoStok.Application.PagedResult`1[DepoStok.Application.StokDurumDto]]] GetStokDurum(System.Nullable`1[System.Int32], System.Nullable`1[System.Int32], System.String, System.Nullable`1[System.Boolean], Int32, Int32) on controller DepoStok.API.Controllers.HareketlerController (DepoStok.API).
2026-08-28 16:47:34.091 +03:00 [INF] Request starting HTTP/1.1 GET http://localhost:5078/api/hareketler/stok-durum?page=1&pageSize=10 - null null
2026-08-28 16:47:34.095 +03:00 [INF] CORS policy execution successful.
2026-08-28 16:47:34.100 +03:00 [INF] CORS policy execution successful.
2026-08-28 16:47:34.101 +03:00 [INF] HTTP GET /api/hareketler/stok-durum responded 200 in 131.2180 ms
2026-08-28 16:47:34.106 +03:00 [INF] CORS policy execution successful.
2026-08-28 16:47:34.108 +03:00 [INF] Executing endpoint 'DepoStok.API.Controllers.DepolarController.GetDepolar (DepoStok.API)'
2026-08-28 16:47:34.109 +03:00 [INF] Executing endpoint 'DepoStok.API.Controllers.MalzemelerController.GetGruplar (DepoStok.API)'
2026-08-28 16:47:34.110 +03:00 [INF] Executed DbCommand (0ms) [Parameters=[], CommandType='"Text"', CommandTimeout='30']
SELECT COUNT(*)
FROM `HareketBasliklari` AS `h`
2026-08-28 16:47:34.111 +03:00 [INF] Request finished HTTP/1.1 GET http://localhost:5078/api/hareketler/stok-durum?kritik=true&pageSize=1 - 200 null application/json; charset=utf-8 157.556ms
2026-08-28 16:47:34.112 +03:00 [INF] Executing endpoint 'DepoStok.API.Controllers.HareketlerController.GetStokDurum (DepoStok.API)'
2026-08-28 16:47:34.113 +03:00 [INF] Route matched with {action = "GetDepolar", controller = "Depolar"}. Executing controller action with signature System.Threading.Tasks.Task`1[Microsoft.AspNetCore.Mvc.ActionResult`1[System.Collections.Generic.IEnumerable`1[DepoStok.Application.DepoDto]]] GetDepolar() on controller DepoStok.API.Controllers.DepolarController (DepoStok.API).
2026-08-28 16:47:34.115 +03:00 [INF] Route matched with {action = "GetGruplar", controller = "Malzemeler"}. Executing controller action with signature System.Threading.Tasks.Task`1[Microsoft.AspNetCore.Mvc.ActionResult`1[System.Collections.Generic.IEnumerable`1[DepoStok.Application.MalzemeGrubuDto]]] GetGruplar() on controller DepoStok.API.Controllers.MalzemelerController (DepoStok.API).
2026-08-28 16:47:34.116 +03:00 [INF] Executed DbCommand (1ms) [Parameters=[], CommandType='"Text"', CommandTimeout='30']
SELECT `m`.`Id`, `m`.`Aciklama`, `m`.`Ad`, `m`.`Birim`, `m`.`IsActive`, `m`.`Kod`, `m`.`KritikStokSeviyesi`, `m`.`MalzemeGrubuId`, `m`.`MarkaModel`, `m`.`MaxStokSeviyesi`, `m`.`TeknikOzellik`, `m0`.`Id`, `m0`.`Ad`, `m0`.`Kod`, `m0`.`ParentId`
FROM `Malzemeler` AS `m`
INNER JOIN `MalzemeGruplari` AS `m0` ON `m`.`MalzemeGrubuId` = `m0`.`Id`
WHERE `m`.`IsActive`
2026-08-28 16:47:34.120 +03:00 [INF] Executed DbCommand (2ms) [Parameters=[@__p_1='?' (DbType = Int32), @__p_0='?' (DbType = Int32)], CommandType='"Text"', CommandTimeout='30']
SELECT `h0`.`Id`, `h0`.`Aciklama`, `h0`.`CreatedAt`, `h0`.`FisNo`, `h0`.`HareketTipi`, `h0`.`HedefDepoId`, `h0`.`IptalNedeni`, `h0`.`IptalTarihi`, `h0`.`IsIptal`, `h0`.`KaynakDepoId`, `h0`.`OlusturanKullaniciId`, `h0`.`Tarih`, `d`.`Id`, `d`.`Ad`, `d`.`Bolge`, `d`.`IsActive`, `d`.`Kod`, `d`.`Sorumlu`, `d0`.`Id`, `d0`.`Ad`, `d0`.`Bolge`, `d0`.`IsActive`, `d0`.`Kod`, `d0`.`Sorumlu`, `u`.`Id`, `u`.`AdSoyad`, `u`.`CreatedAt`, `u`.`Email`, `u`.`IsActive`, `u`.`KullaniciAdi`, `u`.`ParolaHash`, `u`.`RoleId`, `s`.`Id`, `s`.`BirimFiyat`, `s`.`HareketBaslikId`, `s`.`Huycre`, `s`.`MalzemeDurumu`, `s`.`MalzemeId`, `s`.`Miktar`, `s`.`Raf`, `s`.`SatirAciklamasi`, `s`.`Id0`, `s`.`Aciklama`, `s`.`Ad`, `s`.`Birim`, `s`.`IsActive`, `s`.`Kod`, `s`.`KritikStokSeviyesi`, `s`.`MalzemeGrubuId`, `s`.`MarkaModel`, `s`.`MaxStokSeviyesi`, `s`.`TeknikOzellik`
FROM (
    SELECT `h`.`Id`, `h`.`Aciklama`, `h`.`CreatedAt`, `h`.`FisNo`, `h`.`HareketTipi`, `h`.`HedefDepoId`, `h`.`IptalNedeni`, `h`.`IptalTarihi`, `h`.`IsIptal`, `h`.`KaynakDepoId`, `h`.`OlusturanKullaniciId`, `h`.`Tarih`
    FROM `HareketBasliklari` AS `h`
    ORDER BY `h`.`Tarih` DESC, `h`.`Id` DESC
    LIMIT @__p_1 OFFSET @__p_0
) AS `h0`
LEFT JOIN `Depolar` AS `d` ON `h0`.`KaynakDepoId` = `d`.`Id`
LEFT JOIN `Depolar` AS `d0` ON `h0`.`HedefDepoId` = `d0`.`Id`
INNER JOIN `Users` AS `u` ON `h0`.`OlusturanKullaniciId` = `u`.`Id`
LEFT JOIN (
    SELECT `h1`.`Id`, `h1`.`BirimFiyat`, `h1`.`HareketBaslikId`, `h1`.`Huycre`, `h1`.`MalzemeDurumu`, `h1`.`MalzemeId`, `h1`.`Miktar`, `h1`.`Raf`, `h1`.`SatirAciklamasi`, `m`.`Id` AS `Id0`, `m`.`Aciklama`, `m`.`Ad`, `m`.`Birim`, `m`.`IsActive`, `m`.`Kod`, `m`.`KritikStokSeviyesi`, `m`.`MalzemeGrubuId`, `m`.`MarkaModel`, `m`.`MaxStokSeviyesi`, `m`.`TeknikOzellik`
    FROM `HareketKalemleri` AS `h1`
    INNER JOIN `Malzemeler` AS `m` ON `h1`.`MalzemeId` = `m`.`Id`
) AS `s` ON `h0`.`Id` = `s`.`HareketBaslikId`
ORDER BY `h0`.`Tarih` DESC, `h0`.`Id` DESC, `d`.`Id`, `d0`.`Id`, `u`.`Id`, `s`.`Id`
2026-08-28 16:47:34.121 +03:00 [INF] Request starting HTTP/1.1 GET http://localhost:5078/api/hareketler/stok-durum?pageSize=5000 - null null
2026-08-28 16:47:34.123 +03:00 [INF] Route matched with {action = "GetStokDurum", controller = "Hareketler"}. Executing controller action with signature System.Threading.Tasks.Task`1[Microsoft.AspNetCore.Mvc.ActionResult`1[DepoStok.Application.PagedResult`1[DepoStok.Application.StokDurumDto]]] GetStokDurum(System.Nullable`1[System.Int32], System.Nullable`1[System.Int32], System.String, System.Nullable`1[System.Boolean], Int32, Int32) on controller DepoStok.API.Controllers.HareketlerController (DepoStok.API).
2026-08-28 16:47:34.132 +03:00 [INF] Executed DbCommand (1ms) [Parameters=[], CommandType='"Text"', CommandTimeout='30']
SELECT `d`.`Id`, `d`.`Ad`, `d`.`Bolge`, `d`.`IsActive`, `d`.`Kod`, `d`.`Sorumlu`
FROM `Depolar` AS `d`
WHERE `d`.`IsActive`
2026-08-28 16:47:34.134 +03:00 [INF] Executing OkObjectResult, writing value of type 'DepoStok.Application.PagedResult`1[[DepoStok.Application.HareketBaslikDto, DepoStok.Application, Version=1.0.0.0, Culture=neutral, PublicKeyToken=null]]'.
2026-08-28 16:47:34.137 +03:00 [INF] CORS policy execution successful.
2026-08-28 16:47:34.139 +03:00 [INF] Executed DbCommand (0ms) [Parameters=[], CommandType='"Text"', CommandTimeout='30']
SELECT `d`.`Id`, `d`.`Ad`, `d`.`Bolge`, `d`.`IsActive`, `d`.`Kod`, `d`.`Sorumlu`
FROM `Depolar` AS `d`
ORDER BY `d`.`Kod`
2026-08-28 16:47:34.140 +03:00 [INF] Executed DbCommand (0ms) [Parameters=[], CommandType='"Text"', CommandTimeout='30']
SELECT `m`.`Id`, `m`.`Ad`, `m`.`Kod`, `m`.`ParentId`, `m0`.`Id`, `m0`.`Ad`, `m0`.`Kod`, `m0`.`ParentId`
FROM `MalzemeGruplari` AS `m`
LEFT JOIN `MalzemeGruplari` AS `m0` ON `m`.`ParentId` = `m0`.`Id`
ORDER BY `m`.`Kod`
2026-08-28 16:47:34.144 +03:00 [INF] Executed action DepoStok.API.Controllers.HareketlerController.GetHareketler (DepoStok.API) in 46.8104ms
2026-08-28 16:47:34.144 +03:00 [INF] Executed DbCommand (2ms) [Parameters=[], CommandType='"Text"', CommandTimeout='30']
SELECT `h`.`MalzemeId`, `h0`.`HedefDepoId` AS `DepoId`, COALESCE(SUM(`h`.`Miktar`), 0.0) AS `Toplam`
FROM `HareketKalemleri` AS `h`
INNER JOIN `HareketBasliklari` AS `h0` ON `h`.`HareketBaslikId` = `h0`.`Id`
WHERE NOT (`h0`.`IsIptal`) AND (`h0`.`HedefDepoId` IS NOT NULL)
GROUP BY `h`.`MalzemeId`, `h0`.`HedefDepoId`
2026-08-28 16:47:34.145 +03:00 [INF] Executing endpoint 'DepoStok.API.Controllers.HareketlerController.GetStokDurum (DepoStok.API)'
2026-08-28 16:47:34.147 +03:00 [INF] Executing OkObjectResult, writing value of type 'System.Linq.Enumerable+SelectListIterator`2[[DepoStok.Domain.Depo, DepoStok.Domain, Version=1.0.0.0, Culture=neutral, PublicKeyToken=null],[DepoStok.Application.DepoDto, DepoStok.Application, Version=1.0.0.0, Culture=neutral, PublicKeyToken=null]]'.
2026-08-28 16:47:34.149 +03:00 [INF] Executing OkObjectResult, writing value of type 'System.Linq.Enumerable+SelectListIterator`2[[DepoStok.Domain.MalzemeGrubu, DepoStok.Domain, Version=1.0.0.0, Culture=neutral, PublicKeyToken=null],[DepoStok.Application.MalzemeGrubuDto, DepoStok.Application, Version=1.0.0.0, Culture=neutral, PublicKeyToken=null]]'.
2026-08-28 16:47:34.151 +03:00 [INF] Executed endpoint 'DepoStok.API.Controllers.HareketlerController.GetHareketler (DepoStok.API)'
2026-08-28 16:47:34.153 +03:00 [INF] Executed DbCommand (1ms) [Parameters=[], CommandType='"Text"', CommandTimeout='30']
SELECT `m`.`Id`, `m`.`Aciklama`, `m`.`Ad`, `m`.`Birim`, `m`.`IsActive`, `m`.`Kod`, `m`.`KritikStokSeviyesi`, `m`.`MalzemeGrubuId`, `m`.`MarkaModel`, `m`.`MaxStokSeviyesi`, `m`.`TeknikOzellik`, `m0`.`Id`, `m0`.`Ad`, `m0`.`Kod`, `m0`.`ParentId`
FROM `Malzemeler` AS `m`
INNER JOIN `MalzemeGruplari` AS `m0` ON `m`.`MalzemeGrubuId` = `m0`.`Id`
WHERE `m`.`IsActive`
2026-08-28 16:47:34.155 +03:00 [INF] Route matched with {action = "GetStokDurum", controller = "Hareketler"}. Executing controller action with signature System.Threading.Tasks.Task`1[Microsoft.AspNetCore.Mvc.ActionResult`1[DepoStok.Application.PagedResult`1[DepoStok.Application.StokDurumDto]]] GetStokDurum(System.Nullable`1[System.Int32], System.Nullable`1[System.Int32], System.String, System.Nullable`1[System.Boolean], Int32, Int32) on controller DepoStok.API.Controllers.HareketlerController (DepoStok.API).
2026-08-28 16:47:34.157 +03:00 [INF] Executed action DepoStok.API.Controllers.DepolarController.GetDepolar (DepoStok.API) in 31.5542ms
2026-08-28 16:47:34.157 +03:00 [INF] Executed DbCommand (2ms) [Parameters=[], CommandType='"Text"', CommandTimeout='30']
SELECT `h`.`MalzemeId`, `h0`.`KaynakDepoId` AS `DepoId`, COALESCE(SUM(`h`.`Miktar`), 0.0) AS `Toplam`
FROM `HareketKalemleri` AS `h`
INNER JOIN `HareketBasliklari` AS `h0` ON `h`.`HareketBaslikId` = `h0`.`Id`
WHERE NOT (`h0`.`IsIptal`) AND (`h0`.`KaynakDepoId` IS NOT NULL)
GROUP BY `h`.`MalzemeId`, `h0`.`KaynakDepoId`
2026-08-28 16:47:34.158 +03:00 [INF] Executed action DepoStok.API.Controllers.MalzemelerController.GetGruplar (DepoStok.API) in 31.1171ms
2026-08-28 16:47:34.160 +03:00 [INF] HTTP GET /api/hareketler responded 200 in 105.1925 ms
2026-08-28 16:47:34.165 +03:00 [INF] Executed DbCommand (1ms) [Parameters=[], CommandType='"Text"', CommandTimeout='30']
SELECT `d`.`Id`, `d`.`Ad`, `d`.`Bolge`, `d`.`IsActive`, `d`.`Kod`, `d`.`Sorumlu`
FROM `Depolar` AS `d`
WHERE `d`.`IsActive`
2026-08-28 16:47:34.166 +03:00 [INF] Executed endpoint 'DepoStok.API.Controllers.DepolarController.GetDepolar (DepoStok.API)'
2026-08-28 16:47:34.170 +03:00 [INF] Executing OkObjectResult, writing value of type 'DepoStok.Application.PagedResult`1[[DepoStok.Application.StokDurumDto, DepoStok.Application, Version=1.0.0.0, Culture=neutral, PublicKeyToken=null]]'.
2026-08-28 16:47:34.171 +03:00 [INF] Executed endpoint 'DepoStok.API.Controllers.MalzemelerController.GetGruplar (DepoStok.API)'
2026-08-28 16:47:34.174 +03:00 [INF] Request finished HTTP/1.1 GET http://localhost:5078/api/hareketler?pageSize=5 - 200 null application/json; charset=utf-8 133.2664ms
2026-08-28 16:47:34.177 +03:00 [INF] HTTP GET /api/depolar responded 200 in 82.4069 ms
2026-08-28 16:47:34.178 +03:00 [INF] Executed DbCommand (1ms) [Parameters=[], CommandType='"Text"', CommandTimeout='30']
SELECT `m`.`Id`, `m`.`Aciklama`, `m`.`Ad`, `m`.`Birim`, `m`.`IsActive`, `m`.`Kod`, `m`.`KritikStokSeviyesi`, `m`.`MalzemeGrubuId`, `m`.`MarkaModel`, `m`.`MaxStokSeviyesi`, `m`.`TeknikOzellik`, `m0`.`Id`, `m0`.`Ad`, `m0`.`Kod`, `m0`.`ParentId`
FROM `Malzemeler` AS `m`
INNER JOIN `MalzemeGruplari` AS `m0` ON `m`.`MalzemeGrubuId` = `m0`.`Id`
WHERE `m`.`IsActive`
2026-08-28 16:47:34.179 +03:00 [INF] Executed DbCommand (2ms) [Parameters=[], CommandType='"Text"', CommandTimeout='30']
SELECT `h`.`MalzemeId`, `h0`.`HedefDepoId` AS `DepoId`, COALESCE(SUM(`h`.`Miktar`), 0.0) AS `Toplam`
FROM `HareketKalemleri` AS `h`
INNER JOIN `HareketBasliklari` AS `h0` ON `h`.`HareketBaslikId` = `h0`.`Id`
WHERE NOT (`h0`.`IsIptal`) AND (`h0`.`HedefDepoId` IS NOT NULL)
GROUP BY `h`.`MalzemeId`, `h0`.`HedefDepoId`
2026-08-28 16:47:34.179 +03:00 [INF] Executed action DepoStok.API.Controllers.HareketlerController.GetStokDurum (DepoStok.API) in 75.7393ms
2026-08-28 16:47:34.180 +03:00 [INF] HTTP GET /api/malzemeler/gruplar responded 200 in 80.5429 ms
2026-08-28 16:47:34.184 +03:00 [INF] Request starting HTTP/1.1 GET http://localhost:5078/api/malzemeler?pageSize=200 - null null
2026-08-28 16:47:34.186 +03:00 [INF] Request finished HTTP/1.1 GET http://localhost:5078/api/depolar - 200 null application/json; charset=utf-8 107.325ms
2026-08-28 16:47:34.192 +03:00 [INF] Executed DbCommand (1ms) [Parameters=[], CommandType='"Text"', CommandTimeout='30']
SELECT `d`.`Id`, `d`.`Ad`, `d`.`Bolge`, `d`.`IsActive`, `d`.`Kod`, `d`.`Sorumlu`
FROM `Depolar` AS `d`
WHERE `d`.`IsActive`
2026-08-28 16:47:34.194 +03:00 [INF] Executed endpoint 'DepoStok.API.Controllers.HareketlerController.GetStokDurum (DepoStok.API)'
2026-08-28 16:47:34.195 +03:00 [INF] Executed DbCommand (2ms) [Parameters=[], CommandType='"Text"', CommandTimeout='30']
SELECT `h`.`MalzemeId`, `h0`.`KaynakDepoId` AS `DepoId`, COALESCE(SUM(`h`.`Miktar`), 0.0) AS `Toplam`
FROM `HareketKalemleri` AS `h`
INNER JOIN `HareketBasliklari` AS `h0` ON `h`.`HareketBaslikId` = `h0`.`Id`
WHERE NOT (`h0`.`IsIptal`) AND (`h0`.`KaynakDepoId` IS NOT NULL)
GROUP BY `h`.`MalzemeId`, `h0`.`KaynakDepoId`
2026-08-28 16:47:34.196 +03:00 [INF] Request finished HTTP/1.1 GET http://localhost:5078/api/malzemeler/gruplar - 200 null application/json; charset=utf-8 111.5811ms
2026-08-28 16:47:34.199 +03:00 [INF] CORS policy execution successful.
2026-08-28 16:47:34.206 +03:00 [INF] Request starting HTTP/1.1 GET http://localhost:5078/api/hareketler/stok-durum?kritik=true&pageSize=1 - null null
2026-08-28 16:47:34.209 +03:00 [INF] HTTP GET /api/hareketler/stok-durum responded 200 in 147.0256 ms
2026-08-28 16:47:34.210 +03:00 [INF] Executed DbCommand (2ms) [Parameters=[], CommandType='"Text"', CommandTimeout='30']
SELECT `h`.`MalzemeId`, `h0`.`HedefDepoId` AS `DepoId`, COALESCE(SUM(`h`.`Miktar`), 0.0) AS `Toplam`
FROM `HareketKalemleri` AS `h`
INNER JOIN `HareketBasliklari` AS `h0` ON `h`.`HareketBaslikId` = `h0`.`Id`
WHERE NOT (`h0`.`IsIptal`) AND (`h0`.`HedefDepoId` IS NOT NULL)
GROUP BY `h`.`MalzemeId`, `h0`.`HedefDepoId`
2026-08-28 16:47:34.212 +03:00 [INF] Executing OkObjectResult, writing value of type 'DepoStok.Application.PagedResult`1[[DepoStok.Application.StokDurumDto, DepoStok.Application, Version=1.0.0.0, Culture=neutral, PublicKeyToken=null]]'.
2026-08-28 16:47:34.215 +03:00 [INF] Request starting HTTP/1.1 GET http://localhost:5078/api/hareketler?pageSize=5 - null null
2026-08-28 16:47:34.217 +03:00 [INF] Executing endpoint 'DepoStok.API.Controllers.MalzemelerController.GetMalzemeler (DepoStok.API)'
2026-08-28 16:47:34.220 +03:00 [INF] CORS policy execution successful.
2026-08-28 16:47:34.223 +03:00 [INF] Request finished HTTP/1.1 GET http://localhost:5078/api/hareketler/stok-durum?kritik=true&pageSize=5 - 200 null application/json; charset=utf-8 174.9242ms
2026-08-28 16:47:34.228 +03:00 [INF] Executed action DepoStok.API.Controllers.HareketlerController.GetStokDurum (DepoStok.API) in 87.8564ms
2026-08-28 16:47:34.230 +03:00 [INF] Executed DbCommand (2ms) [Parameters=[], CommandType='"Text"', CommandTimeout='30']
SELECT `h`.`MalzemeId`, `h0`.`KaynakDepoId` AS `DepoId`, COALESCE(SUM(`h`.`Miktar`), 0.0) AS `Toplam`
FROM `HareketKalemleri` AS `h`
INNER JOIN `HareketBasliklari` AS `h0` ON `h`.`HareketBaslikId` = `h0`.`Id`
WHERE NOT (`h0`.`IsIptal`) AND (`h0`.`KaynakDepoId` IS NOT NULL)
GROUP BY `h`.`MalzemeId`, `h0`.`KaynakDepoId`
2026-08-28 16:47:34.231 +03:00 [INF] CORS policy execution successful.
2026-08-28 16:47:34.232 +03:00 [INF] Route matched with {action = "GetMalzemeler", controller = "Malzemeler"}. Executing controller action with signature System.Threading.Tasks.Task`1[Microsoft.AspNetCore.Mvc.ActionResult`1[DepoStok.Application.PagedResult`1[DepoStok.Application.MalzemeDto]]] GetMalzemeler(System.Nullable`1[System.Int32], System.String, Int32, Int32) on controller DepoStok.API.Controllers.MalzemelerController (DepoStok.API).
2026-08-28 16:47:34.234 +03:00 [INF] Executing endpoint 'DepoStok.API.Controllers.HareketlerController.GetStokDurum (DepoStok.API)'
2026-08-28 16:47:34.240 +03:00 [INF] Executed endpoint 'DepoStok.API.Controllers.HareketlerController.GetStokDurum (DepoStok.API)'
2026-08-28 16:47:34.243 +03:00 [INF] Executing OkObjectResult, writing value of type 'DepoStok.Application.PagedResult`1[[DepoStok.Application.StokDurumDto, DepoStok.Application, Version=1.0.0.0, Culture=neutral, PublicKeyToken=null]]'.
2026-08-28 16:47:34.243 +03:00 [INF] Executing endpoint 'DepoStok.API.Controllers.HareketlerController.GetHareketler (DepoStok.API)'
2026-08-28 16:47:34.246 +03:00 [INF] Route matched with {action = "GetStokDurum", controller = "Hareketler"}. Executing controller action with signature System.Threading.Tasks.Task`1[Microsoft.AspNetCore.Mvc.ActionResult`1[DepoStok.Application.PagedResult`1[DepoStok.Application.StokDurumDto]]] GetStokDurum(System.Nullable`1[System.Int32], System.Nullable`1[System.Int32], System.String, System.Nullable`1[System.Boolean], Int32, Int32) on controller DepoStok.API.Controllers.HareketlerController (DepoStok.API).
2026-08-28 16:47:34.248 +03:00 [INF] HTTP GET /api/hareketler/stok-durum responded 200 in 141.1922 ms
2026-08-28 16:47:34.250 +03:00 [INF] Executed action DepoStok.API.Controllers.HareketlerController.GetStokDurum (DepoStok.API) in 84.7202ms
2026-08-28 16:47:34.257 +03:00 [INF] Executed endpoint 'DepoStok.API.Controllers.HareketlerController.GetStokDurum (DepoStok.API)'
2026-08-28 16:47:34.256 +03:00 [INF] Request finished HTTP/1.1 GET http://localhost:5078/api/hareketler/stok-durum?page=1&pageSize=10 - 200 null application/json; charset=utf-8 164.1543ms
2026-08-28 16:47:34.251 +03:00 [INF] Route matched with {action = "GetHareketler", controller = "Hareketler"}. Executing controller action with signature System.Threading.Tasks.Task`1[Microsoft.AspNetCore.Mvc.ActionResult`1[DepoStok.Application.PagedResult`1[DepoStok.Application.HareketBaslikDto]]] GetHareketler(System.Nullable`1[DepoStok.Domain.HareketTipiEnum], System.Nullable`1[System.Int32], System.Nullable`1[System.Int32], System.Nullable`1[System.DateTime], System.Nullable`1[System.DateTime], Int32, Int32) on controller DepoStok.API.Controllers.HareketlerController (DepoStok.API).
2026-08-28 16:47:34.259 +03:00 [INF] HTTP GET /api/hareketler/stok-durum responded 200 in 121.1518 ms
2026-08-28 16:47:34.269 +03:00 [INF] Executed DbCommand (1ms) [Parameters=[], CommandType='"Text"', CommandTimeout='30']
SELECT COUNT(*)
FROM `Malzemeler` AS `m`
2026-08-28 16:47:34.271 +03:00 [INF] Executed DbCommand (2ms) [Parameters=[], CommandType='"Text"', CommandTimeout='30']
SELECT `m`.`Id`, `m`.`Aciklama`, `m`.`Ad`, `m`.`Birim`, `m`.`IsActive`, `m`.`Kod`, `m`.`KritikStokSeviyesi`, `m`.`MalzemeGrubuId`, `m`.`MarkaModel`, `m`.`MaxStokSeviyesi`, `m`.`TeknikOzellik`, `m0`.`Id`, `m0`.`Ad`, `m0`.`Kod`, `m0`.`ParentId`
FROM `Malzemeler` AS `m`
INNER JOIN `MalzemeGruplari` AS `m0` ON `m`.`MalzemeGrubuId` = `m0`.`Id`
WHERE `m`.`IsActive`
2026-08-28 16:47:34.278 +03:00 [INF] Executed DbCommand (2ms) [Parameters=[@__p_1='?' (DbType = Int32), @__p_0='?' (DbType = Int32)], CommandType='"Text"', CommandTimeout='30']
SELECT `m1`.`Id`, `m1`.`Aciklama`, `m1`.`Ad`, `m1`.`Birim`, `m1`.`IsActive`, `m1`.`Kod`, `m1`.`KritikStokSeviyesi`, `m1`.`MalzemeGrubuId`, `m1`.`MarkaModel`, `m1`.`MaxStokSeviyesi`, `m1`.`TeknikOzellik`, `m0`.`Id`, `m0`.`Ad`, `m0`.`Kod`, `m0`.`ParentId`
FROM (
    SELECT `m`.`Id`, `m`.`Aciklama`, `m`.`Ad`, `m`.`Birim`, `m`.`IsActive`, `m`.`Kod`, `m`.`KritikStokSeviyesi`, `m`.`MalzemeGrubuId`, `m`.`MarkaModel`, `m`.`MaxStokSeviyesi`, `m`.`TeknikOzellik`
    FROM `Malzemeler` AS `m`
    ORDER BY `m`.`Kod`
    LIMIT @__p_1 OFFSET @__p_0
) AS `m1`
INNER JOIN `MalzemeGruplari` AS `m0` ON `m1`.`MalzemeGrubuId` = `m0`.`Id`
ORDER BY `m1`.`Kod`
2026-08-28 16:47:34.273 +03:00 [INF] Request finished HTTP/1.1 GET http://localhost:5078/api/hareketler/stok-durum?pageSize=5000 - 200 null application/json; charset=utf-8 151.131ms
2026-08-28 16:47:34.280 +03:00 [INF] Executed DbCommand (1ms) [Parameters=[], CommandType='"Text"', CommandTimeout='30']
SELECT `d`.`Id`, `d`.`Ad`, `d`.`Bolge`, `d`.`IsActive`, `d`.`Kod`, `d`.`Sorumlu`
FROM `Depolar` AS `d`
WHERE `d`.`IsActive`
2026-08-28 16:47:34.280 +03:00 [INF] Executed DbCommand (0ms) [Parameters=[], CommandType='"Text"', CommandTimeout='30']
SELECT COUNT(*)
FROM `HareketBasliklari` AS `h`
2026-08-28 16:47:34.284 +03:00 [INF] Executing OkObjectResult, writing value of type 'DepoStok.Application.PagedResult`1[[DepoStok.Application.MalzemeDto, DepoStok.Application, Version=1.0.0.0, Culture=neutral, PublicKeyToken=null]]'.
2026-08-28 16:47:34.293 +03:00 [INF] Executed DbCommand (3ms) [Parameters=[], CommandType='"Text"', CommandTimeout='30']
SELECT `h`.`MalzemeId`, `h0`.`HedefDepoId` AS `DepoId`, COALESCE(SUM(`h`.`Miktar`), 0.0) AS `Toplam`
FROM `HareketKalemleri` AS `h`
INNER JOIN `HareketBasliklari` AS `h0` ON `h`.`HareketBaslikId` = `h0`.`Id`
WHERE NOT (`h0`.`IsIptal`) AND (`h0`.`HedefDepoId` IS NOT NULL)
GROUP BY `h`.`MalzemeId`, `h0`.`HedefDepoId`
2026-08-28 16:47:34.294 +03:00 [INF] Executed action DepoStok.API.Controllers.MalzemelerController.GetMalzemeler (DepoStok.API) in 48.9653ms
2026-08-28 16:47:34.296 +03:00 [INF] Executed DbCommand (2ms) [Parameters=[@__p_1='?' (DbType = Int32), @__p_0='?' (DbType = Int32)], CommandType='"Text"', CommandTimeout='30']
SELECT `h0`.`Id`, `h0`.`Aciklama`, `h0`.`CreatedAt`, `h0`.`FisNo`, `h0`.`HareketTipi`, `h0`.`HedefDepoId`, `h0`.`IptalNedeni`, `h0`.`IptalTarihi`, `h0`.`IsIptal`, `h0`.`KaynakDepoId`, `h0`.`OlusturanKullaniciId`, `h0`.`Tarih`, `d`.`Id`, `d`.`Ad`, `d`.`Bolge`, `d`.`IsActive`, `d`.`Kod`, `d`.`Sorumlu`, `d0`.`Id`, `d0`.`Ad`, `d0`.`Bolge`, `d0`.`IsActive`, `d0`.`Kod`, `d0`.`Sorumlu`, `u`.`Id`, `u`.`AdSoyad`, `u`.`CreatedAt`, `u`.`Email`, `u`.`IsActive`, `u`.`KullaniciAdi`, `u`.`ParolaHash`, `u`.`RoleId`, `s`.`Id`, `s`.`BirimFiyat`, `s`.`HareketBaslikId`, `s`.`Huycre`, `s`.`MalzemeDurumu`, `s`.`MalzemeId`, `s`.`Miktar`, `s`.`Raf`, `s`.`SatirAciklamasi`, `s`.`Id0`, `s`.`Aciklama`, `s`.`Ad`, `s`.`Birim`, `s`.`IsActive`, `s`.`Kod`, `s`.`KritikStokSeviyesi`, `s`.`MalzemeGrubuId`, `s`.`MarkaModel`, `s`.`MaxStokSeviyesi`, `s`.`TeknikOzellik`
FROM (
    SELECT `h`.`Id`, `h`.`Aciklama`, `h`.`CreatedAt`, `h`.`FisNo`, `h`.`HareketTipi`, `h`.`HedefDepoId`, `h`.`IptalNedeni`, `h`.`IptalTarihi`, `h`.`IsIptal`, `h`.`KaynakDepoId`, `h`.`OlusturanKullaniciId`, `h`.`Tarih`
    FROM `HareketBasliklari` AS `h`
    ORDER BY `h`.`Tarih` DESC, `h`.`Id` DESC
    LIMIT @__p_1 OFFSET @__p_0
) AS `h0`
LEFT JOIN `Depolar` AS `d` ON `h0`.`KaynakDepoId` = `d`.`Id`
LEFT JOIN `Depolar` AS `d0` ON `h0`.`HedefDepoId` = `d0`.`Id`
INNER JOIN `Users` AS `u` ON `h0`.`OlusturanKullaniciId` = `u`.`Id`
LEFT JOIN (
    SELECT `h1`.`Id`, `h1`.`BirimFiyat`, `h1`.`HareketBaslikId`, `h1`.`Huycre`, `h1`.`MalzemeDurumu`, `h1`.`MalzemeId`, `h1`.`Miktar`, `h1`.`Raf`, `h1`.`SatirAciklamasi`, `m`.`Id` AS `Id0`, `m`.`Aciklama`, `m`.`Ad`, `m`.`Birim`, `m`.`IsActive`, `m`.`Kod`, `m`.`KritikStokSeviyesi`, `m`.`MalzemeGrubuId`, `m`.`MarkaModel`, `m`.`MaxStokSeviyesi`, `m`.`TeknikOzellik`
    FROM `HareketKalemleri` AS `h1`
    INNER JOIN `Malzemeler` AS `m` ON `h1`.`MalzemeId` = `m`.`Id`
) AS `s` ON `h0`.`Id` = `s`.`HareketBaslikId`
ORDER BY `h0`.`Tarih` DESC, `h0`.`Id` DESC, `d`.`Id`, `d0`.`Id`, `u`.`Id`, `s`.`Id`
2026-08-28 16:47:34.299 +03:00 [INF] Executed endpoint 'DepoStok.API.Controllers.MalzemelerController.GetMalzemeler (DepoStok.API)'
2026-08-28 16:47:34.300 +03:00 [INF] Executed DbCommand (2ms) [Parameters=[], CommandType='"Text"', CommandTimeout='30']
SELECT `h`.`MalzemeId`, `h0`.`KaynakDepoId` AS `DepoId`, COALESCE(SUM(`h`.`Miktar`), 0.0) AS `Toplam`
FROM `HareketKalemleri` AS `h`
INNER JOIN `HareketBasliklari` AS `h0` ON `h`.`HareketBaslikId` = `h0`.`Id`
WHERE NOT (`h0`.`IsIptal`) AND (`h0`.`KaynakDepoId` IS NOT NULL)
GROUP BY `h`.`MalzemeId`, `h0`.`KaynakDepoId`
2026-08-28 16:47:34.302 +03:00 [INF] Executing OkObjectResult, writing value of type 'DepoStok.Application.PagedResult`1[[DepoStok.Application.HareketBaslikDto, DepoStok.Application, Version=1.0.0.0, Culture=neutral, PublicKeyToken=null]]'.
2026-08-28 16:47:34.303 +03:00 [INF] HTTP GET /api/malzemeler responded 200 in 103.5679 ms
2026-08-28 16:47:34.305 +03:00 [INF] Executing OkObjectResult, writing value of type 'DepoStok.Application.PagedResult`1[[DepoStok.Application.StokDurumDto, DepoStok.Application, Version=1.0.0.0, Culture=neutral, PublicKeyToken=null]]'.
2026-08-28 16:47:34.307 +03:00 [INF] Executed action DepoStok.API.Controllers.HareketlerController.GetHareketler (DepoStok.API) in 40.4976ms
2026-08-28 16:47:34.309 +03:00 [INF] Request finished HTTP/1.1 GET http://localhost:5078/api/malzemeler?pageSize=200 - 200 null application/json; charset=utf-8 125.4373ms
2026-08-28 16:47:34.311 +03:00 [INF] Executed action DepoStok.API.Controllers.HareketlerController.GetStokDurum (DepoStok.API) in 57.6499ms
2026-08-28 16:47:34.313 +03:00 [INF] Executed endpoint 'DepoStok.API.Controllers.HareketlerController.GetHareketler (DepoStok.API)'
2026-08-28 16:47:34.318 +03:00 [INF] Executed endpoint 'DepoStok.API.Controllers.HareketlerController.GetStokDurum (DepoStok.API)'
2026-08-28 16:47:34.319 +03:00 [INF] HTTP GET /api/hareketler responded 200 in 88.2749 ms
2026-08-28 16:47:34.321 +03:00 [INF] HTTP GET /api/hareketler/stok-durum responded 200 in 100.8759 ms
2026-08-28 16:47:34.323 +03:00 [INF] Request finished HTTP/1.1 GET http://localhost:5078/api/hareketler?pageSize=5 - 200 null application/json; charset=utf-8 108.0862ms
2026-08-28 16:47:34.326 +03:00 [INF] Request finished HTTP/1.1 GET http://localhost:5078/api/hareketler/stok-durum?kritik=true&pageSize=1 - 200 null application/json; charset=utf-8 120.0722ms
